임대종류,광역시도,시군구,도로명주소,단지명,세대수,주택유형,임대사업자,준공일자,건물형태,난방방식,승강기설치여부,주차수,형명,공급면적(전용),공급면적(공용),임대보증금,월임대료,전환보증금
행복주택,서울특별시,종로구,서울특별시 종로구 송월길 130,경희궁자이(돈의문1)_서울리츠2호,188,아파트,SH공사,2017-06-30,복도식,개별난방,전체동 설치,397,39A,39.0561,19.6373,171300000,600000,0
행복주택,서울특별시,종로구,서울특별시 종로구 지봉로 37-29,제이타워오피스텔(창신동255-1),17,다세대주택,SH공사,2021-05-28,복도식,개별난방,전체동 설치,79,13D,13.86,7.45,0,0,0
행복주택,서울특별시,종로구,서울특별시 종로구 지봉로 37-29,제이타워오피스텔(창신동255-1),17,다세대주택,SH공사,2021-05-28,복도식,개별난방,전체동 설치,79,13E,13.44,7.23,0,0,0
행복주택,서울특별시,종로구,서울특별시 종로구 지봉로 37-29,제이타워오피스텔(창신동255-1),17,다세대주택,SH공사,2021-05-28,복도식,개별난방,전체동 설치,79,14A,14.19,7.64,0,0,0
행복주택,서울특별시,종로구,서울특별시 종로구 지봉로 37-29,제이타워오피스텔(창신동255-1),17,다세대주택,SH공사,2021-05-28,복도식,개별난방,전체동 설치,79,14F,14.7,7.91,0,0,0
행복주택,서울특별시,종로구,서울특별시 종로구 지봉로 37-29,제이타워오피스텔(창신동255-1),17,다세대주택,SH공사,2021-05-28,복도식,개별난방,전체동 설치,79,15G,15.64,8.41,0,0,0
행복주택,서울특별시,종로구,서울특별시 종로구 지봉로 37-29,제이타워오피스텔(창신동255-1),17,다세대주택,SH공사,2021-05-28,복도식,개별난방,전체동 설치,79,15H,16.56,8.91,0,0,0
행복주택,서울특별시,종로구,서울특별시 종로구 지봉로 37-29,제이타워오피스텔(창신동255-1),17,다세대주택,SH공사,2021-05-28,복도식,개별난방,전체동 설치,79,15I,15.51,8.35,0,0,0
행복주택,서울특별시,종로구,서울특별시 종로구 지봉로 37-29,제이타워오피스텔(창신동255-1),17,다세대주택,SH공사,2021-05-28,복도식,개별난방,전체동 설치,79,19,19.61,10.55,0,0,0
행복주택,서울특별시,중구,서울특별시 중구 만리재로 175,서울역 센트럴자이(만리2)_서울리츠2호,36,아파트,SH공사,2017-08-07,계단식,개별난방,전체동 설치,36,39A,39.954,21.727,159980000,600000,0
행복주택,서울특별시,용산구,서울특별시 용산구 백범로 313,용산롯데캐슬센터포레(효창5)_서울리츠2호,25,아파트,SH공사,2019-04-29,계단식,개별난방,전체동 설치,534,38,38.17,18.15,148320000,533000,0
행복주택,서울특별시,용산구,서울특별시 용산구 서빙고로 17,용산센트럴파크 헤링턴스퀘어(국제4)_서울리츠2호,97,아파트,SH공사,2020-08-20,복도식,지역난방,전체동 설치,194,40A,40.9,22.19,216540000,758000,0
행복주택,서울특별시,용산구,서울특별시 용산구 서빙고로 17,용산센트럴파크 헤링턴스퀘어(국제4)_서울리츠2호,97,아파트,SH공사,2020-08-20,복도식,지역난방,전체동 설치,194,40B,40.32,23.68,204510000,716000,0
행복주택,서울특별시,용산구,서울특별시 용산구 서빙고로 17,용산센트럴파크 헤링턴스퀘어(국제4)_서울리츠2호,97,아파트,SH공사,2020-08-20,복도식,지역난방,전체동 설치,194,40C,40.29,22.81,216540000,758000,0
행복주택,서울특별시,용산구,서울특별시 용산구 서빙고로 17,용산센트럴파크 헤링턴스퀘어(국제4)_서울리츠2호,97,아파트,SH공사,2020-08-20,복도식,지역난방,전체동 설치,194,40D,40.67,22.31,216540000,758000,0
행복주택,서울특별시,용산구,서울특별시 용산구 서빙고로 17,용산센트럴파크 헤링턴스퀘어(국제4)_서울리츠2호,97,아파트,SH공사,2020-08-20,복도식,지역난방,전체동 설치,194,40E,40.48,22.48,216540000,758000,0
행복주택,서울특별시,용산구,서울특별시 용산구 서빙고로 17,용산센트럴파크 헤링턴스퀘어(국제4)_서울리츠2호,97,아파트,SH공사,2020-08-20,복도식,지역난방,전체동 설치,194,40F1,40.35,23.19,216540000,758000,0
행복주택,서울특별시,용산구,서울특별시 용산구 서빙고로 17,용산센트럴파크 헤링턴스퀘어(국제4)_서울리츠2호,97,아파트,SH공사,2020-08-20,복도식,지역난방,전체동 설치,194,40F2,40.35,23.53,121400000,415000,0
행복주택,서울특별시,용산구,서울특별시 용산구 서빙고로 17,용산센트럴파크 헤링턴스퀘어(국제4)_서울리츠2호,97,아파트,SH공사,2020-08-20,복도식,지역난방,전체동 설치,194,40G,40.37,22.64,240600000,842000,0
행복주택,서울특별시,용산구,서울특별시 용산구 효창원로 227,효창파크뷰데시앙(효창6)_서울리츠2호,15,아파트,SH공사,2022-03-28,복도식,개별난방,전체동 설치,384,39,39.44,18.83,109440000,410000,0
행복주택,서울특별시,용산구,서울특별시 용산구 효창원로 227,효창파크뷰데시앙(효창6)_서울리츠2호,15,아파트,SH공사,2022-03-28,복도식,개별난방,전체동 설치,384,45,45.64,21.73,140800000,528000,0
행복주택,서울특별시,성동구,서울특별시 성동구 고산자로2길 65,서울숲리버뷰자이(행당6)_서울리츠2호,33,아파트,SH공사,2018-06-22,복도식,개별난방,전체동 설치,1336,36,36.06,16.46,148320000,557000,0
행복주택,서울특별시,성동구,서울특별시 성동구 금호로 110,금호파크힐스이편한세상(금호15)_서울리츠2호,72,아파트,SH공사,2018-02-27,복도식,개별가스난방,전체동 설치,72,30,30.32,14.63,120240000,451000,0
행복주택,서울특별시,성동구,서울특별시 성동구 금호로 110,금호파크힐스이편한세상(금호15)_서울리츠2호,72,아파트,SH공사,2018-02-27,복도식,개별가스난방,전체동 설치,72,40,40.38,18.94,184430000,676000,0
행복주택,서울특별시,성동구,서울특별시 성동구 금호로 40,힐스테이트서울숲리버(금호20)_서울리츠2호,40,아파트,SH공사,2018-02-19,복도식,개별난방,전체동 설치,40,38,38.2,18.62,168530000,618000,0
행복주택,서울특별시,성동구,서울특별시 성동구 난계로 100,왕십리자이(하왕1-5)_서울리츠2호,54,아파트,SH공사,2017-02-28,복도식,개별난방,전체동 설치,54,38.19,38.19,19.54,148500000,544000,0
행복주택,서울특별시,성동구,서울특별시 성동구 난계로 100,왕십리자이(하왕1-5)_서울리츠2호,54,아파트,SH공사,2017-02-28,복도식,개별난방,전체동 설치,54,44.41,44.41,22.72,169550000,622000,0
행복주택,서울특별시,광진구,서울특별시 광진구 광나루로20길 34,위너스힐(화양동 111-89),11,다세대주택,SH공사,2021-12-16,복도식,개별난방,전체동 설치,41,23H,23.67,2.517,57120000,195000,0
행복주택,서울특별시,광진구,서울특별시 광진구 광나루로20길 34,위너스힐(화양동 111-89),11,다세대주택,SH공사,2021-12-16,복도식,개별난방,전체동 설치,41,23I,23.15,2.461,68400000,238000,0
행복주택,서울특별시,광진구,서울특별시 광진구 광나루로20길 34,위너스힐(화양동 111-89),11,다세대주택,SH공사,2021-12-16,복도식,개별난방,전체동 설치,41,24D,24.147,2.567,68400000,238000,0
행복주택,서울특별시,광진구,서울특별시 광진구 광나루로20길 34,위너스힐(화양동 111-89),11,다세대주택,SH공사,2021-12-16,복도식,개별난방,전체동 설치,41,25E,25.585,2.72,66960000,228000,0
행복주택,서울특별시,광진구,서울특별시 광진구 광나루로20길 34,위너스힐(화양동 111-89),11,다세대주택,SH공사,2021-12-16,복도식,개별난방,전체동 설치,41,27G,27.199,2.891,71280000,243000,0
행복주택,서울특별시,광진구,서울특별시 광진구 광나루로20길 34,위너스힐(화양동 111-89),11,다세대주택,SH공사,2021-12-16,복도식,개별난방,전체동 설치,41,28F,28.865,3.07,71280000,243000,0
행복주택,서울특별시,광진구,서울특별시 광진구 광나루로20길 36-3,엘리시아1차(화양동 94-13),10,다세대주택,SH공사,2021-07-13,복도식,개별난방,전체동 설치,40,12,12.05,8.235,35280000,125000,0
행복주택,서울특별시,광진구,서울특별시 광진구 뚝섬로 467,롯데캐슬리버파크시그니처,11,아파트,SH공사,2023-06-30,계단식,개별가스난방,전체동 설치,1142,59A,59.9706,24.8768,188800000,661000,0
행복주택,서울특별시,광진구,서울특별시 광진구 뚝섬로 467,롯데캐슬리버파크시그니처,11,아파트,SH공사,2023-06-30,계단식,개별가스난방,전체동 설치,1142,59B,59.9702,25.5709,179360000,628000,0
행복주택,서울특별시,동대문구,서울특별시 동대문구 답십리로56길 105,답십리파크자이(답십리14)_서울리츠2호,34,아파트,SH공사,2019-01-25,복도식,개별난방,전체동 설치,34,33,33.05,13.94,112760000,413000,0
행복주택,서울특별시,동대문구,서울특별시 동대문구 답십리로56길 105,답십리파크자이(답십리14)_서울리츠2호,34,아파트,SH공사,2019-01-25,복도식,개별난방,전체동 설치,34,45,45.38,18.01,96530000,345900,0
행복주택,서울특별시,동대문구,서울특별시 동대문구 무학로 91,e편한세상 청계센트럴포레(용두5)_서울리츠2호,46,아파트,SH공사,2021-11-24,계단식,개별난방,전체동 설치,1112,39,39.92,17.5735,99000000,354000,0
행복주택,서울특별시,동대문구,서울특별시 동대문구 무학로 91,e편한세상 청계센트럴포레(용두5)_서울리츠2호,46,아파트,SH공사,2021-11-24,계단식,개별난방,전체동 설치,1112,46,46.92,20.96,123170000,441000,0
행복주택,서울특별시,동대문구,서울특별시 동대문구 무학로 91,e편한세상 청계센트럴포레,43,아파트,SH공사,2021-11-24,계단식,개별난방,전체동 설치,1112,59A,59.96,20.7368,192800000,610000,0
행복주택,서울특별시,동대문구,서울특별시 동대문구 무학로 91,e편한세상 청계센트럴포레,43,아파트,SH공사,2021-11-24,계단식,개별난방,전체동 설치,1112,59B,59.96,21.1668,183160000,579000,0
행복주택,서울특별시,동대문구,서울특별시 동대문구 무학로 91,e편한세상 청계센트럴포레,43,아파트,SH공사,2021-11-24,계단식,개별난방,전체동 설치,1112,59C,59.9,21.6907,192800000,610000,0
행복주택,서울특별시,동대문구,서울특별시 동대문구 외대역동로1길 60-3,휘경해모로 프레스티지(휘경1)_서울리츠2호,24,아파트,SH공사,2020-02-27,혼합식,개별난방,전체동 설치,306,39,39.83,24.79,106440000,390000,0
행복주택,서울특별시,동대문구,서울특별시 동대문구 외대역동로1길 60-3,휘경해모로 프레스티지(휘경1)_서울리츠2호,24,아파트,SH공사,2020-02-27,혼합식,개별난방,전체동 설치,306,47,47.12,29.21,108370000,397000,0
행복주택,서울특별시,동대문구,서울특별시 동대문구 장안벚꽃로 317,서울휘경 행복주택,200,아파트,LH서울,2021-04-30,,,,0,14,14.97,10.5259,40400000,154860,18000000
행복주택,서울특별시,동대문구,서울특별시 동대문구 장한로27가길 37,동대문더퍼스트데시앙,23,아파트,SH공사,2019-10-22,계단식,개별난방,전체동 설치,509,59A,59.8,22.36,91200000,418000,0
행복주택,서울특별시,동대문구,서울특별시 동대문구 장한로27가길 37,동대문더퍼스트데시앙,23,아파트,SH공사,2019-10-22,계단식,개별난방,전체동 설치,509,59B,59.87,23.1,91200000,418000,0
행복주택,서울특별시,동대문구,서울특별시 동대문구 장한로27가길 37,동대문더퍼스트데시앙,23,아파트,SH공사,2019-10-22,계단식,개별난방,전체동 설치,509,59C,59.99,22.44,91200000,418000,0
행복주택,서울특별시,동대문구,서울특별시 동대문구 전농로 95,써밋카운티(답십리동 243-6),3,다세대주택,SH공사,2021-08-02,복도식,개별난방,전체동 설치,31,28E,28.451,7.203,72000000,228000,0
행복주택,서울특별시,동대문구,서울특별시 동대문구 전농로 95,써밋카운티(답십리동 243-6),3,다세대주택,SH공사,2021-08-02,복도식,개별난방,전체동 설치,31,29D,29.557,7.483,72000000,228000,0
행복주택,서울특별시,동대문구,서울특별시 동대문구 전농로 95,써밋카운티(답십리동 243-6),3,다세대주택,SH공사,2021-08-02,복도식,개별난방,전체동 설치,31,34F,34.868,8.828,87840000,277000,0
행복주택,서울특별시,동대문구,서울특별시 동대문구 천호대로55길 11,힐스테이트 청계,114,아파트,SH공사,2018-06-29,복도식,개별난방,전체동 설치,903,40,40.6,22.08,98040000,351000,0
행복주택,서울특별시,동대문구,서울특별시 동대문구 천호대로55길 11,힐스테이트 청계,114,아파트,SH공사,2018-06-29,복도식,개별난방,전체동 설치,903,48,48.98,25,121600000,456000,0
행복주택,서울특별시,동대문구,서울특별시 동대문구 한빛로 49,래미안엘리니티(용두6)_서울리츠2호,8,아파트,SH공사,2022-08-30,복도식,개별난방,전체동 설치,36,34,34.47,15.4,99050000,363000,0
행복주택,서울특별시,동대문구,서울특별시 동대문구 휘경로 60,휘경SK뷰(휘경2)_서울리츠2호,9,아파트,SH공사,2019-06-03,혼합식,개별난방,전체동 설치,9,39A,39.16,17.8,130830000,480000,0
행복주택,서울특별시,동대문구,서울특별시 동대문구 휘경로 60,휘경SK뷰(휘경2)_서울리츠2호,9,아파트,SH공사,2019-06-03,혼합식,개별난방,전체동 설치,9,39B,39.6,19.41,130830000,480000,0
행복주택,서울특별시,동대문구,서울특별시 동대문구 휘경로 60,휘경 SK VIEW아파트,16,아파트,SH공사,2019-05-30,계단식,개별난방,전체동 설치,1100,59B,59.65,21.78,119680000,448000,0
행복주택,서울특별시,중랑구,서울특별시 중랑구 동일로91길 23,면목라온프라이빗,60,아파트,SH공사,2020-06-30,계단식,개별난방,전체동 설치,553,50,50.7366,19.1643,98400000,360000,0
행복주택,서울특별시,중랑구,서울특별시 중랑구 동일로91길 23,면목라온프라이빗,60,아파트,SH공사,2020-06-30,계단식,개별난방,전체동 설치,553,59A,59.9803,23.5094,140000000,443000,0
행복주택,서울특별시,중랑구,서울특별시 중랑구 동일로91길 23,면목라온프라이빗,60,아파트,SH공사,2020-06-30,계단식,개별난방,전체동 설치,553,59B,59.9855,24.9898,116000000,426000,0
행복주택,서울특별시,중랑구,서울특별시 중랑구 동일로91길 23,면목라온프라이빗,60,아파트,SH공사,2020-06-30,계단식,개별난방,전체동 설치,553,59C,59.9699,22.7474,116000000,426000,0
행복주택,서울특별시,중랑구,서울특별시 중랑구 동일로91길 23,면목라온프라이빗,60,아파트,SH공사,2020-06-30,계단식,개별난방,전체동 설치,553,59D,59.9841,24.7768,116000000,426000,0
행복주택,서울특별시,중랑구,서울특별시 중랑구 동일로92길 40,사가정센트럴아이파크,163,아파트,SH공사,2020-07-30,계단식,개별난방,전체동 설치,2076,59A,59.78,27.59,143640000,454000,0
행복주택,서울특별시,중랑구,서울특별시 중랑구 동일로92길 40,사가정센트럴아이파크,163,아파트,SH공사,2020-07-30,계단식,개별난방,전체동 설치,2076,59B,59.92,28.48,151200000,478000,0
행복주택,서울특별시,중랑구,서울특별시 중랑구 면목로92가길 15-11,블리스다임빌(상봉동 104-33),5,다세대주택,SH공사,2021-07-20,복도식,개별난방,전체동 설치,17,23C,23.04,5.28,56440000,194000,0
행복주택,서울특별시,중랑구,서울특별시 중랑구 면목로92가길 15-11,블리스다임빌(상봉동 104-33),5,다세대주택,SH공사,2021-07-20,복도식,개별난방,전체동 설치,17,24A,24.78,5.68,56440000,194000,0
행복주택,서울특별시,중랑구,서울특별시 중랑구 면목로92가길 15-11,블리스다임빌(상봉동 104-33),5,다세대주택,SH공사,2021-07-20,복도식,개별난방,전체동 설치,17,27B,27.2,6.24,71280000,243000,0
행복주택,서울특별시,중랑구,서울특별시 중랑구 봉우재로41길 29,상봉태솔(상봉동 105-97),6,아파트,SH공사,2022-06-27,복도식,개별가스난방,전체동 설치,60,59,59.2,0,132800000,475000,0
행복주택,서울특별시,중랑구,서울특별시 중랑구 신내로 208,신내 글로리움,229,아파트,SH공사,2019-07-09,복도식,지역난방,전체동 설치,161,36A,36.36,22.43,76800000,288000,0
행복주택,서울특별시,중랑구,서울특별시 중랑구 신내로 208,신내 글로리움,229,아파트,SH공사,2019-07-09,복도식,지역난방,전체동 설치,161,36AS,36.36,22.43,57000000,261000,0
행복주택,서울특별시,중랑구,서울특별시 중랑구 신내로 208,신내 글로리움,229,아파트,SH공사,2019-07-09,복도식,지역난방,전체동 설치,161,36B,36.3,22,65280000,245000,0
행복주택,서울특별시,중랑구,서울특별시 중랑구 신내로 208,신내 글로리움,229,아파트,SH공사,2019-07-09,복도식,지역난방,전체동 설치,161,44A,44.68,27.07,94400000,354000,0
행복주택,서울특별시,중랑구,서울특별시 중랑구 신내로 208,신내 글로리움,229,아파트,SH공사,2019-07-09,복도식,지역난방,전체동 설치,161,44B,44.76,27.02,70000000,321000,0
행복주택,서울특별시,중랑구,서울특별시 중랑구 신내로 208,신내 글로리움,229,아파트,SH공사,2019-07-09,복도식,지역난방,전체동 설치,161,44BS,44.76,27.02,89680000,284000,0
행복주택,서울특별시,중랑구,서울특별시 중랑구 신내로 208,신내 글로리움,229,아파트,SH공사,2019-07-09,복도식,지역난방,전체동 설치,161,44CS,44.16,26.74,66500000,305000,0
행복주택,서울특별시,중랑구,서울특별시 중랑구 신내역로 160,신내3지구 4단지 도시형생활주택,289,아파트,SH공사,2018-07-23,계단식,개별난방,전체동 설치,132,21A,21.96,11.82,38880000,146000,0
행복주택,서울특별시,중랑구,서울특별시 중랑구 신내역로 160,신내3지구 4단지 도시형생활주택,289,아파트,SH공사,2018-07-23,계단식,개별난방,전체동 설치,132,21A2,21.96,11.82,31920000,117000,0
행복주택,서울특별시,중랑구,서울특별시 중랑구 신내역로 160,신내3지구 4단지 도시형생활주택,289,아파트,SH공사,2018-07-23,계단식,개별난방,전체동 설치,132,21AS,21.96,11.82,38880000,133900,0
행복주택,서울특별시,중랑구,서울특별시 중랑구 신내역로 160,신내3지구 4단지 도시형생활주택,289,아파트,SH공사,2018-07-23,계단식,개별난방,전체동 설치,132,31A,31.85,16.45,56880000,180000,0
행복주택,서울특별시,중랑구,서울특별시 중랑구 신내역로 160,신내3지구 4단지 도시형생활주택,289,아파트,SH공사,2018-07-23,계단식,개별난방,전체동 설치,132,31AS,31.85,16.45,46110000,161000,0
행복주택,서울특별시,중랑구,서울특별시 중랑구 신내역로 160,신내3지구 4단지 도시형생활주택,289,아파트,SH공사,2018-07-23,계단식,개별난방,전체동 설치,132,31AS2,31.85,16.45,57000000,204000,0
행복주택,서울특별시,중랑구,서울특별시 중랑구 신내역로1길 142,신내3-3 도시형생활주택,50,아파트,SH공사,2017-07-21,복도식,개별난방,전체동 설치,26,29A,29.84,25.27,60040000,215000,0
행복주택,서울특별시,중랑구,서울특별시 중랑구 신내역로1길 142,신내3-3 도시형생활주택,50,아파트,SH공사,2017-07-21,복도식,개별난방,전체동 설치,26,29AS,29.71,25.3,60040000,215000,0
행복주택,서울특별시,중랑구,서울특별시 중랑구 신내역로1길 142,신내3-3 도시형생활주택,50,아파트,SH공사,2017-07-21,복도식,개별난방,전체동 설치,26,29B,29.84,25.27,55080000,175000,0
행복주택,서울특별시,중랑구,서울특별시 중랑구 신내역로1길 142,신내3-3 도시형생활주택,50,아파트,SH공사,2017-07-21,복도식,개별난방,전체동 설치,26,29BS,29.71,25.3,58320000,219000,0
행복주택,서울특별시,중랑구,서울특별시 중랑구 신내역로1길 142,신내3-3 도시형생활주택,50,아파트,SH공사,2017-07-21,복도식,개별난방,전체동 설치,26,29C,29.71,25.3,34580000,170000,0
행복주택,서울특별시,중랑구,서울특별시 중랑구 신내역로1길 142,신내3-3 도시형생활주택,50,아파트,SH공사,2017-07-21,복도식,개별난방,전체동 설치,26,29D,29.71,25.3,56880000,204000,0
행복주택,서울특별시,중랑구,서울특별시 중랑구 양원역로 92,서울양원 S1BL 임대주택,924,아파트,LH서울,2021-11-17,,,,0,14,14.96,9.1661,29200000,104630,6000000
행복주택,서울특별시,중랑구,서울특별시 중랑구 양원역로 92,서울양원 S1BL 임대주택,924,아파트,LH서울,2021-11-17,,,,0,26,26.75,16.3899,52000000,186330,22000000
행복주택,서울특별시,중랑구,서울특별시 중랑구 양원역로 92,서울양원 S1BL 임대주택,924,아파트,LH서울,2021-11-17,,,,0,44,44.55,27.2961,86800000,311030,37000000
행복주택,서울특별시,중랑구,서울특별시 중랑구 양원역로10길 47,서울양원 S2BL 행복주택,134,아파트,LH서울,2022-01-01,,,,0,46,46.89,19.9467,90400000,331460,39000000
행복주택,서울특별시,중랑구,서울특별시 중랑구 양원역로10길 47,서울양원 S2BL 행복주택,134,아파트,LH서울,2022-01-01,,,,0,55,55.8,23.737,110000000,403330,48000000
행복주택,서울특별시,중랑구,서울특별시 중랑구 양원역로10길 47,서울양원 S2BL 행복주택,134,아파트,LH서울,2022-01-01,,,,0,55,55.95,23.8008,110000000,403330,48000000
행복주택,서울특별시,성북구,서울특별시 성북구 돌곶이로 220,장위2구역_서울리츠2호,50,아파트,SH공사,2017-10-30,혼합식,개별난방,전체동 설치,593,32.22,32.22,17.33,92800000,340000,0
행복주택,서울특별시,성북구,서울특별시 성북구 돌곶이로 220,장위2구역_서울리츠2호,50,아파트,SH공사,2017-10-30,혼합식,개별난방,전체동 설치,593,40.24,40.24,21.42,126030000,462000,0
행복주택,서울특별시,성북구,서울특별시 성북구 돌곶이로40길 46,꿈의숲아이파크(장위7)_서울리츠2호,137,아파트,SH공사,2020-12-31,계단식,개별난방,전체동 설치,2061,39,39,22.11,111090000,407000,0
행복주택,서울특별시,성북구,서울특별시 성북구 돌곶이로40길 46,꿈의숲아이파크(장위7)_서울리츠2호,137,아파트,SH공사,2020-12-31,계단식,개별난방,전체동 설치,2061,40,40.47,22.94,114040000,418000,0
행복주택,서울특별시,성북구,서울특별시 성북구 돌곶이로40길 46,꿈의숲아이파크(장위7)_서울리츠2호,137,아파트,SH공사,2020-12-31,계단식,개별난방,전체동 설치,2061,40,40.47,22.94,126770000,465000,0
행복주택,서울특별시,성북구,서울특별시 성북구 돌곶이로8길 22,래미안아트리치(석관2)_서울리츠2호,48,아파트,SH공사,2019-02-28,복도식,개별난방,전체동 설치,48,39,39.01,23.69,116920000,429000,0
행복주택,서울특별시,성북구,서울특별시 성북구 동소문로13나길 96,초행지붕-동소문(동소문동7가 2-26),16,다가구주택,SH공사,2020-11-20,계단식,개별난방,미설치,4,15,15.55,7.15,0,0,0
행복주택,서울특별시,성북구,서울특별시 성북구 동소문로13나길 96,초행지붕-동소문(동소문동7가 2-26),16,다가구주택,SH공사,2020-11-20,계단식,개별난방,미설치,4,17A,17.28,7.95,0,0,0
행복주택,서울특별시,성북구,서울특별시 성북구 동소문로13나길 96,초행지붕-동소문(동소문동7가 2-26),16,다가구주택,SH공사,2020-11-20,계단식,개별난방,미설치,4,17B,17.41,8.01,0,0,0
행복주택,서울특별시,성북구,서울특별시 성북구 동소문로13나길 96,초행지붕-동소문(동소문동7가 2-26),16,다가구주택,SH공사,2020-11-20,계단식,개별난방,미설치,4,18A,18,8.28,0,0,0
행복주택,서울특별시,성북구,서울특별시 성북구 동소문로13나길 96,초행지붕-동소문(동소문동7가 2-26),16,다가구주택,SH공사,2020-11-20,계단식,개별난방,미설치,4,18B,18.99,8.74,0,0,0
행복주택,서울특별시,성북구,서울특별시 성북구 동소문로13나길 96,초행지붕-동소문(동소문동7가 2-26),16,다가구주택,SH공사,2020-11-20,계단식,개별난방,미설치,4,29,29.47,13.57,0,0,0
행복주택,서울특별시,성북구,서울특별시 성북구 보문로26길 17,보문리슈빌하우트(보문2)_서울리츠2호,22,아파트,SH공사,2022-04-15,복도식,개별난방,전체동 설치,386,39,39.2,12.44,108950000,390000,0
행복주택,서울특별시,성북구,서울특별시 성북구 보문사길 111,보문파크뷰자이(보문3)_서울리츠2호,75,아파트,SH공사,2017-01-18,복도식,개별난방,전체동 설치,136,29,29.96,14.62,102120000,374000,0
행복주택,서울특별시,성북구,서울특별시 성북구 숭인로 50,래미안길음센터피스(길음2)_서울리츠2호,25,아파트,SH공사,2019-02-28,복도식,개별난방,전체동 설치,25,33A,33.46,13.62,106770000,391000,0
행복주택,서울특별시,성북구,서울특별시 성북구 장월로 160,포레카운티(장위1)_서울리츠2호,64,아파트,SH공사,2019-06-19,복도식,개별난방,전체동 설치,64,39,39.9,14.68,114760000,421000,0
행복주택,서울특별시,성북구,서울특별시 성북구 장월로 160,포레카운티(장위1)_서울리츠2호,64,아파트,SH공사,2019-06-19,복도식,개별난방,전체동 설치,64,42,42.79,15.33,134160000,492000,0
행복주택,서울특별시,성북구,서울특별시 성북구 정릉로10가길 6-31,정릉 하늘마루,166,연립주택,SH공사,2019-12-30,복도식,개별가스난방,전체동 설치,71,19A,19.7,11.33,57800000,188000,0
행복주택,서울특별시,성북구,서울특별시 성북구 정릉로10가길 6-31,정릉 하늘마루,166,연립주택,SH공사,2019-12-30,복도식,개별가스난방,전체동 설치,71,22A,22.26,12.69,69120000,225000,0
행복주택,서울특별시,성북구,서울특별시 성북구 정릉로10가길 6-31,정릉 하늘마루,166,연립주택,SH공사,2019-12-30,복도식,개별가스난방,전체동 설치,71,26A,26.39,14.82,82080000,287000,0
행복주택,서울특별시,성북구,서울특별시 성북구 정릉로10가길 6-31,정릉 하늘마루,166,연립주택,SH공사,2019-12-30,복도식,개별가스난방,전체동 설치,71,26B,26.15,14.83,86640000,303000,0
행복주택,서울특별시,성북구,서울특별시 성북구 정릉로10가길 6-31,정릉 하늘마루,166,연립주택,SH공사,2019-12-30,복도식,개별가스난방,전체동 설치,71,26C,26.15,14.83,82080000,287000,0
행복주택,서울특별시,성북구,서울특별시 성북구 정릉로10가길 6-31,정릉 하늘마루,166,연립주택,SH공사,2019-12-30,복도식,개별가스난방,전체동 설치,71,36A,36.33,19.95,113040000,367000,0
행복주택,서울특별시,성북구,서울특별시 성북구 한천로 713,래미안장위퍼스트하이(장위5)_서울리츠2호,126,아파트,SH공사,2019-09-27,복도식,개별난방,전체동 설치,126,36,36.14,18.72,114560000,420000,0
행복주택,서울특별시,성북구,서울특별시 성북구 한천로 713,래미안장위퍼스트하이(장위5)_서울리츠2호,126,아파트,SH공사,2019-09-27,복도식,개별난방,전체동 설치,126,46,46.35,24.16,144140000,529000,0
행복주택,서울특별시,성북구,서울특별시 성북구 한천로 713,래미안장위퍼스트하이(장위5)_서울리츠2호,126,아파트,SH공사,2019-09-27,복도식,개별난방,전체동 설치,126,46A,46.35,24.16,144080000,528000,0
행복주택,서울특별시,강북구,서울특별시 강북구 도봉로78길 21-6,초행지붕-미아(미아동 159-29),8,다가구주택,SH공사,2020-12-04,계단식,개별난방,미설치,2,16,16.58,4.42,0,0,0
행복주택,서울특별시,강북구,서울특별시 강북구 도봉로78길 21-6,초행지붕-미아(미아동 159-29),8,다가구주택,SH공사,2020-12-04,계단식,개별난방,미설치,2,21,21.27,5.67,0,0,0
행복주택,서울특별시,강북구,서울특별시 강북구 도봉로78길 21-6,초행지붕-미아(미아동 159-29),8,다가구주택,SH공사,2020-12-04,계단식,개별난방,미설치,2,29,29.96,7.99,0,0,0
행복주택,서울특별시,강북구,서울특별시 강북구 솔매로 36,초행지붕-미아-2(미아동 791-1614),10,다가구주택,SH공사,2020-11-17,계단식,개별난방,미설치,3,24,24.26,7.13,0,0,0
행복주택,서울특별시,강북구,서울특별시 강북구 솔매로 36,초행지붕-미아-2(미아동 791-1614),10,다가구주택,SH공사,2020-11-17,계단식,개별난방,미설치,3,26,26.87,7.9,0,0,0
행복주택,서울특별시,강북구,서울특별시 강북구 솔매로 36,초행지붕-미아-2(미아동 791-1614),10,다가구주택,SH공사,2020-11-17,계단식,개별난방,미설치,3,27,27.65,8.13,0,0,0
행복주택,서울특별시,강북구,서울특별시 강북구 솔매로 36,초행지붕-미아-2(미아동 791-1614),10,다가구주택,SH공사,2020-11-17,계단식,개별난방,미설치,3,29,29.98,8.82,0,0,0
행복주택,서울특별시,강북구,서울특별시 강북구 솔매로 36,초행지붕-미아-2(미아동 791-1614),10,다가구주택,SH공사,2020-11-17,계단식,개별난방,미설치,3,33,33.44,9.83,0,0,0
행복주택,서울특별시,강북구,서울특별시 강북구 오현로 208,서울번동3 고령자복지주택(행복주택),168,아파트,LH서울,2023-04-30,,,,0,16,16.99,8.4983,32300000,118430,10000000
행복주택,서울특별시,강북구,서울특별시 강북구 오현로 208,서울번동3 고령자복지주택(행복주택),168,아파트,LH서울,2023-04-30,,,,0,21,21.99,10.6253,44280000,162360,16000000
행복주택,서울특별시,강북구,서울특별시 강북구 오현로 208,서울번동3 고령자복지주택(행복주택),168,아파트,LH서울,2023-04-30,,,,0,44,44.68,19.8194,99600000,365200,37000000
행복주택,서울특별시,강북구,서울특별시 강북구 오현로 45,꿈의숲 효성해링턴플레이스,88,아파트,SH공사,2019-09-30,복도식,개별난방,전체동 설치,1380,46,46.68,15.69,116280000,378000,0
행복주택,서울특별시,강북구,서울특별시 강북구 오현로 45,꿈의숲 효성해링턴플레이스,88,아파트,SH공사,2019-09-30,복도식,개별난방,전체동 설치,1380,49,49.48,16.16,96800000,405000,0
행복주택,서울특별시,강북구,서울특별시 강북구 오현로 56,꿈의숲 롯데캐슬(미아4)_서울리츠2호,35,아파트,SH공사,2017-02-27,복도식,개별난방,전체동 설치,716,39A,39.69,17.46,118640000,435000,0
행복주택,서울특별시,강북구,서울특별시 강북구 오현로 56,꿈의숲 롯데캐슬(미아4)_서울리츠2호,35,아파트,SH공사,2017-02-27,복도식,개별난방,전체동 설치,716,39B,39.74,17.1,118640000,435000,0
행복주택,서울특별시,강북구,서울특별시 강북구 인수봉로6가길 12,초행 지붕-미아-3,6,다가구주택,SH공사,2021-09-24,계단식,개별난방,미설치,8,40,40,39.86,77760000,252000,0
행복주택,서울특별시,강북구,서울특별시 강북구 인수봉로6가길 12,초행 지붕-미아-3,6,다가구주택,SH공사,2021-09-24,계단식,개별난방,미설치,8,47,47.47,47.29,100800000,329000,0
행복주택,서울특별시,강북구,서울특별시 강북구 인수봉로6가길 12,초행 지붕-미아-3,6,다가구주택,SH공사,2021-09-24,계단식,개별난방,미설치,8,52,52.02,51.83,108000000,351000,0
행복주택,서울특별시,강북구,서울특별시 강북구 인수봉로6가길 12,초행 지붕-미아-3,6,다가구주택,SH공사,2021-09-24,계단식,개별난방,미설치,8,53A,54.9,54.7,123200000,514000,0
행복주택,서울특별시,강북구,서울특별시 강북구 인수봉로6가길 12,초행 지붕-미아-3,6,다가구주택,SH공사,2021-09-24,계단식,개별난방,미설치,8,53B,53.56,53.37,120000000,460000,0
행복주택,서울특별시,강북구,서울특별시 강북구 인수봉로6가길 12,초행 지붕-미아-3,6,다가구주택,SH공사,2021-09-24,계단식,개별난방,미설치,8,59,59.06,58.85,125600000,409000,0
행복주택,서울특별시,노원구,서울특별시 노원구 공릉로34길 86,태릉해링턴플레이스,45,아파트,SH공사,2021-11-19,계단식,개별난방,전체동 설치,1550,49,49.98,17.5084,118400000,426000,0
행복주택,서울특별시,노원구,서울특별시 노원구 공릉로34길 86,태릉해링턴플레이스,45,아파트,SH공사,2021-11-19,계단식,개별난방,전체동 설치,1550,59A,59.98,20.9611,140800000,506000,0
행복주택,서울특별시,노원구,서울특별시 노원구 공릉로34길 86,태릉해링턴플레이스,45,아파트,SH공사,2021-11-19,계단식,개별난방,전체동 설치,1550,59B,59.97,22.6085,140800000,506000,0
행복주택,서울특별시,노원구,서울특별시 노원구 공릉로51길 20,서울공릉행복주택,100,아파트,LH서울,2018-09-01,,,,0,16,16.77,9.4776,38000000,150400,18000000
행복주택,서울특별시,노원구,서울특별시 노원구 공릉로51길 20,서울공릉행복주택,100,아파트,LH서울,2018-09-01,,,,0,17,17.2,9.7207,38400000,150400,18000000
행복주택,서울특별시,노원구,서울특별시 노원구 공릉로51길 20,서울공릉행복주택,100,아파트,LH서울,2018-09-01,,,,0,19,19.38,10.9527,44000000,172800,20000000
행복주택,서울특별시,노원구,서울특별시 노원구 공릉로51길 20,서울공릉행복주택,100,아파트,LH서울,2018-09-01,,,,0,26,26.1,14.7506,57600000,225600,27000000
행복주택,서울특별시,노원구,서울특별시 노원구 공릉로51길 20,서울공릉행복주택,100,아파트,LH서울,2018-09-01,,,,0,29,29.38,16.6043,64800000,257600,30000000
행복주택,서울특별시,노원구,서울특별시 노원구 공릉로51길 20,서울공릉행복주택,100,아파트,LH서울,2018-09-01,,,,0,36,36.48,20.6169,80000000,315200,37000000
행복주택,서울특별시,노원구,서울특별시 노원구 공릉로51길 20,서울공릉행복주택,100,아파트,LH서울,2018-09-01,,,,0,40,40.32,22.7871,86800000,342400,41000000
행복주택,서울특별시,노원구,서울특별시 노원구 노원로38길 76,포레나노원,141,아파트,SH공사,2020-11-25,계단식,개별난방,전체동 설치,1385,49A,49.9583,17.3338,105600000,379000,0
행복주택,서울특별시,노원구,서울특별시 노원구 노원로38길 76,포레나노원,141,아파트,SH공사,2020-11-25,계단식,개별난방,전체동 설치,1385,49B,49.9513,17.0126,105600000,379000,0
행복주택,서울특별시,노원구,서울특별시 노원구 노원로38길 76,포레나노원,141,아파트,SH공사,2020-11-25,계단식,개별난방,전체동 설치,1385,59A,59.9866,19.6319,120840000,432000,0
행복주택,서울특별시,노원구,서울특별시 노원구 노원로38길 76,포레나노원,141,아파트,SH공사,2020-11-25,계단식,개별난방,전체동 설치,1385,59B,59.9908,19.8555,108800000,398000,0
행복주택,서울특별시,노원구,서울특별시 노원구 노원로38길 76,포레나노원,141,아파트,SH공사,2020-11-25,계단식,개별난방,전체동 설치,1385,59C,59.9428,21.1054,127200000,455000,0
행복주택,서울특별시,노원구,서울특별시 노원구 누원로 19,수락리버타운,48,아파트,SH공사,2016-10-18,복도식,개별난방,일부동 설치,25,21A,21.92,13.35,39520000,141000,0
행복주택,서울특별시,노원구,서울특별시 노원구 누원로 19,수락리버타운,48,아파트,SH공사,2016-10-18,복도식,개별난방,일부동 설치,25,21A2,21.92,13.35,39520000,141000,0
행복주택,서울특별시,노원구,서울특별시 노원구 누원로 19,수락리버타운,48,아파트,SH공사,2016-10-18,복도식,개별난방,일부동 설치,25,21AS,21.92,13.35,39520000,148000,0
행복주택,서울특별시,노원구,서울특별시 노원구 누원로 19,수락리버타운,48,아파트,SH공사,2016-10-18,복도식,개별난방,일부동 설치,25,31A,31.98,19.62,54720000,196000,0
행복주택,서울특별시,노원구,서울특별시 노원구 수락산로 12,노원센트럴푸르지오(상계4)_서울리츠2호,8,아파트,SH공사,2020-01-01,복도식,개별난방,전체동 설치,958,39,39.016,17.489,106650000,391000,0
행복주택,서울특별시,노원구,서울특별시 노원구 수락산로 12,노원센트럴푸르지오,17,아파트,SH공사,2019-12-30,복도식,개별난방,전체동 설치,958,50,50.05,29.39,108800000,390000,0
행복주택,서울특별시,노원구,서울특별시 노원구 초안산로2라길 26,인덕아이파크,69,아파트,SH공사,2020-01-30,계단식,개별난방,전체동 설치,1116,59A,59.99,24.32,126400000,453000,0
행복주택,서울특별시,은평구,서울특별시 은평구 가좌로 334,응암역효성해링턴플레이스,22,아파트,SH공사,2018-07-31,계단식,개별난방,전체동 설치,418,59A,59.94,23.45,127200000,467000,0
행복주택,서울특별시,은평구,서울특별시 은평구 백련산로 67,백련산파크 자이,4,아파트,SH공사,2019-02-25,계단식,개별난방,전체동 설치,859,59A,59.9,19.36,136000000,499000,0
행복주택,서울특별시,은평구,서울특별시 은평구 수색로 200,DMC센트럴자이(증산2)_서울리츠2호,128,아파트,SH공사,2022-03-30,복도식,개별난방,전체동 설치,128,39A,39.48,18.26,77540000,284000,0
행복주택,서울특별시,은평구,서울특별시 은평구 수색로 200,DMC센트럴자이(증산2)_서울리츠2호,128,아파트,SH공사,2022-03-30,복도식,개별난방,전체동 설치,128,39B,39.66,18.45,86160000,316000,0
행복주택,서울특별시,은평구,서울특별시 은평구 수색로 200,DMC센트럴자이(증산2)_서울리츠2호,128,아파트,SH공사,2022-03-30,복도식,개별난방,전체동 설치,128,39Ba,39.66,18.45,81850000,300000,0
행복주택,서울특별시,은평구,서울특별시 은평구 수색로 200,DMC센트럴자이(증산2)_서울리츠2호,128,아파트,SH공사,2022-03-30,복도식,개별난방,전체동 설치,128,39C,39.48,18.26,77540000,284000,0
행복주택,서울특별시,은평구,서울특별시 은평구 수색로 200,DMC센트럴자이(증산2)_서울리츠2호,128,아파트,SH공사,2022-03-30,복도식,개별난방,전체동 설치,128,39D,39.29,21.14,86160000,316000,0
행복주택,서울특별시,은평구,서울특별시 은평구 수색로 200,DMC센트럴자이(증산2)_서울리츠2호,128,아파트,SH공사,2022-03-30,복도식,개별난방,전체동 설치,128,40D,40.21,20.58,87680000,322000,0
행복주택,서울특별시,은평구,서울특별시 은평구 수색로 216,DMC SK뷰(수색9)_서울리츠2호,36,아파트,SH공사,2021-10-29,복도식,개별난방,전체동 설치,644,38A,38.7353,21.9129,84000000,308000,0
행복주택,서울특별시,은평구,서울특별시 은평구 수색로 216,DMC SK뷰(수색9)_서울리츠2호,36,아파트,SH공사,2021-10-29,복도식,개별난방,전체동 설치,644,38B,38.735,21.913,84000000,308000,0
행복주택,서울특별시,은평구,서울특별시 은평구 수색로 300,DMC롯데캐슬더퍼스트(수색4)_서울리츠2호,129,아파트,SH공사,2020-06-30,혼합식,개별난방,전체동 설치,1368,39,39.83,19.99,89940000,307600,0
행복주택,서울특별시,은평구,서울특별시 은평구 수색로 300,DMC롯데캐슬더퍼스트(수색4)_서울리츠2호,129,아파트,SH공사,2020-06-30,혼합식,개별난방,전체동 설치,1368,49,49.86,24.46,154860000,542000,0
행복주택,서울특별시,은평구,서울특별시 은평구 연서로 16,역촌헤르미온(역촌동 44-2),10,다세대주택,SH공사,2020-02-20,복도식,개별난방,전체동 설치,64,15B,15.64,5.61,24480000,95000,0
행복주택,서울특별시,은평구,서울특별시 은평구 연서로 16,역촌헤르미온(역촌동 44-2),10,다세대주택,SH공사,2020-02-20,복도식,개별난방,전체동 설치,64,16A,16.12,5.83,24480000,95000,0
행복주택,서울특별시,은평구,서울특별시 은평구 은평로 12-1,SM벨리체(신사동 29-160),2,다세대주택,SH공사,2020-10-20,계단식,개별난방,전체동 설치,25,28A,28.91,5.23,54720000,213800,0
행복주택,서울특별시,은평구,서울특별시 은평구 은평로 12-1,SM벨리체(신사동 29-160),2,다세대주택,SH공사,2020-10-20,계단식,개별난방,전체동 설치,25,28B,28.53,5.17,54720000,213800,0
행복주택,서울특별시,은평구,서울특별시 은평구 은평로 220,녹번역이편한세상캐슬(응암2)_서울리츠2호,163,아파트,SH공사,2020-05-19,혼합식,개별난방,전체동 설치,2974,39,39.95,20.918,134160000,481000,0
행복주택,서울특별시,은평구,서울특별시 은평구 은평로 240,힐스테이트녹번역(응암1)_서울리츠2호,85,아파트,SH공사,2021-04-29,복도식,개별난방,전체동 설치,980,39,39.12,19.97,111840000,391000,0
행복주택,서울특별시,은평구,서울특별시 은평구 은평로 240,힐스테이트녹번역(응암1)_서울리츠2호,85,아파트,SH공사,2021-04-29,복도식,개별난방,전체동 설치,980,41,41.5,20.82,113070000,396000,0
행복주택,서울특별시,은평구,서울특별시 은평구 은평로3길 18-2,삼성캐스빌(역촌동 85-9),2,다세대주택,SH공사,2020-11-19,혼합식,개별난방,전체동 설치,13,28A,28.51,9.54,54400000,200000,0
행복주택,서울특별시,은평구,서울특별시 은평구 은평로3길 18-2,삼성캐스빌(역촌동 85-9),2,다세대주택,SH공사,2020-11-19,혼합식,개별난방,전체동 설치,13,29B,29.96,10.02,58320000,225000,0
행복주택,서울특별시,은평구,서울특별시 은평구 응암로30길 15,백련산해모로(응암11)_서울리츠2호,54,아파트,SH공사,2020-03-01,복도식,개별난방,전체동 설치,54,39A,39.1,17.66,104040000,382000,0
행복주택,서울특별시,은평구,서울특별시 은평구 응암로30길 15,백련산해모로(응암11)_서울리츠2호,54,아파트,SH공사,2020-03-01,복도식,개별난방,전체동 설치,54,39B,39.1,17.6,87280000,298000,0
행복주택,서울특별시,은평구,서울특별시 은평구 응암로30길 15,백련산해모로(응암11)_서울리츠2호,54,아파트,SH공사,2020-03-01,복도식,개별난방,전체동 설치,54,43,43.13,18.96,127600000,468000,0
행복주택,서울특별시,은평구,서울특별시 은평구 응암로30길 16,백련산SK VIEW IPARK(응암10)_서울리츠2호,80,아파트,SH공사,2019-08-30,복도식,개별난방,전체동 설치,80,36,36.082,15.9586,81420000,284800,0
행복주택,서울특별시,은평구,서울특별시 은평구 응암로30길 16,백련산SK VIEW IPARK(응암10)_서울리츠2호,80,아파트,SH공사,2019-08-30,복도식,개별난방,전체동 설치,80,40,40.6525,17.4952,119380000,418000,0
행복주택,서울특별시,은평구,서울특별시 은평구 통일로 1045,이룸채(서울리츠1호),630,아파트,SH공사,2019-06-26,복도식,지역난방,전체동 설치,345,23A,23.57,12.88,44640000,163000,0
행복주택,서울특별시,은평구,서울특별시 은평구 통일로 1045,이룸채(서울리츠1호),630,아파트,SH공사,2019-06-26,복도식,지역난방,전체동 설치,345,23B,23.8,12.75,44640000,163000,0
행복주택,서울특별시,은평구,서울특별시 은평구 통일로 1045,이룸채(서울리츠1호),630,아파트,SH공사,2019-06-26,복도식,지역난방,전체동 설치,345,23C,23.48,12.93,44640000,163000,0
행복주택,서울특별시,은평구,서울특별시 은평구 통일로 1045,이룸채(서울리츠1호),630,아파트,SH공사,2019-06-26,복도식,지역난방,전체동 설치,345,23D,23.75,12.77,44640000,163000,0
행복주택,서울특별시,은평구,서울특별시 은평구 통일로 610,힐스테이트녹번(녹번1-1)_서울리츠2호,106,아파트,SH공사,2018-10-10,복도식,개별난방,전체동 설치,182,39,39,18.31,146000000,535000,0
행복주택,서울특별시,은평구,서울특별시 은평구 통일로 610,힐스테이트녹번(녹번1-1)_서울리츠2호,106,아파트,SH공사,2018-10-10,복도식,개별난방,전체동 설치,182,40,40.02,18.65,150000000,539000,0
행복주택,서울특별시,은평구,서울특별시 은평구 통일로 630,래미안베라힐즈(녹번1-2)_서울리츠2호,133,아파트,SH공사,2018-12-30,복도식,개별난방,전체동 설치,1407,38,38.28,18.84,149280000,522000,0
행복주택,서울특별시,은평구,서울특별시 은평구 통일로 630,래미안베라힐즈(녹번1-2)_서울리츠2호,133,아파트,SH공사,2018-12-30,복도식,개별난방,전체동 설치,1407,43A,43.74,24.72,141980000,496000,0
행복주택,서울특별시,은평구,서울특별시 은평구 통일로 630,래미안베라힐즈(녹번1-2)_서울리츠2호,133,아파트,SH공사,2018-12-30,복도식,개별난방,전체동 설치,1407,43B,43.34,21.18,150330000,526000,0
행복주택,서울특별시,은평구,서울특별시 은평구 통일로 972,은뜨락(서울리츠1호),350,아파트,SH공사,2019-02-08,복도식,지역난방,전체동 설치,260,39A,39.49,17.55,116420000,407000,0
행복주택,서울특별시,은평구,서울특별시 은평구 통일로 972,은뜨락(서울리츠1호),350,아파트,SH공사,2019-02-08,복도식,지역난방,전체동 설치,260,39AS,39.49,17.55,110600000,387000,0
행복주택,서울특별시,은평구,서울특별시 은평구 통일로 972,은뜨락(서울리츠1호),350,아파트,SH공사,2019-02-08,복도식,지역난방,전체동 설치,260,39B,39.62,17.46,110600000,387000,0
행복주택,서울특별시,은평구,서울특별시 은평구 통일로 972,은뜨락(서울리츠1호),350,아파트,SH공사,2019-02-08,복도식,지역난방,전체동 설치,260,39BS,39.62,17.46,109440000,401000,0
행복주택,서울특별시,은평구,서울특별시 은평구 통일로 972,은뜨락(서울리츠1호),350,아파트,SH공사,2019-02-08,복도식,지역난방,전체동 설치,260,44,44.44,20.12,131200000,459000,0
행복주택,서울특별시,서대문구,서울특별시 서대문구 거북골로 100,래미안루센티아(가재울5)_서울리츠2호,58,아파트,SH공사,2020-02-18,복도식,지역난방,전체동 설치,58,34,34.12,13.02,97790000,342000,0
행복주택,서울특별시,서대문구,서울특별시 서대문구 거북골로 84,DMC에코자이(가재울6)_서울리츠2호,53,아파트,SH공사,2019-12-01,복도식,개별난방,전체동 설치,1372,39A,39.668,20.915,113760000,398000,0
행복주택,서울특별시,서대문구,서울특별시 서대문구 거북골로 84,DMC에코자이(가재울6)_서울리츠2호,53,아파트,SH공사,2019-12-01,복도식,개별난방,전체동 설치,1372,39B,39.885,21.01,113760000,398000,0
행복주택,서울특별시,서대문구,서울특별시 서대문구 북아현로1가길 20,e편한세상신촌(북아현1-3)_서울리츠2호,130,아파트,SH공사,2017-03-10,복도식,개별난방,전체동 설치,2528,32,32.74,18.32,104040000,382000,0
행복주택,서울특별시,서대문구,서울특별시 서대문구 세무서8길 30,홍제역 해링턴플레이스(홍제3)_서울리츠2호,45,아파트,SH공사,2021-12-30,복도식,개별난방,전체동 설치,1331,39,39.38,19.53,97820000,342000,0
행복주택,서울특별시,서대문구,서울특별시 서대문구 연희로12길 21-7,초행지붕-연희(연희동 136-21),8,다가구주택,SH공사,2020-11-27,계단식,개별난방,미설치,2,20,20.3,9.54,0,0,0
행복주택,서울특별시,서대문구,서울특별시 서대문구 연희로12길 21-7,초행지붕-연희(연희동 136-21),8,다가구주택,SH공사,2020-11-27,계단식,개별난방,미설치,2,21,21.38,10.05,0,0,0
행복주택,서울특별시,서대문구,서울특별시 서대문구 연희로12길 21-7,초행지붕-연희(연희동 136-21),8,다가구주택,SH공사,2020-11-27,계단식,개별난방,미설치,2,24,24.11,11.33,0,0,0
행복주택,서울특별시,서대문구,서울특별시 서대문구 연희로12길 21-7,초행지붕-연희(연희동 136-21),8,다가구주택,SH공사,2020-11-27,계단식,개별난방,미설치,2,26,26.92,12.64,0,0,0
행복주택,서울특별시,서대문구,서울특별시 서대문구 이화여대8길 123,힐스테이트신촌(북아현1-1)_서울리츠2호,32,아파트,SH공사,2020-08-04,복도식,개별난방,전체동 설치,1387,37,37.969,20.4151,101300000,354900,0
행복주택,서울특별시,서대문구,서울특별시 서대문구 이화여대8길 123,힐스테이트신촌,25,아파트,SH공사,2020-08-04,혼합식,개별난방,전체동 설치,1387,37A,37.969,20.4151,91800000,283000,0
행복주택,서울특별시,서대문구,서울특별시 서대문구 이화여대8길 123,힐스테이트신촌,25,아파트,SH공사,2020-08-04,혼합식,개별난방,전체동 설치,1387,52,52.845,21.982,150400000,463000,0
행복주택,서울특별시,서대문구,서울특별시 서대문구 증가로 150,DMC 센트럴 아이파크,47,아파트,SH공사,2018-12-31,계단식,개별난방,전체동 설치,1624,59A,59.91,25.22,111600000,410000,0
행복주택,서울특별시,서대문구,서울특별시 서대문구 증가로 150,DMC 센트럴 아이파크,47,아파트,SH공사,2018-12-31,계단식,개별난방,전체동 설치,1624,59B,59.8,22.59,94800000,411000,0
행복주택,서울특별시,서대문구,서울특별시 서대문구 증가로 150,DMC 센트럴 아이파크,47,아파트,SH공사,2018-12-31,계단식,개별난방,전체동 설치,1624,59C,59.99,22.22,180000000,571000,0
행복주택,서울특별시,서대문구,서울특별시 서대문구 통일로 395,홍제센트럴아이파크(홍제2)_서울리츠2호,52,아파트,SH공사,2018-12-31,복도식,개별난방,전체동 설치,52,34,34.892,15.556,99120000,347000,0
행복주택,서울특별시,서대문구,서울특별시 서대문구 홍은중앙로3길 9,북한산두산위브(홍은14)_서울리츠2호,40,아파트,SH공사,2022-07-20,복도식,개별난방,일부동 설치,586,33,33.05,21.49,108770000,381000,0
행복주택,서울특별시,서대문구,서울특별시 서대문구 홍은중앙로3길 9,북한산두산위브(홍은14)_서울리츠2호,40,아파트,SH공사,2022-07-20,복도식,개별난방,일부동 설치,586,40,40.07,25.33,143770000,503000,0
행복주택,서울특별시,서대문구,서울특별시 서대문구 홍제천로 136,연희파크 푸르지오,35,아파트,SH공사,2018-12-21,계단식,개별난방,전체동 설치,438,59,59.98,23.88,179200000,567000,0
행복주택,서울특별시,마포구,서울특별시 마포구 광성로 17,신촌숲 아이파크,98,아파트,SH공사,2019-08-29,계단식,지역난방,전체동 설치,1338,59A,59.75,25.88,166320000,582000,0
행복주택,서울특별시,마포구,서울특별시 마포구 광성로 17,신촌숲 아이파크,98,아파트,SH공사,2019-08-29,계단식,지역난방,전체동 설치,1338,59B,59.37,26.19,189600000,662000,0
행복주택,서울특별시,마포구,서울특별시 마포구 대흥로 175,마포그랑자이(대흥2)_서울리츠2호,75,아파트,SH공사,2020-02-21,복도식,개별난방,전체동 설치,1472,39,39.99,20.71,158040000,575000,0
행복주택,서울특별시,마포구,서울특별시 마포구 대흥로 175,마포그랑자이(대흥2)_서울리츠2호,75,아파트,SH공사,2020-02-21,복도식,개별난방,전체동 설치,1472,45,45.98,23.37,140620000,480000,0
행복주택,서울특별시,마포구,서울특별시 마포구 백범로31길 8,공덕SK리더스뷰(마포로6)_서울리츠2호,25,아파트,SH공사,2020-08-30,혼합식,개별난방,전체동 설치,25,40,40.7,19.63,194400000,680000,0
행복주택,서울특별시,마포구,서울특별시 마포구 백범로31길 8,공덕SK리더스뷰_2단지,61,아파트,SH공사,2020-08-30,혼합식,개별난방,전체동 설치,158,40A,40.7,19.63,128000000,447000,0
행복주택,서울특별시,마포구,서울특별시 마포구 백범로31길 8,공덕SK리더스뷰_2단지,61,아파트,SH공사,2020-08-30,혼합식,개별난방,전체동 설치,158,40B,40.7,19.63,117600000,382000,0
행복주택,서울특별시,마포구,서울특별시 마포구 성암로 28,서울가좌 행복주택,362,아파트,LH서울,2016-12-28,,,,0,16,16.19,14.6521,42400000,169860,20000000
행복주택,서울특별시,마포구,서울특별시 마포구 성암로 28,서울가좌 행복주택,362,아파트,LH서울,2016-12-28,,,,0,16,16.32,14.7698,41600000,168230,20000000
행복주택,서울특별시,마포구,서울특별시 마포구 성암로 28,서울가좌 행복주택,362,아파트,LH서울,2016-12-28,,,,0,16,16.42,14.8603,42400000,169860,20000000
행복주택,서울특별시,마포구,서울특별시 마포구 성암로 28,서울가좌 행복주택,362,아파트,LH서울,2016-12-28,,,,0,16,16.55,14.9779,42400000,169860,20000000
행복주택,서울특별시,마포구,서울특별시 마포구 성암로 28,서울가좌 행복주택,362,아파트,LH서울,2016-12-28,,,,0,29,29.66,26.8427,77200000,313600,37000000
행복주택,서울특별시,마포구,서울특별시 마포구 성암로 28,서울가좌 행복주택,362,아파트,LH서울,2016-12-28,,,,0,29,29.98,27.1323,77200000,313600,37000000
행복주택,서울특별시,마포구,서울특별시 마포구 성암로 28,서울가좌 행복주택,362,아파트,LH서울,2016-12-28,,,,0,36,36.39,32.9334,92000000,374030,44000000
행복주택,서울특별시,마포구,서울특별시 마포구 숭문16다길 10-5,마포프레스티지자이(염리3)_서울리츠2호,24,아파트,SH공사,2021-03-27,복도식,개별난방,전체동 설치,24,39,39.98,13.46,113130000,396000,0
행복주택,서울특별시,마포구,서울특별시 마포구 숭문길 98,마포자이더센트리지(염리2)_서울리츠2호,28,아파트,SH공사,2018-09-28,복도식,개별난방,전체동 설치,28,34,34.797,17.835,136320000,477000,0
행복주택,서울특별시,마포구,서울특별시 마포구 신촌로34길 11,아현시티(아현동 327-10),4,다세대주택,SH공사,2020-12-21,혼합식,개별난방,전체동 설치,0,25A,25.06,8.63,74880000,255000,0
행복주택,서울특별시,마포구,서울특별시 마포구 신촌로34길 11,아현시티(아현동 327-10),4,다세대주택,SH공사,2020-12-21,혼합식,개별난방,전체동 설치,0,25B,25.74,8.78,70720000,241000,0
행복주택,서울특별시,마포구,서울특별시 마포구 신촌로34길 11,아현시티(아현동 327-10),4,다세대주택,SH공사,2020-12-21,혼합식,개별난방,전체동 설치,0,25C,25.88,8.86,74880000,255000,0
행복주택,서울특별시,마포구,서울특별시 마포구 신촌로34길 11,아현시티(아현동 327-10),4,다세대주택,SH공사,2020-12-21,혼합식,개별난방,전체동 설치,0,29,29.34,9.34,84240000,289000,0
행복주택,서울특별시,양천구,서울특별시 양천구 남부순환로83길 18,목동센트럴아이파크위브(신정1-1)_서울리츠2호,187,아파트,SH공사,2020-03-01,복도식,개별난방,전체동 설치,187,34,34.24,24.31,85100000,276000,0
행복주택,서울특별시,양천구,서울특별시 양천구 목동남로4길 100,신정 파크샤인,101,아파트,SH공사,2020-10-28,복도식,개별난방,전체동 설치,79,26A,26.5,12.88,70200000,217000,0
행복주택,서울특별시,양천구,서울특별시 양천구 목동남로4길 100,신정 파크샤인,101,아파트,SH공사,2020-10-28,복도식,개별난방,전체동 설치,79,26AS,26.5,12.88,74100000,229000,0
행복주택,서울특별시,양천구,서울특별시 양천구 목동남로4길 100,신정 파크샤인,101,아파트,SH공사,2020-10-28,복도식,개별난방,전체동 설치,79,36A,36.09,16.52,106400000,328000,0
행복주택,서울특별시,양천구,서울특별시 양천구 목동남로4길 100,신정 파크샤인,101,아파트,SH공사,2020-10-28,복도식,개별난방,전체동 설치,79,41A,41.81,18.84,123200000,380000,0
행복주택,서울특별시,양천구,서울특별시 양천구 목동남로4길 100,신정 파크샤인,101,아파트,SH공사,2020-10-28,복도식,개별난방,전체동 설치,79,41B,41.81,18.84,123200000,380000,0
행복주택,서울특별시,양천구,서울특별시 양천구 신정로7길 75,이든채(서울리츠1호),149,아파트,SH공사,2019-02-23,복도식,지역난방,전체동 설치,335,26A,26.8,12.86,61530000,215000,0
행복주택,서울특별시,양천구,서울특별시 양천구 신정로7길 75,이든채(서울리츠1호),149,아파트,SH공사,2019-02-23,복도식,지역난방,전체동 설치,335,26B,26.94,12.77,61530000,215000,0
행복주택,서울특별시,양천구,서울특별시 양천구 신정로7길 75,이든채(서울리츠1호),149,아파트,SH공사,2019-02-23,복도식,지역난방,전체동 설치,335,31,31.31,14.89,70180000,246000,0
행복주택,서울특별시,양천구,서울특별시 양천구 신정로7길 75,이든채(서울리츠1호),149,아파트,SH공사,2019-02-23,복도식,지역난방,전체동 설치,335,39A,39.48,17.99,78480000,282000,0
행복주택,서울특별시,양천구,서울특별시 양천구 신정로7길 75,이든채(서울리츠1호),149,아파트,SH공사,2019-02-23,복도식,지역난방,전체동 설치,335,39AS,39.48,17.99,91640000,321000,0
행복주택,서울특별시,양천구,서울특별시 양천구 신정로7길 75,이든채(서울리츠1호),149,아파트,SH공사,2019-02-23,복도식,지역난방,전체동 설치,335,39B,39.62,17.9,87200000,313000,0
행복주택,서울특별시,양천구,서울특별시 양천구 신정로7길 75,이든채(서울리츠1호),149,아파트,SH공사,2019-02-23,복도식,지역난방,전체동 설치,335,44,44.28,20.66,107180000,375000,0
행복주택,서울특별시,양천구,서울특별시 양천구 중앙로29길 11,호반써밋목동(신정2-2)_서울리츠2호,17,아파트,SH공사,2022-03-12,복도식,개별난방,전체동 설치,17,39,39.94,24,111940000,364000,0
행복주택,서울특별시,강서구,서울특별시 강서구 강서로 515,가양동 1457-1 모듈러 행복주택,30,다세대주택,SH공사,2017-11-10,복도식,개별난방,일부동 설치,14,16A,16.05,16.16,38160000,105000,0
행복주택,서울특별시,강서구,서울특별시 강서구 강서로 515,가양동 1457-1 모듈러 행복주택,30,다세대주택,SH공사,2017-11-10,복도식,개별난방,일부동 설치,14,16AS,16.05,16.16,28900000,99000,0
행복주택,서울특별시,강서구,서울특별시 강서구 강서로 515,가양동 1457-1 모듈러 행복주택,30,다세대주택,SH공사,2017-11-10,복도식,개별난방,일부동 설치,14,16AW,16.05,16.16,36040000,99000,0
행복주택,서울특별시,강서구,서울특별시 강서구 강서로 515,가양동 1457-1 모듈러 행복주택,30,다세대주택,SH공사,2017-11-10,복도식,개별난방,일부동 설치,14,16B,16.06,13.75,38160000,105000,0
행복주택,서울특별시,강서구,서울특별시 강서구 강서로 515,가양동 1457-1 모듈러 행복주택,30,다세대주택,SH공사,2017-11-10,복도식,개별난방,일부동 설치,14,16B2,16.06,13.75,28900000,99000,0
행복주택,서울특별시,강서구,서울특별시 강서구 강서로 515,가양동 1457-1 모듈러 행복주택,30,다세대주택,SH공사,2017-11-10,복도식,개별난방,일부동 설치,14,16BW,16.06,13.75,26280000,118000,0
행복주택,서울특별시,강서구,서울특별시 강서구 강서로 515,가양동 1457-1 모듈러 행복주택,30,다세대주택,SH공사,2017-11-10,복도식,개별난방,일부동 설치,14,34,34.47,32.44,91200000,312000,0
행복주택,서울특별시,강서구,서울특별시 강서구 강서로 515,가양동 1457-1 모듈러 행복주택,30,다세대주택,SH공사,2017-11-10,복도식,개별난방,일부동 설치,14,34W,34.47,32.44,79200000,264000,0
행복주택,서울특별시,강서구,서울특별시 강서구 공항대로 583,e편한세상 염창,56,아파트,SH공사,2019-03-08,복도식,개별난방,전체동 설치,614,51A,51.75,19.27,142400000,474000,0
행복주택,서울특별시,강서구,서울특별시 강서구 공항대로 583,e편한세상 염창,56,아파트,SH공사,2019-03-08,복도식,개별난방,전체동 설치,614,51B,51.51,21.51,93500000,374000,0
행복주택,서울특별시,강서구,서울특별시 강서구 양천로10길 38,신마곡 벽산블루밍,100,아파트,SH공사,2020-11-26,계단식,지역난방,전체동 설치,300,40,40.95,15.7,92000000,307000,0
행복주택,서울특별시,강서구,서울특별시 강서구 양천로10길 38,신마곡 벽산블루밍,100,아파트,SH공사,2020-11-26,계단식,지역난방,전체동 설치,300,49A,49.65,18.7,158400000,436000,0
행복주택,서울특별시,강서구,서울특별시 강서구 양천로10길 38,신마곡 벽산블루밍,100,아파트,SH공사,2020-11-26,계단식,지역난방,전체동 설치,300,49B,49.74,18.35,112000000,372000,0
행복주택,서울특별시,강서구,서울특별시 강서구 양천로10길 38,신마곡 벽산블루밍,100,아파트,SH공사,2020-11-26,계단식,지역난방,전체동 설치,300,49C,49.61,19.24,158400000,436000,0
행복주택,서울특별시,강서구,서울특별시 강서구 양천로10길 38,신마곡 벽산블루밍,100,아파트,SH공사,2020-11-26,계단식,지역난방,전체동 설치,300,59A,59.76,22.36,167200000,530000,0
행복주택,서울특별시,강서구,서울특별시 강서구 양천로10길 38,신마곡 벽산블루밍,100,아파트,SH공사,2020-11-26,계단식,지역난방,전체동 설치,300,59B,59.93,22.96,167200000,530000,0
행복주택,서울특별시,강서구,서울특별시 강서구 양천로10길 38,신마곡 벽산블루밍,100,아파트,SH공사,2020-11-26,계단식,지역난방,전체동 설치,300,59C,59.92,22.78,167200000,530000,0
행복주택,서울특별시,강서구,서울특별시 강서구 화곡로54길 43,강서 금호어울림 퍼스티어 신혼희망타운 행복주택,175,아파트,LH서울,2023-10-01,,,,0,49,49.68,20.167,149600000,498660,51000000
행복주택,서울특별시,강서구,서울특별시 강서구 화곡로54길 43,강서 금호어울림 퍼스티어 신혼희망타운 행복주택,175,아파트,LH서울,2023-10-01,,,,0,49,49.86,20.2399,149600000,498660,51000000
행복주택,서울특별시,강서구,서울특별시 강서구 화곡로54길 43,강서 금호어울림 퍼스티어 신혼희망타운 행복주택,175,아파트,LH서울,2023-10-01,,,,0,55,55.91,22.6963,166000000,553330,56000000
행복주택,서울특별시,강서구,서울특별시 강서구 화곡로54길 43,강서 금호어울림 퍼스티어 신혼희망타운 행복주택,175,아파트,LH서울,2023-10-01,,,,0,59,59.71,24.2387,175600000,585330,60000000
행복주택,서울특별시,강서구,서울특별시 강서구 화곡로54길 43,강서 금호어울림 퍼스티어 신혼희망타운 행복주택,175,아파트,LH서울,2023-10-01,,,,0,59,59.74,24.2508,172400000,574660,59000000
행복주택,서울특별시,구로구,서울특별시 구로구 경인로20가길 68,서울오류 행복주택,890,아파트,LH서울,2018-01-30,,,,0,16,16.84,9.0658,43600000,163500,16000000
행복주택,서울특별시,구로구,서울특별시 구로구 경인로20가길 68,서울오류 행복주택,890,아파트,LH서울,2018-01-30,,,,0,29,29.76,16.0214,74000000,277500,29000000
행복주택,서울특별시,구로구,서울특별시 구로구 경인로20가길 68,서울오류 행복주택,890,아파트,LH서울,2018-01-30,,,,0,36,36.85,19.8383,90000000,337500,35000000
행복주택,서울특별시,구로구,서울특별시 구로구 경인로20가길 68,서울오류 행복주택,890,아파트,LH서울,2018-01-30,,,,0,44,44.83,24.1344,108400000,406500,43000000
행복주택,서울특별시,구로구,서울특별시 구로구 경인로27길 7,숲에리움(오류1동 청신호),360,아파트,SH공사,2020-10-30,복도식,개별난방,전체동 설치,82,16A,16.99,12.59,56880000,199000,0
행복주택,서울특별시,구로구,서울특별시 구로구 경인로27길 7,숲에리움(오류1동 청신호),360,아파트,SH공사,2020-10-30,복도식,개별난방,전체동 설치,82,16B,16.92,12.66,56880000,199000,0
행복주택,서울특별시,구로구,서울특별시 구로구 경인로27길 7,숲에리움(오류1동 청신호),360,아파트,SH공사,2020-10-30,복도식,개별난방,전체동 설치,82,17,17.08,12.63,53720000,184000,0
행복주택,서울특별시,구로구,서울특별시 구로구 경인로27길 7,숲에리움(오류1동 청신호),360,아파트,SH공사,2020-10-30,복도식,개별난방,전체동 설치,82,20,20.9,13.26,51400000,171500,0
행복주택,서울특별시,구로구,서울특별시 구로구 경인로27길 7,숲에리움(오류1동 청신호),360,아파트,SH공사,2020-10-30,복도식,개별난방,전체동 설치,82,21,21.04,13.18,69840000,251000,0
행복주택,서울특별시,구로구,서울특별시 구로구 경인로27길 7,숲에리움(오류1동 청신호),360,아파트,SH공사,2020-10-30,복도식,개별난방,전체동 설치,82,22A,22.09,14.2,53670000,178900,0
행복주택,서울특별시,구로구,서울특별시 구로구 경인로27길 7,숲에리움(오류1동 청신호),360,아파트,SH공사,2020-10-30,복도식,개별난방,전체동 설치,82,22B,22.38,13.95,74160000,260000,0
행복주택,서울특별시,구로구,서울특별시 구로구 고척로52나길 25,고척동 156,28,아파트,SH공사,2018-04-30,복도식,개별난방,전체동 설치,0,45,45.09,26.55,90400000,317000,0
행복주택,서울특별시,구로구,서울특별시 구로구 금오로 882,천왕지구 8단지,298,아파트,SH공사,2018-04-30,복도식,개별난방,전체동 설치,167,29A,29.38,18.51,43800000,157000,0
행복주택,서울특별시,구로구,서울특별시 구로구 금오로 882,천왕지구 8단지,298,아파트,SH공사,2018-04-30,복도식,개별난방,전체동 설치,167,29A-S,29.38,18.51,43800000,157000,0
행복주택,서울특별시,구로구,서울특별시 구로구 금오로 882,천왕지구 8단지,298,아파트,SH공사,2018-04-30,복도식,개별난방,전체동 설치,167,29A2,29.38,18.51,0,0,0
행복주택,서울특별시,구로구,서울특별시 구로구 금오로 882,천왕지구 8단지,298,아파트,SH공사,2018-04-30,복도식,개별난방,전체동 설치,167,36A,36.87,23.23,59040000,207000,0
행복주택,서울특별시,구로구,서울특별시 구로구 금오로 882,천왕지구 8단지,298,아파트,SH공사,2018-04-30,복도식,개별난방,전체동 설치,167,36A-S,36.87,23.23,69920000,251000,0
행복주택,서울특별시,구로구,서울특별시 구로구 금오로 882,천왕지구 8단지,298,아파트,SH공사,2018-04-30,복도식,개별난방,전체동 설치,167,45A,45.77,28.84,91200000,327000,0
행복주택,서울특별시,구로구,서울특별시 구로구 금오로 882,천왕지구 8단지,298,아파트,SH공사,2018-04-30,복도식,개별난방,전체동 설치,167,45A-S,45.77,28.84,66120000,226000,0
행복주택,서울특별시,구로구,서울특별시 구로구 연동로 191-5,항동 하버라인 11단지,276,아파트,SH공사,2018-12-30,혼합식,지역난방,전체동 설치,207,29A,29.69,17.5,52560000,184000,0
행복주택,서울특별시,구로구,서울특별시 구로구 연동로 191-5,항동 하버라인 11단지,276,아파트,SH공사,2018-12-30,혼합식,지역난방,전체동 설치,207,29AS,29.69,17.5,42600000,152000,0
행복주택,서울특별시,구로구,서울특별시 구로구 연동로 191-5,항동 하버라인 11단지,276,아파트,SH공사,2018-12-30,혼합식,지역난방,전체동 설치,207,39A,39.69,22.77,76000000,272000,0
행복주택,서울특별시,구로구,서울특별시 구로구 연동로 191-5,항동 하버라인 11단지,276,아파트,SH공사,2018-12-30,혼합식,지역난방,전체동 설치,207,39A2,39.69,22.77,58520000,200000,0
행복주택,서울특별시,구로구,서울특별시 구로구 연동로 191-5,항동 하버라인 11단지,276,아파트,SH공사,2018-12-30,혼합식,지역난방,전체동 설치,207,39AS,39.69,22.77,69920000,233000,0
행복주택,서울특별시,구로구,서울특별시 구로구 오류로 36-13,천왕2지구 도시형생활주택(1),181,아파트,SH공사,2017-06-23,복도식,개별가스난방,전체동 설치,101,20A,20.57,12.43,33840000,119000,0
행복주택,서울특별시,구로구,서울특별시 구로구 오류로 36-13,천왕2지구 도시형생활주택(1),181,아파트,SH공사,2017-06-23,복도식,개별가스난방,전체동 설치,101,20AS,20.57,12.43,35720000,125000,0
행복주택,서울특별시,구로구,서울특별시 구로구 오류로 36-13,천왕2지구 도시형생활주택(1),181,아파트,SH공사,2017-06-23,복도식,개별가스난방,전체동 설치,101,20B,20.61,11.99,33840000,119000,0
행복주택,서울특별시,구로구,서울특별시 구로구 오류로 36-13,천왕2지구 도시형생활주택(1),181,아파트,SH공사,2017-06-23,복도식,개별가스난방,전체동 설치,101,32A,32.31,18.54,53280000,186000,0
행복주택,서울특별시,구로구,서울특별시 구로구 오류로 36-13,천왕2지구 도시형생활주택(1),181,아파트,SH공사,2017-06-23,복도식,개별가스난방,전체동 설치,101,32B,32.64,18.7,53280000,186000,0
행복주택,서울특별시,구로구,서울특별시 구로구 오류로 36-13,천왕2지구 도시형생활주택(1),181,아파트,SH공사,2017-06-23,복도식,개별가스난방,전체동 설치,101,32BS,32.64,18.7,53200000,177000,0
행복주택,서울특별시,구로구,서울특별시 구로구 오류로 36-13,천왕2지구 도시형생활주택(1),181,아파트,SH공사,2017-06-23,복도식,개별가스난방,전체동 설치,101,35A,35.21,20.03,57600000,207000,0
행복주택,서울특별시,구로구,서울특별시 구로구 오리로 1102-13,천왕2지구 도시형생활주택(2),138,아파트,SH공사,2017-06-23,복도식,개별가스난방,전체동 설치,78,19,19.83,10.63,34560000,121000,0
행복주택,서울특별시,구로구,서울특별시 구로구 오리로 1102-13,천왕2지구 도시형생활주택(2),138,아파트,SH공사,2017-06-23,복도식,개별가스난방,전체동 설치,78,22A,22.23,12.42,41040000,147000,0
행복주택,서울특별시,구로구,서울특별시 구로구 오리로 1102-13,천왕2지구 도시형생활주택(2),138,아파트,SH공사,2017-06-23,복도식,개별가스난방,전체동 설치,78,22S,22.23,12.42,41040000,144000,0
행복주택,서울특별시,구로구,서울특별시 구로구 오리로 1102-13,천왕2지구 도시형생활주택(2),138,아파트,SH공사,2017-06-23,복도식,개별가스난방,전체동 설치,78,31,31.06,15.85,54000000,185000,0
행복주택,서울특별시,구로구,서울특별시 구로구 오리로 1102-13,천왕2지구 도시형생활주택(2),138,아파트,SH공사,2017-06-23,복도식,개별가스난방,전체동 설치,78,31A,31.06,15.85,60000000,215000,0
행복주택,서울특별시,구로구,서울특별시 구로구 오리로 1102-13,천왕2지구 도시형생활주택(2),138,아파트,SH공사,2017-06-23,복도식,개별가스난방,전체동 설치,78,31AS,31.06,15.85,55860000,186000,0
행복주택,서울특별시,구로구,서울특별시 구로구 오리로 1102-13,천왕2지구 도시형생활주택(2),138,아파트,SH공사,2017-06-23,복도식,개별가스난방,전체동 설치,78,31S,31.06,15.85,51300000,176000,0
행복주택,서울특별시,구로구,서울특별시 구로구 오리로 1102-13,천왕2지구 도시형생활주택(2),138,아파트,SH공사,2017-06-23,복도식,개별가스난방,전체동 설치,78,33,33.63,17.22,58320000,209000,0
행복주택,서울특별시,구로구,서울특별시 구로구 오리로 1102-13,천왕2지구 도시형생활주택(2),138,아파트,SH공사,2017-06-23,복도식,개별가스난방,전체동 설치,78,33A,33.63,17.22,58320000,209000,0
행복주택,서울특별시,구로구,서울특별시 구로구 오리로 1102-13,천왕2지구 도시형생활주택(2),138,아파트,SH공사,2017-06-23,복도식,개별가스난방,전체동 설치,78,33S,33.63,17.22,50920000,255000,0
행복주택,서울특별시,구로구,서울특별시 구로구 오리로 1102-13,천왕2지구 도시형생활주택(2),138,아파트,SH공사,2017-06-23,복도식,개별가스난방,전체동 설치,78,40A,40.28,20.41,77600000,272000,0
행복주택,서울특별시,구로구,서울특별시 구로구 오리로 1102-13,천왕2지구 도시형생활주택(2),138,아파트,SH공사,2017-06-23,복도식,개별가스난방,전체동 설치,78,40B,40.1,20.09,77600000,272000,0
행복주택,서울특별시,구로구,서울특별시 구로구 천왕로 21,천왕이펜하우스 7,374,아파트,SH공사,2015-10-06,복도식,개별난방,전체동 설치,200,29,29.96,16.75,42480000,149000,0
행복주택,서울특별시,구로구,서울특별시 구로구 천왕로 21,천왕이펜하우스 7,374,아파트,SH공사,2015-10-06,복도식,개별난방,전체동 설치,200,29S,29.96,16.75,44840000,157000,0
행복주택,서울특별시,구로구,서울특별시 구로구 천왕로 21,천왕이펜하우스 7,374,아파트,SH공사,2015-10-06,복도식,개별난방,전체동 설치,200,29S2,29.96,16.75,30990000,105500,0
행복주택,서울특별시,구로구,서울특별시 구로구 항동로 60,항동 하버라인 10단지(임대),297,아파트,SH공사,2018-12-30,혼합식,지역난방,전체동 설치,221,29A,29.69,17.09,51120000,183000,0
행복주택,서울특별시,구로구,서울특별시 구로구 항동로 60,항동 하버라인 10단지(임대),297,아파트,SH공사,2018-12-30,혼합식,지역난방,전체동 설치,221,29AS,29.69,17.09,42600000,152000,0
행복주택,서울특별시,구로구,서울특별시 구로구 항동로 60,항동 하버라인 10단지(임대),297,아파트,SH공사,2018-12-30,혼합식,지역난방,전체동 설치,221,39A,39.69,22.24,72200000,258000,0
행복주택,서울특별시,구로구,서울특별시 구로구 항동로 60,항동 하버라인 10단지(임대),297,아파트,SH공사,2018-12-30,혼합식,지역난방,전체동 설치,221,39A2,39.69,22.24,58520000,200000,0
행복주택,서울특별시,구로구,서울특별시 구로구 항동로 60,항동 하버라인 10단지(임대),297,아파트,SH공사,2018-12-30,혼합식,지역난방,전체동 설치,221,39AS,39.69,22.24,72200000,258000,0
행복주택,서울특별시,구로구,서울특별시 구로구 항동로 68,항동 하버라인 9단지,298,아파트,SH공사,2018-12-30,혼합식,지역난방,전체동 설치,219,29A,29.69,17.35,51120000,183000,0
행복주택,서울특별시,구로구,서울특별시 구로구 항동로 68,항동 하버라인 9단지,298,아파트,SH공사,2018-12-30,혼합식,지역난방,전체동 설치,219,29AS,29.69,17.35,42600000,152000,0
행복주택,서울특별시,구로구,서울특별시 구로구 항동로 68,항동 하버라인 9단지,298,아파트,SH공사,2018-12-30,혼합식,지역난방,전체동 설치,219,39A,39.69,22.59,72200000,258000,0
행복주택,서울특별시,구로구,서울특별시 구로구 항동로 68,항동 하버라인 9단지,298,아파트,SH공사,2018-12-30,혼합식,지역난방,전체동 설치,219,39AS,39.69,22.59,55200000,184000,0
행복주택,서울특별시,금천구,서울특별시 금천구 디지털로10길 55,서울금천 행복주택,282,아파트,LH서울,2022-10-31,,,,0,16,16.13,9.7848,47600000,178500,18000000
행복주택,서울특별시,금천구,서울특별시 금천구 디지털로10길 55,서울금천 행복주택,282,아파트,LH서울,2022-10-31,,,,0,26,26.81,16.2636,76800000,288000,29000000
행복주택,서울특별시,금천구,서울특별시 금천구 디지털로10길 55,서울금천 행복주택,282,아파트,LH서울,2022-10-31,,,,0,36,36.53,22.16,101600000,381000,39000000
행복주택,서울특별시,금천구,서울특별시 금천구 디지털로10길 55,서울금천 행복주택,282,아파트,LH서울,2022-10-31,,,,0,44,44.43,26.9524,121200000,454500,46000000
행복주택,서울특별시,영등포구,서울특별시 영등포구 가마산로 426,신길센트럴아이파크(신길14구역)_서울리츠2호,55,아파트,SH공사,2019-02-27,혼합식,개별난방,전체동 설치,663,39,39.73,18.06,147110000,515000,0
행복주택,서울특별시,영등포구,서울특별시 영등포구 가마산로 426,신길센트럴아이파크(신길14구역)_서울리츠2호,55,아파트,SH공사,2019-02-27,혼합식,개별난방,전체동 설치,663,49,49.68,22.17,189970000,665000,0
행복주택,서울특별시,영등포구,서울특별시 영등포구 경인로112길 17,신길역봉주르오피스텔(영등포동1가 31-3),12,다세대주택,SH공사,2021-05-17,계단식,개별난방,전체동 설치,50,14E,14.31,6.56,38880000,121000,0
행복주택,서울특별시,영등포구,서울특별시 영등포구 경인로112길 17,신길역봉주르오피스텔(영등포동1가 31-3),12,다세대주택,SH공사,2021-05-17,계단식,개별난방,전체동 설치,50,14G,14.4,6.6,38880000,121000,0
행복주택,서울특별시,영등포구,서울특별시 영등포구 경인로112길 17,신길역봉주르오피스텔(영등포동1가 31-3),12,다세대주택,SH공사,2021-05-17,계단식,개별난방,전체동 설치,50,16F,16.95,7.78,36720000,114000,0
행복주택,서울특별시,영등포구,서울특별시 영등포구 국회대로54길 10,아크로타워스퀘어(영등포1-4)_서울리츠2호,48,아파트,SH공사,2017-08-30,계단식,개별난방,전체동 설치,1609,26.78,26.78,16.86,96460000,338000,0
행복주택,서울특별시,영등포구,서울특별시 영등포구 버드나루로 112,나라키움영등포복합청사 행복주택,63,아파트,한국자산관리공사,2018-12-17,계단식,개별난방,전체동 설치,17,19A,19.26,12.98,49900000,208000,0
행복주택,서울특별시,영등포구,서울특별시 영등포구 버드나루로 112,나라키움영등포복합청사 행복주택,63,아파트,한국자산관리공사,2018-12-17,계단식,개별난방,전체동 설치,17,19B,19.26,12.98,49900000,208000,0
행복주택,서울특별시,영등포구,서울특별시 영등포구 버드나루로 112,나라키움영등포복합청사 행복주택,63,아파트,한국자산관리공사,2018-12-17,계단식,개별난방,전체동 설치,17,20,20.52,13.63,53200000,222000,0
행복주택,서울특별시,영등포구,서울특별시 영등포구 버드나루로 112,나라키움영등포복합청사 행복주택,63,아파트,한국자산관리공사,2018-12-17,계단식,개별난방,전체동 설치,17,20A,20.52,13.63,53200000,222000,0
행복주택,서울특별시,영등포구,서울특별시 영등포구 버드나루로 112,나라키움영등포복합청사 행복주택,63,아파트,한국자산관리공사,2018-12-17,계단식,개별난방,전체동 설치,17,20B,20.52,13.63,56300000,235000,0
행복주택,서울특별시,영등포구,서울특별시 영등포구 버드나루로 112,나라키움영등포복합청사 행복주택,63,아파트,한국자산관리공사,2018-12-17,계단식,개별난방,전체동 설치,17,20C,20.52,13.63,58900000,253000,0
행복주택,서울특별시,영등포구,서울특별시 영등포구 버드나루로 112,나라키움영등포복합청사 행복주택,63,아파트,한국자산관리공사,2018-12-17,계단식,개별난방,전체동 설치,17,21,21,13.92,60800000,253000,0
행복주택,서울특별시,영등포구,서울특별시 영등포구 버드나루로 112,나라키움영등포복합청사 행복주택,63,아파트,한국자산관리공사,2018-12-17,계단식,개별난방,전체동 설치,17,29,29.44,19.04,85200000,355000,0
행복주택,서울특별시,영등포구,서울특별시 영등포구 신길로 29,e편한세상 보라매2차,55,아파트,SH공사,2020-07-04,계단식,개별난방,전체동 설치,1076,59A,59.97,22.76,165600000,538000,0
행복주택,서울특별시,영등포구,서울특별시 영등포구 신길로29길 17,신길센트럴자이(신길12)_서울리츠2호,24,아파트,SH공사,2020-02-01,복도식,개별난방,전체동 설치,24,39A,39.36,21.88,121680000,426000,0
행복주택,서울특별시,영등포구,서울특별시 영등포구 신길로29길 17,신길센트럴자이(신길12)_서울리츠2호,24,아파트,SH공사,2020-02-01,복도식,개별난방,전체동 설치,24,39B,39.01,22.32,121680000,426000,0
행복주택,서울특별시,영등포구,서울특별시 영등포구 여의대방로35가길 19,보라매 SK뷰(신길5)_서울리츠2호,34,아파트,SH공사,2020-01-29,복도식,개별난방,전체동 설치,34,39,39.98,21.22,125760000,440000,0
행복주택,서울특별시,영등포구,서울특별시 영등포구 영신로 247,당산센트럴아이파크(상아현대),87,아파트,SH공사,2020-04-28,계단식,개별난방,전체동 설치,1121,46,46.98,18.46,131480000,427000,0
행복주택,서울특별시,영등포구,서울특별시 영등포구 영신로 247,당산센트럴아이파크(상아현대),87,아파트,SH공사,2020-04-28,계단식,개별난방,전체동 설치,1121,59A,59.98,19.59,176800000,574000,0
행복주택,서울특별시,영등포구,서울특별시 영등포구 영신로 247,당산센트럴아이파크(상아현대),87,아파트,SH공사,2020-04-28,계단식,개별난방,전체동 설치,1121,59B,59.98,19.75,176800000,574000,0
행복주택,서울특별시,영등포구,서울특별시 영등포구 영신로 247,당산센트럴아이파크(상아현대),87,아파트,SH공사,2020-04-28,계단식,개별난방,전체동 설치,1121,59C,59.98,19.46,120000000,479000,0
행복주택,서울특별시,동작구,서울특별시 동작구 사당로23길 112,래미안 로이파크,58,아파트,SH공사,2018-04-23,계단식,개별난방,전체동 설치,876,59A,59.98,20.39,192000000,641000,0
행복주택,서울특별시,동작구,서울특별시 동작구 사당로23길 112,래미안 로이파크,58,아파트,SH공사,2018-04-23,계단식,개별난방,전체동 설치,876,59B,59.98,21.52,126740000,475000,0
행복주택,서울특별시,동작구,서울특별시 동작구 사당로27길 217,학수복합(서울리츠2호),7,다세대주택,SH공사,2019-02-01,계단식,개별난방,전체동 설치,4,20A,20.85,14.64,43828000,153400,0
행복주택,서울특별시,동작구,서울특별시 동작구 사당로27길 217,학수복합(서울리츠2호),7,다세대주택,SH공사,2019-02-01,계단식,개별난방,전체동 설치,4,20B,21.11,15.01,59470000,208000,0
행복주택,서울특별시,동작구,서울특별시 동작구 사당로27길 217,학수복합(서울리츠2호),7,다세대주택,SH공사,2019-02-01,계단식,개별난방,전체동 설치,4,21A,20.76,13.94,56230000,197000,0
행복주택,서울특별시,동작구,서울특별시 동작구 서달로 123,에듀포레(흑석8)_서울리츠2호,7,아파트,SH공사,2018-11-29,복도식,개별난방,전체동 설치,7,39,39.78,21.17,96685000,338400,0
행복주택,서울특별시,동작구,서울특별시 동작구 양녕로 210-4,상도동211-435 467 행복주택(서울리츠2호),25,다세대주택,SH공사,2020-10-31,계단식,개별난방,전체동 설치,4,20,20.32,14.23,40910000,143000,0
행복주택,서울특별시,동작구,서울특별시 동작구 양녕로 210-4,상도동211-435 467 행복주택(서울리츠2호),25,다세대주택,SH공사,2020-10-31,계단식,개별난방,전체동 설치,4,20A,20.01,11.15,38620000,135000,0
행복주택,서울특별시,동작구,서울특별시 동작구 양녕로 210-4,상도동211-435 467 행복주택(서울리츠2호),25,다세대주택,SH공사,2020-10-31,계단식,개별난방,전체동 설치,4,20B,20.02,10.98,40910000,143000,0
행복주택,서울특별시,동작구,서울특별시 동작구 양녕로 210-4,상도동211-435 467 행복주택(서울리츠2호),25,다세대주택,SH공사,2020-10-31,계단식,개별난방,전체동 설치,4,20C,21.19,12.68,38620000,135000,0
행복주택,서울특별시,동작구,서울특별시 동작구 양녕로 210-4,상도동211-435 467 행복주택(서울리츠2호),25,다세대주택,SH공사,2020-10-31,계단식,개별난방,전체동 설치,4,21,21.93,15.34,43520000,159000,0
행복주택,서울특별시,동작구,서울특별시 동작구 양녕로 210-4,상도동211-435 467 행복주택(서울리츠2호),25,다세대주택,SH공사,2020-10-31,계단식,개별난방,전체동 설치,4,22,22.05,15.3,38620000,135000,0
행복주택,서울특별시,동작구,서울특별시 동작구 여의대방로22길 121,보라매자이,232,아파트,SH공사,2021-10-29,계단식,개별난방,전체동 설치,969,36A,36.6015,10.3182,112000000,372000,0
행복주택,서울특별시,동작구,서울특별시 동작구 여의대방로22길 121,보라매자이,232,아파트,SH공사,2021-10-29,계단식,개별난방,전체동 설치,969,44A,44.3845,14.0865,135200000,451000,0
행복주택,서울특별시,동작구,서울특별시 동작구 여의대방로22길 121,보라매자이,232,아파트,SH공사,2021-10-29,계단식,개별난방,전체동 설치,969,59A,59.9365,24.1949,183200000,610000,0
행복주택,서울특별시,동작구,서울특별시 동작구 여의대방로22길 121,보라매자이,232,아파트,SH공사,2021-10-29,계단식,개별난방,전체동 설치,969,59B1,59.9278,25.3317,183200000,610000,0
행복주택,서울특별시,동작구,서울특별시 동작구 여의대방로22길 121,보라매자이,232,아파트,SH공사,2021-10-29,계단식,개별난방,전체동 설치,969,59B2,59.9459,25.026,183200000,610000,0
행복주택,서울특별시,동작구,서울특별시 동작구 여의대방로22길 121,보라매자이,232,아파트,SH공사,2021-10-29,계단식,개별난방,전체동 설치,969,59C,59.8807,25.3212,183200000,610000,0
행복주택,서울특별시,동작구,서울특별시 동작구 현충로 52,아크로리버하임(흑석7)_서울리츠2호,7,아파트,SH공사,2018-11-23,복도식,개별난방,전체동 설치,7,39,39.771,14.539,181620000,636000,0
행복주택,서울특별시,관악구,서울특별시 관악구 남부순환로 1845,더헤르미온(봉천동 1666-51),19,다세대주택,SH공사,2021-03-31,복도식,개별난방,전체동 설치,84,10,10.87,1.05,37440000,133000,0
행복주택,서울특별시,관악구,서울특별시 관악구 남부순환로 1845,더헤르미온(봉천동 1666-51),19,다세대주택,SH공사,2021-03-31,복도식,개별난방,전체동 설치,84,11A,11.61,1.08,37440000,133000,0
행복주택,서울특별시,관악구,서울특별시 관악구 남부순환로 1845,더헤르미온(봉천동 1666-51),19,다세대주택,SH공사,2021-03-31,복도식,개별난방,전체동 설치,84,11B,11.69,1,37440000,133000,0
행복주택,서울특별시,관악구,서울특별시 관악구 참숯1길 19,e편한세상 서울대입구2차(봉천12-1)_서울리츠2호,27,아파트,SH공사,2020-04-01,복도식,개별난방,전체동 설치,27,39,39.79,19,141920000,497000,0
행복주택,서울특별시,관악구,서울특별시 관악구 참숯5길 7,e편한세상서울대입구(봉천12-2)_서울리츠2호,23,아파트,SH공사,2020-01-28,복도식,개별난방,전체동 설치,23,30,30.11,13.413,97410000,341000,0
행복주택,서울특별시,관악구,서울특별시 관악구 청룡10길 45,e편한세상 서울대입구_재건축,47,아파트,SH공사,2019-06-25,복도식,개별난방,전체동 설치,210,50,50.24,21.6,130400000,446000,0
행복주택,서울특별시,관악구,서울특별시 관악구 청룡10길 45,e편한세상 서울대입구_재건축,47,아파트,SH공사,2019-06-25,복도식,개별난방,전체동 설치,210,59A1,59.9,22.18,103800000,424000,0
행복주택,서울특별시,관악구,서울특별시 관악구 청룡10길 45,e편한세상 서울대입구_재건축,47,아파트,SH공사,2019-06-25,복도식,개별난방,전체동 설치,210,59A2,59.9,22.7,155200000,531000,0
행복주택,서울특별시,관악구,서울특별시 관악구 청룡10길 45,e편한세상 서울대입구_재건축,47,아파트,SH공사,2019-06-25,복도식,개별난방,전체동 설치,210,59B,59.88,22.71,155200000,531000,0
행복주택,서울특별시,관악구,서울특별시 관악구 청룡10길 45,e편한세상 서울대입구_재건축,47,아파트,SH공사,2019-06-25,복도식,개별난방,전체동 설치,210,59C,59.96,20.88,103800000,424000,0
행복주택,서울특별시,관악구,서울특별시 관악구 청룡10길 45,e편한세상 서울대입구_재건축,47,아파트,SH공사,2019-06-25,복도식,개별난방,전체동 설치,210,59D1,59.96,22.02,155200000,531000,0
행복주택,서울특별시,관악구,서울특별시 관악구 청룡10길 45,e편한세상 서울대입구_재건축,47,아파트,SH공사,2019-06-25,복도식,개별난방,전체동 설치,210,59D2,59.96,22.19,103800000,424000,0
행복주택,서울특별시,서초구,서울특별시 서초구 고무래로 89,반포센트럴푸르지오써밋,130,아파트,SH공사,2018-09-28,계단식,지역난방,전체동 설치,853,49,49.8,15.91,203200000,678000,0
행복주택,서울특별시,서초구,서울특별시 서초구 고무래로 89,반포센트럴푸르지오써밋,130,아파트,SH공사,2018-09-28,계단식,지역난방,전체동 설치,853,59C,59.32,19.54,244800000,816000,0
행복주택,서울특별시,서초구,서울특별시 서초구 나루터로 37,신반포르엘,31,아파트,SH공사,2023-06-28,계단식,지역난방,전체동 설치,529,49,49.98,16.7,203200000,0,0
행복주택,서울특별시,서초구,서울특별시 서초구 나루터로 37,신반포르엘,31,아파트,SH공사,2023-06-28,계단식,지역난방,전체동 설치,529,59,59.99,20.66,243200000,809000,0
행복주택,서울특별시,서초구,서울특별시 서초구 명달로9길 57,방배아트자이,41,아파트,SH공사,2018-10-29,계단식,지역난방,전체동 설치,572,59A,59.99,20.57,240800000,802000,0
행복주택,서울특별시,서초구,서울특별시 서초구 명달로9길 57,방배아트자이,41,아파트,SH공사,2018-10-29,계단식,지역난방,전체동 설치,572,59B,59.98,20.77,240800000,802000,0
행복주택,서울특별시,서초구,서울특별시 서초구 명달로9길 57,방배아트자이,41,아파트,SH공사,2018-10-29,계단식,지역난방,전체동 설치,572,59C,59.9,20.68,251200000,794000,0
행복주택,서울특별시,서초구,서울특별시 서초구 반포대로 310-6,반포센트럴자이,53,아파트,SH공사,2020-03-30,계단식,지역난방,전체동 설치,1202,59A,59.98,22.19,237600000,792000,0
행복주택,서울특별시,서초구,서울특별시 서초구 반포대로 310-6,반포센트럴자이,53,아파트,SH공사,2020-03-30,계단식,지역난방,전체동 설치,1202,59B,59.97,23.05,216000000,702000,0
행복주택,서울특별시,서초구,서울특별시 서초구 반포대로 310-6,반포센트럴자이,53,아파트,SH공사,2020-03-30,계단식,지역난방,전체동 설치,1202,59C,59.97,22.82,216000000,702000,0
행복주택,서울특별시,서초구,서울특별시 서초구 방배로 21,방배그랑자이,2,아파트,SH공사,2021-07-23,계단식,지역난방,전체동 설치,1511,54,54.9954,17.9215,222400000,742000,0
행복주택,서울특별시,서초구,서울특별시 서초구 사평대로 310-4,반포센트레빌아스테리움,16,아파트,SH공사,2021-07-30,계단식,지역난방,전체동 설치,173,59,59.9981,16.5524,237000000,811000,0
행복주택,서울특별시,서초구,서울특별시 서초구 서운로 104,래미안서초에스티지S,91,아파트,SH공사,2018-01-24,계단식,지역난방,전체동 설치,854,59A,59.5,26.88,240800000,803000,0
행복주택,서울특별시,서초구,서울특별시 서초구 서운로 104,래미안서초에스티지S,91,아파트,SH공사,2018-01-24,계단식,지역난방,전체동 설치,854,59B,59.36,27.53,240800000,803000,0
행복주택,서울특별시,서초구,서울특별시 서초구 서운로 62,래미안리더스원,166,아파트,SH공사,2020-09-25,계단식,지역난방,전체동 설치,2516,59A,59.97,24.06,231200000,770000,0
행복주택,서울특별시,서초구,서울특별시 서초구 서운로 62,래미안리더스원,166,아파트,SH공사,2020-09-25,계단식,지역난방,전체동 설치,2516,59B,59.96,25.53,219640000,732000,0
행복주택,서울특별시,서초구,서울특별시 서초구 서초중앙로 206,디에이치 반포 라클라스,128,아파트,SH공사,2021-06-04,계단식,지역난방,전체동 설치,1523,59A,59.9897,21.1339,253600000,846000,0
행복주택,서울특별시,서초구,서울특별시 서초구 서초중앙로 206,디에이치 반포 라클라스,128,아파트,SH공사,2021-06-04,계단식,지역난방,전체동 설치,1523,59C,59.9951,21.8054,253600000,846000,0
행복주택,서울특별시,서초구,서울특별시 서초구 서초중앙로 220,반포래미안아이파크,116,아파트,SH공사,2018-08-30,계단식,지역난방,전체동 설치,1198,49,49.84,27.43,202400000,675000,0
행복주택,서울특별시,서초구,서울특별시 서초구 서초중앙로 220,반포래미안아이파크,116,아파트,SH공사,2018-08-30,계단식,지역난방,전체동 설치,1198,59A,59.95,33.12,238400000,794000,0
행복주택,서울특별시,서초구,서울특별시 서초구 서초중앙로 220,반포래미안아이파크,116,아파트,SH공사,2018-08-30,계단식,지역난방,전체동 설치,1198,59B,59.97,33.01,238400000,794000,0
행복주택,서울특별시,서초구,서울특별시 서초구 신반포로23길 23,반포르엘,53,아파트,SH공사,2022-08-31,계단식,지역난방,전체동 설치,1057,54A,54.8827,17.7883,228000000,760000,0
행복주택,서울특별시,서초구,서울특별시 서초구 신반포로23길 23,반포르엘,53,아파트,SH공사,2022-08-31,계단식,지역난방,전체동 설치,1057,59A,59.9446,19.3988,248800000,829000,0
행복주택,서울특별시,서초구,서울특별시 서초구 잠원로 60,신반포자이,71,아파트,SH공사,2018-07-27,계단식,지역난방,전체동 설치,981,59A,59.93,26.09,265600000,840000,0
행복주택,서울특별시,서초구,서울특별시 서초구 잠원로 60,신반포자이,71,아파트,SH공사,2018-07-27,계단식,지역난방,전체동 설치,981,59B,59.35,25.99,265600000,840000,0
행복주택,서울특별시,서초구,서울특별시 서초구 잠원로 60,신반포자이,71,아파트,SH공사,2018-07-27,계단식,지역난방,전체동 설치,981,59C,59.86,26.39,265600000,840000,0
행복주택,서울특별시,서초구,서울특별시 서초구 잠원로14길 32,래미안 신반포 리오센트,71,아파트,SH공사,2019-06-21,계단식,지역난방,전체동 설치,860,48,48.48,22.83,194400000,648000,0
행복주택,서울특별시,서초구,서울특별시 서초구 잠원로14길 32,래미안 신반포 리오센트,71,아파트,SH공사,2019-06-21,계단식,지역난방,전체동 설치,860,59A,59.95,26.26,258400000,861000,0
행복주택,서울특별시,서초구,서울특별시 서초구 잠원로14길 32,래미안 신반포 리오센트,71,아파트,SH공사,2019-06-21,계단식,지역난방,전체동 설치,860,59B,59.92,25.99,258400000,861000,0
행복주택,서울특별시,서초구,서울특별시 서초구 청계산로9길 1-3,서초선포레,87,아파트,SH공사,2015-09-12,복도식,개별난방,전체동 설치,49,19-S,19.85,11.56,46360000,236000,0
행복주택,서울특별시,서초구,서울특별시 서초구 청계산로9길 1-3,서초선포레,87,아파트,SH공사,2015-09-12,복도식,개별난방,전체동 설치,49,20,20.52,12.28,57600000,192000,0
행복주택,서울특별시,서초구,서울특별시 서초구 청계산로9길 1-3,서초선포레,87,아파트,SH공사,2015-09-12,복도식,개별난방,전체동 설치,49,21A-S,21.13,11.72,60420000,192000,0
행복주택,서울특별시,서초구,서울특별시 서초구 청계산로9길 1-3,서초선포레,87,아파트,SH공사,2015-09-12,복도식,개별난방,전체동 설치,49,21A1,21.58,12.84,51000000,170000,0
행복주택,서울특별시,서초구,서울특별시 서초구 청계산로9길 1-3,서초선포레,87,아파트,SH공사,2015-09-12,복도식,개별난방,전체동 설치,49,21B,21.58,12.84,60420000,192000,0
행복주택,서울특별시,서초구,서울특별시 서초구 청계산로9길 1-3,서초선포레,87,아파트,SH공사,2015-09-12,복도식,개별난방,전체동 설치,49,21B-S,21.58,12.84,56620000,184000,0
행복주택,서울특별시,서초구,서울특별시 서초구 청계산로9길 1-3,서초선포레,87,아파트,SH공사,2015-09-12,복도식,개별난방,전체동 설치,49,29,29.26,17.01,77180000,244000,0
행복주택,서울특별시,서초구,서울특별시 서초구 효령로 391,서초그랑자이,139,아파트,SH공사,2021-06-29,계단식,지역난방,전체동 설치,2892,59B,59.98,24.79,248800000,830000,0
행복주택,서울특별시,서초구,서울특별시 서초구 효령로 391,서초그랑자이,139,아파트,SH공사,2021-06-29,계단식,지역난방,전체동 설치,2892,59C,59.99,24.493,248800000,830000,0
행복주택,서울특별시,강남구,서울특별시 강남구 개포로 264,개포래미안포레스트,120,아파트,SH공사,2020-09-30,계단식,지역난방,전체동 설치,3961,49,49.92,24.39,187200000,656000,0
행복주택,서울특별시,강남구,서울특별시 강남구 개포로 264,개포래미안포레스트,120,아파트,SH공사,2020-09-30,계단식,지역난방,전체동 설치,3961,59A,59.92,26.13,236000000,827000,0
행복주택,서울특별시,강남구,서울특별시 강남구 개포로 264,개포래미안포레스트,120,아파트,SH공사,2020-09-30,계단식,지역난방,전체동 설치,3961,59B,59.96,26.15,215200000,698000,0
행복주택,서울특별시,강남구,서울특별시 강남구 개포로110길 38,디에이치포레센트,11,아파트,SH공사,2021-01-22,계단식,지역난방,전체동 설치,327,59,59.92,20.7,218880000,766000,0
행복주택,서울특별시,강남구,서울특별시 강남구 개포로110길 50,래미안개포루체하임,50,아파트,SH공사,2018-11-21,계단식,지역난방,전체동 설치,1301,49,49.99,25.37,196800000,689000,0
행복주택,서울특별시,강남구,서울특별시 강남구 개포로110길 50,래미안개포루체하임,50,아파트,SH공사,2018-11-21,계단식,지역난방,전체동 설치,1301,59A,59.99,26.18,184800000,693000,0
행복주택,서울특별시,강남구,서울특별시 강남구 개포로110길 50,래미안개포루체하임,50,아파트,SH공사,2018-11-21,계단식,지역난방,전체동 설치,1301,59B,59.97,27.09,184800000,693000,0
행복주택,서울특별시,강남구,서울특별시 강남구 개포로110길 50,래미안개포루체하임,50,아파트,SH공사,2018-11-21,계단식,지역난방,전체동 설치,1301,59C,59.98,26.67,247200000,825000,0
행복주택,서울특별시,강남구,서울특별시 강남구 밤고개로 165,수서역세권 A1BL 행복주택,830,아파트,LH서울,2022-09-13,복도식,지역난방,,417,14,14.69,8.319,44280000,158670,16000000
행복주택,서울특별시,강남구,서울특별시 강남구 밤고개로 165,수서역세권 A1BL 행복주택,830,아파트,LH서울,2022-09-13,복도식,지역난방,,417,26,26.54,13.9212,64500000,231120,23000000
행복주택,서울특별시,강남구,서울특별시 강남구 밤고개로 165,수서역세권 A1BL 행복주택,830,아파트,LH서울,2022-09-13,복도식,지역난방,,417,36,36.6,18.5753,118400000,424260,43000000
행복주택,서울특별시,강남구,서울특별시 강남구 밤고개로 165,수서역세권 A1BL 행복주택,830,아파트,LH서울,2022-09-13,복도식,지역난방,,417,36,36.84,18.9356,118400000,424260,43000000
행복주택,서울특별시,강남구,서울특별시 강남구 밤고개로 165,수서역세권 A1BL 행복주택,830,아파트,LH서울,2022-09-13,복도식,지역난방,,417,44,44.89,22.6298,141600000,507400,52000000
행복주택,서울특별시,강남구,서울특별시 강남구 삼성로 11,디에이치 아너힐즈,85,아파트,SH공사,2019-08-29,계단식,지역난방,전체동 설치,2103,49A,49.4,18.14,204000000,696000,0
행복주택,서울특별시,강남구,서울특별시 강남구 삼성로 11,디에이치 아너힐즈,85,아파트,SH공사,2019-08-29,계단식,지역난방,전체동 설치,2103,49B,49.4,18.19,204000000,696000,0
행복주택,서울특별시,강남구,서울특별시 강남구 삼성로 14,개포자이프레지던스,18,아파트,SH공사,2023-02-28,복도식,지역난방,전체동 설치,5881,39,39.945,19.9224,146680000,525000,0
행복주택,서울특별시,강남구,서울특별시 강남구 삼성로 14,개포자이프레지던스,18,아파트,SH공사,2023-02-28,복도식,지역난방,전체동 설치,5881,45,45.8769,22.5696,176000000,631000,0
행복주택,서울특별시,강남구,서울특별시 강남구 삼성로 629,삼성동 센트럴 IPARK,57,아파트,SH공사,2018-03-30,계단식,지역난방,전체동 설치,498,49A,49.96,24.27,204800000,701000,0
행복주택,서울특별시,강남구,서울특별시 강남구 삼성로 629,삼성동 센트럴 IPARK,57,아파트,SH공사,2018-03-30,계단식,지역난방,전체동 설치,498,49B,49.94,24.97,204800000,701000,0
행복주택,서울특별시,강남구,서울특별시 강남구 삼성로 651,래미안라클래시,81,아파트,SH공사,2021-09-17,계단식,지역난방,전체동 설치,1211,59,59.99,24.47,244800000,858000,0
행복주택,서울특별시,강남구,서울특별시 강남구 선릉로 8,래미안블레스티지,112,아파트,SH공사,2019-02-26,계단식,지역난방,전체동 설치,3115,49A,49.91,17.86,195200000,683000,0
행복주택,서울특별시,강남구,서울특별시 강남구 선릉로 8,래미안블레스티지,112,아파트,SH공사,2019-02-26,계단식,지역난방,전체동 설치,3115,59A,59.97,20.96,241600000,826000,0
행복주택,서울특별시,강남구,서울특별시 강남구 선릉로 8,래미안블레스티지,112,아파트,SH공사,2019-02-26,계단식,지역난방,전체동 설치,3115,59B,59.89,20.9,241600000,826000,0
행복주택,서울특별시,강남구,서울특별시 강남구 선릉로 8,래미안블레스티지,112,아파트,SH공사,2019-02-26,계단식,지역난방,전체동 설치,3115,59B-1,59.9,20.97,241600000,826000,0
행복주택,서울특별시,강남구,서울특별시 강남구 선릉로 8,래미안블레스티지,112,아파트,SH공사,2019-02-26,계단식,지역난방,전체동 설치,3115,59C,59.84,20.94,241600000,826000,0
행복주택,서울특별시,강남구,서울특별시 강남구 영동대로 22,디에이치자이 개포,306,아파트,SH공사,2021-07-30,혼합식,지역난방,전체동 설치,3239,41A,41.91,22.34,167960000,561000,0
행복주택,서울특별시,강남구,서울특별시 강남구 영동대로 22,디에이치자이 개포,306,아파트,SH공사,2021-07-30,혼합식,지역난방,전체동 설치,3239,44A,44.84,23.57,177840000,607000,0
행복주택,서울특별시,강남구,서울특별시 강남구 영동대로 22,디에이치자이 개포,306,아파트,SH공사,2021-07-30,혼합식,지역난방,전체동 설치,3239,44B,44.57,24.28,188800000,628000,0
행복주택,서울특별시,강남구,서울특별시 강남구 자곡로11길 11,수서역세권 A3BL 행복주택,199,아파트,LH서울,2023-06-02,혼합식,지역난방,,719,46,46.95,25.8392,158800000,555800,57000000
행복주택,서울특별시,강남구,서울특별시 강남구 자곡로11길 11,수서역세권 A3BL 행복주택,199,아파트,LH서울,2023-06-02,혼합식,지역난방,,719,46,46.99,25.8612,158800000,555800,57000000
행복주택,서울특별시,강남구,서울특별시 강남구 자곡로11길 11,수서역세권 A3BL 행복주택,199,아파트,LH서울,2023-06-02,혼합식,지역난방,,719,55,55.77,30.6934,192400000,673400,69000000
행복주택,서울특별시,강남구,서울특별시 강남구 자곡로11길 11,수서역세권 A3BL 행복주택,199,아파트,LH서울,2023-06-02,혼합식,지역난방,,719,55,55.97,30.8034,197200000,690200,70000000
행복주택,서울특별시,송파구,서울특별시 송파구 거마로 56,송파시그니처롯데캐슬(거여2-1)_서울리츠2호,43,아파트,SH공사,2021-12-31,복도식,지역난방,전체동 설치,1860,39,39.9,21.06,123880000,423000,0
행복주택,서울특별시,송파구,서울특별시 송파구 거마로 56,송파시그니처롯데캐슬,43,아파트,SH공사,2021-12-31,복도식,지역난방,전체동 설치,1860,39A,39.9,21.06,120000000,400000,0
행복주택,서울특별시,송파구,서울특별시 송파구 거마로 56,송파시그니처롯데캐슬,43,아파트,SH공사,2021-12-31,복도식,지역난방,전체동 설치,1860,41,41.96,22.1,125600000,419000,0
행복주택,서울특별시,송파구,서울특별시 송파구 거마로 56,송파시그니처롯데캐슬,43,아파트,SH공사,2021-12-31,복도식,지역난방,전체동 설치,1860,51,51.97,27.47,155200000,517000,0
행복주택,서울특별시,송파구,서울특별시 송파구 백제고분로32길 40-5,서울삼전 행복주택,40,아파트,LH서울,2015-09-16,,,전체동 설치,23,20,20.36,11.3918,66780000,284160,29000000
행복주택,서울특별시,송파구,서울특별시 송파구 백제고분로32길 40-5,서울삼전 행복주택,40,아파트,LH서울,2015-09-16,,,전체동 설치,23,26,26.21,14.1806,85968000,366660,37000000
행복주택,서울특별시,송파구,서울특별시 송파구 백제고분로32길 40-5,서울삼전 행복주택,40,아파트,LH서울,2015-09-16,,,전체동 설치,23,41,41.39,21.4787,122928000,522500,53000000
행복주택,서울특별시,송파구,서울특별시 송파구 백제고분로7길 8-40,서울잠실 행복주택,40,아파트,LH서울,2021-12-31,복도식,,,9,14,14.99,13.2916,70400000,311660,32000000
행복주택,서울특별시,송파구,서울특별시 송파구 백제고분로7길 8-40,서울잠실 행복주택,40,아파트,LH서울,2021-12-31,복도식,,,9,26,26.25,23.2758,130400000,546330,56000000
행복주택,서울특별시,송파구,서울특별시 송파구 성내천로47길 22,마천지구 (3단지) 도시형생활주택,148,아파트,SH공사,2017-01-03,복도식,개별난방,전체동 설치,81,21A,21.92,12.07,56880000,180000,0
행복주택,서울특별시,송파구,서울특별시 송파구 성내천로47길 22,마천지구 (3단지) 도시형생활주택,148,아파트,SH공사,2017-01-03,복도식,개별난방,전체동 설치,81,31A,31.98,16.91,72720000,236000,0
행복주택,서울특별시,송파구,서울특별시 송파구 성내천로47길 22,마천지구 (3단지) 도시형생활주택,148,아파트,SH공사,2017-01-03,복도식,개별난방,전체동 설치,81,31AS,31.98,16.91,55860000,274000,0
행복주택,서울특별시,송파구,서울특별시 송파구 송파대로 345,송파헬리오시티,1401,아파트,SH공사,2018-12-28,계단식,지역난방,전체동 설치,12105,39A,39.1,22.27,133920000,434000,0
행복주택,서울특별시,송파구,서울특별시 송파구 송파대로 345,송파헬리오시티,1401,아파트,SH공사,2018-12-28,계단식,지역난방,전체동 설치,12105,39B,39.12,22.41,148800000,482000,0
행복주택,서울특별시,송파구,서울특별시 송파구 송파대로 345,송파헬리오시티,1401,아파트,SH공사,2018-12-28,계단식,지역난방,전체동 설치,12105,39C,39.86,22.6,94229000,329800,0
행복주택,서울특별시,송파구,서울특별시 송파구 송파대로 345,송파헬리오시티,1401,아파트,SH공사,2018-12-28,계단식,지역난방,전체동 설치,12105,39D,39.17,22.27,125120000,397000,0
행복주택,서울특별시,송파구,서울특별시 송파구 송파대로 345,송파헬리오시티,1401,아파트,SH공사,2018-12-28,계단식,지역난방,전체동 설치,12105,49A,49.19,23.28,195200000,569000,0
행복주택,서울특별시,송파구,서울특별시 송파구 송파대로 345,송파헬리오시티,1401,아파트,SH공사,2018-12-28,계단식,지역난방,전체동 설치,12105,49B,49.32,23.3,124800000,436800,0
행복주택,서울특별시,송파구,서울특별시 송파구 송파대로 345,송파헬리오시티,1401,아파트,SH공사,2018-12-28,계단식,지역난방,전체동 설치,12105,49C,49.29,23.62,185440000,540000,0
행복주택,서울특별시,송파구,서울특별시 송파구 송파대로 345,송파헬리오시티,1401,아파트,SH공사,2018-12-28,계단식,지역난방,전체동 설치,12105,49D,49.21,23.31,195200000,569000,0
행복주택,서울특별시,송파구,서울특별시 송파구 송파대로 345,송파헬리오시티,1401,아파트,SH공사,2018-12-28,계단식,지역난방,전체동 설치,12105,59A,59.96,24.14,232800000,678000,0
행복주택,서울특별시,송파구,서울특별시 송파구 오금로 551,e편한세상 송파파크센트럴_재건축,20,아파트,SH공사,2020-06-22,계단식,지역난방,전체동 설치,1479,34,34.93,19.58,86400000,252000,0
행복주택,서울특별시,송파구,서울특별시 송파구 오금로 551,e편한세상송파파크센트럴(거여2-2)_서울리츠2호,30,아파트,SH공사,2020-07-01,복도식,지역난방,전체동 설치,1479,34,34.93,19.58,142500000,487000,0
행복주택,서울특별시,송파구,서울특별시 송파구 오금로 551,e편한세상 송파파크센트럴_재건축,20,아파트,SH공사,2020-06-22,계단식,지역난방,전체동 설치,1479,45A,45.07,24.65,124000000,362000,0
행복주택,서울특별시,송파구,서울특별시 송파구 오금로 551,e편한세상 송파파크센트럴_재건축,20,아파트,SH공사,2020-06-22,계단식,지역난방,전체동 설치,1479,45B,45.07,24.53,124000000,362000,0
행복주택,서울특별시,송파구,서울특별시 송파구 오금로 551,e편한세상 송파파크센트럴_재건축,20,아파트,SH공사,2020-06-22,계단식,지역난방,전체동 설치,1479,59E,59.69,32.03,192000000,607000,0
행복주택,서울특별시,송파구,서울특별시 송파구 오금로53길 14,거여 리본타운,128,아파트,SH공사,2018-05-10,복도식,개별난방,전체동 설치,98,29A,29.84,14.93,48960000,155000,0
행복주택,서울특별시,송파구,서울특별시 송파구 오금로53길 14,거여 리본타운,128,아파트,SH공사,2018-05-10,복도식,개별난방,전체동 설치,98,29B,29.93,14.89,46240000,150000,0
행복주택,서울특별시,송파구,서울특별시 송파구 오금로53길 14,거여 리본타운,128,아파트,SH공사,2018-05-10,복도식,개별난방,전체동 설치,98,29C,29.61,15.08,52200000,170000,0
행복주택,서울특별시,송파구,서울특별시 송파구 오금로53길 14,거여 리본타운,128,아파트,SH공사,2018-05-10,복도식,개별난방,전체동 설치,98,29D,29.58,15.1,54400000,172000,0
행복주택,서울특별시,송파구,서울특별시 송파구 오금로53길 14,거여 리본타운,128,아파트,SH공사,2018-05-10,복도식,개별난방,전체동 설치,98,29E,29.94,14.88,48960000,159000,0
행복주택,서울특별시,송파구,서울특별시 송파구 오금로53길 14,거여 리본타운,128,아파트,SH공사,2018-05-10,복도식,개별난방,전체동 설치,98,29F,29.72,15,50920000,148000,0
행복주택,서울특별시,송파구,서울특별시 송파구 오금로53길 14,거여 리본타운,128,아파트,SH공사,2018-05-10,복도식,개별난방,전체동 설치,98,29G,29.76,14.98,55100000,179000,0
행복주택,서울특별시,송파구,서울특별시 송파구 오금로53길 14,거여 리본타운,128,아파트,SH공사,2018-05-10,복도식,개별난방,전체동 설치,98,30A,30.16,14.74,48960000,159000,0
행복주택,서울특별시,송파구,서울특별시 송파구 오금로53길 14,거여 리본타운,128,아파트,SH공사,2018-05-10,복도식,개별난방,전체동 설치,98,30B,30.41,14.58,48240000,140000,0
행복주택,서울특별시,송파구,서울특별시 송파구 오금로53길 14,거여 리본타운,128,아파트,SH공사,2018-05-10,복도식,개별난방,전체동 설치,98,30C,30.08,14.78,55100000,179000,0
행복주택,서울특별시,송파구,서울특별시 송파구 오금로53길 14,거여 리본타운,128,아파트,SH공사,2018-05-10,복도식,개별난방,전체동 설치,98,36A,36.12,17.12,56160000,164000,0
행복주택,서울특별시,송파구,서울특별시 송파구 오금로53길 14,거여 리본타운,128,아파트,SH공사,2018-05-10,복도식,개별난방,전체동 설치,98,39A,39.18,18.43,76000000,247000,0
행복주택,서울특별시,송파구,서울특별시 송파구 올림픽로43길 34,잠실올림픽공원아이파크,95,아파트,SH공사,2019-11-14,계단식,지역난방,전체동 설치,941,59A,59.97,23.66,211200000,704000,0
행복주택,서울특별시,송파구,서울특별시 송파구 올림픽로43길 34,잠실올림픽공원아이파크,95,아파트,SH공사,2019-11-14,계단식,지역난방,전체동 설치,941,59B,59.97,24.06,208240000,678000,0
행복주택,서울특별시,송파구,서울특별시 송파구 올림픽로43길 34,잠실올림픽공원아이파크,95,아파트,SH공사,2019-11-14,계단식,지역난방,전체동 설치,941,59C,59.92,24.57,208240000,678000,0
행복주택,서울특별시,송파구,서울특별시 송파구 올림픽로43길 34,잠실올림픽공원아이파크,95,아파트,SH공사,2019-11-14,계단식,지역난방,전체동 설치,941,59T,59.93,24.77,147200000,516000,0
행복주택,서울특별시,송파구,서울특별시 송파구 토성로6길 4,풍납동269-28 행복주택(서울리츠2호),8,다세대주택,SH공사,2020-10-31,계단식,개별난방,미설치,2,18,18.53,11.63,54880000,178000,0
행복주택,서울특별시,송파구,서울특별시 송파구 토성로6길 4,풍납동269-28 행복주택(서울리츠2호),8,다세대주택,SH공사,2020-10-31,계단식,개별난방,미설치,2,21,21.43,13.25,59240000,193000,0
행복주택,서울특별시,강동구,서울특별시 강동구 고덕로 333,고덕 그라시움,140,아파트,SH공사,2019-09-27,계단식,지역가스난방,전체동 설치,6905,59A,59.79,22.76,176800000,590000,0
행복주택,서울특별시,강동구,서울특별시 강동구 고덕로 333,고덕 그라시움,140,아파트,SH공사,2019-09-27,계단식,지역가스난방,전체동 설치,6905,59B,59.51,23.09,122800000,440000,0
행복주택,서울특별시,강동구,서울특별시 강동구 고덕로 333,고덕 그라시움,140,아파트,SH공사,2019-09-27,계단식,지역가스난방,전체동 설치,6905,59C,59.02,23.37,176800000,590000,0
행복주택,서울특별시,강동구,서울특별시 강동구 고덕로 333,고덕 그라시움,140,아파트,SH공사,2019-09-27,계단식,지역가스난방,전체동 설치,6905,59D,59.05,23.31,176800000,590000,0
행복주택,서울특별시,강동구,서울특별시 강동구 고덕로 360,고덕아르테온,108,아파트,SH공사,2020-02-26,계단식,지역난방,전체동 설치,6405,59A,59.98,21.07,140800000,552000,0
행복주택,서울특별시,강동구,서울특별시 강동구 고덕로 360,고덕아르테온,108,아파트,SH공사,2020-02-26,계단식,지역난방,전체동 설치,6405,59B,59.96,21.44,0,0,0
행복주택,서울특별시,강동구,서울특별시 강동구 고덕로 360,고덕아르테온,108,아파트,SH공사,2020-02-26,계단식,지역난방,전체동 설치,6405,59C,59.98,21.58,0,0,0
행복주택,서울특별시,강동구,서울특별시 강동구 고덕로 360,고덕아르테온,108,아파트,SH공사,2020-02-26,계단식,지역난방,전체동 설치,6405,59D,59.83,21.03,0,0,0
행복주택,서울특별시,강동구,서울특별시 강동구 고덕로 399,고덕센트럴푸르지오(서울승합차고지),142,아파트,SH공사,2020-08-20,계단식,지역난방,전체동 설치,0,40A,40.09,21.62,101600000,398000,0
행복주택,서울특별시,강동구,서울특별시 강동구 고덕로 399,고덕센트럴푸르지오(서울승합차고지),142,아파트,SH공사,2020-08-20,계단식,지역난방,전체동 설치,0,40B,40.92,21.87,101600000,398000,0
행복주택,서울특별시,강동구,서울특별시 강동구 고덕로80길 99,고덕센트럴아이파크,96,아파트,SH공사,2019-12-30,계단식,지역난방,전체동 설치,2550,59A,59.97,22.29,140000000,547000,0
행복주택,서울특별시,강동구,서울특별시 강동구 고덕로80길 99,고덕센트럴아이파크,96,아파트,SH공사,2019-12-30,계단식,지역난방,전체동 설치,2550,59B,59.91,22.51,119200000,428000,0
행복주택,서울특별시,강동구,서울특별시 강동구 고덕로80길 99,고덕센트럴아이파크,96,아파트,SH공사,2019-12-30,계단식,지역난방,전체동 설치,2550,59C,59.99,22.71,140000000,547000,0
행복주택,서울특별시,강동구,서울특별시 강동구 고덕로97길 100,강일리버파크 11,346,아파트,SH공사,2015-10-29,복도식,개별난방,전체동 설치,244,29A,29.96,17.48,59040000,231000,0
행복주택,서울특별시,강동구,서울특별시 강동구 고덕로97길 100,강일리버파크 11,346,아파트,SH공사,2015-10-29,복도식,개별난방,전체동 설치,244,29A-S,29.96,17.48,62320000,244000,0
행복주택,서울특별시,강동구,서울특별시 강동구 고덕로97길 100,강일리버파크 11,346,아파트,SH공사,2015-10-29,복도식,개별난방,전체동 설치,244,29B,29.97,17.42,55760000,218000,0
행복주택,서울특별시,강동구,서울특별시 강동구 고덕로97길 100,강일리버파크 11,346,아파트,SH공사,2015-10-29,복도식,개별난방,전체동 설치,244,29B-S,29.97,17.42,62320000,244000,0
행복주택,서울특별시,강동구,서울특별시 강동구 고덕로98길 101,강동 리엔파크 11단지,600,아파트,SH공사,2021-02-15,복도식,지역난방,전체동 설치,396,17A,17.97,13.65,58480000,205000,0
행복주택,서울특별시,강동구,서울특별시 강동구 고덕로98길 101,강동 리엔파크 11단지,600,아파트,SH공사,2021-02-15,복도식,지역난방,전체동 설치,396,17B,17.98,13.7,61920000,217000,0
행복주택,서울특별시,강동구,서울특별시 강동구 고덕로98길 101,강동 리엔파크 11단지,600,아파트,SH공사,2021-02-15,복도식,지역난방,전체동 설치,396,17C,17.73,13.49,35530000,112300,0
행복주택,서울특별시,강동구,서울특별시 강동구 고덕로98길 101,강동 리엔파크 11단지,600,아파트,SH공사,2021-02-15,복도식,지역난방,전체동 설치,396,29A,29.99,22.29,88560000,281000,0
행복주택,서울특별시,강동구,서울특별시 강동구 고덕로98길 101,강동 리엔파크 11단지,600,아파트,SH공사,2021-02-15,복도식,지역난방,전체동 설치,396,29S,29.98,21.85,109440000,383000,0
행복주택,서울특별시,강동구,서울특별시 강동구 고덕로98길 101,강동 리엔파크 11단지,600,아파트,SH공사,2021-02-15,복도식,지역난방,전체동 설치,396,36A,36.22,26.59,110160000,431000,0
행복주택,서울특별시,강동구,서울특별시 강동구 고덕로98길 101,강동 리엔파크 11단지,600,아파트,SH공사,2021-02-15,복도식,지역난방,전체동 설치,396,36B,36.79,27.57,71820000,227800,0
행복주택,서울특별시,강동구,서울특별시 강동구 고덕로98길 160,강동 리엔파크 14단지,353,아파트,SH공사,2021-02-10,계단식,지역난방,전체동 설치,698,17A,17.81,8.82,61200000,215000,0
행복주택,서울특별시,강동구,서울특별시 강동구 고덕로98길 160,강동 리엔파크 14단지,353,아파트,SH공사,2021-02-10,계단식,지역난방,전체동 설치,698,29AS,29.84,13.96,75600000,296000,0
행복주택,서울특별시,강동구,서울특별시 강동구 고덕로98길 160,강동 리엔파크 14단지,353,아파트,SH공사,2021-02-10,계단식,지역난방,전체동 설치,698,36A,36.87,16.9,105840000,336000,0
행복주택,서울특별시,강동구,서울특별시 강동구 상암로79길 88,롯데캐슬베네루체,97,아파트,SH공사,2019-12-30,계단식,지역난방,전체동 설치,2392,59A,59.98,23.4,133000000,522000,0
행복주택,서울특별시,강동구,서울특별시 강동구 상암로79길 88,롯데캐슬베네루체,97,아파트,SH공사,2019-12-30,계단식,지역난방,전체동 설치,2392,59B,59.98,24.66,140000000,550000,0
행복주택,서울특별시,강동구,서울특별시 강동구 상일로 55,고덕자이,7,아파트,SH공사,2021-01-07,혼합식,지역난방,전체동 설치,2425,48,48.6765,18.803,141600000,494000,0
행복주택,서울특별시,강동구,서울특별시 강동구 상일로 55,고덕자이,7,아파트,SH공사,2021-01-07,혼합식,지역난방,전체동 설치,2425,59B,59.7084,24.5784,173600000,606000,0
행복주택,서울특별시,강동구,서울특별시 강동구 상일로12길 95,푸르내(서울리츠1호),15,아파트,SH공사,2020-01-23,복도식,개별난방,전체동 설치,83,28,28.14,16.02,65860000,214000,0
행복주택,서울특별시,강동구,서울특별시 강동구 상일로12길 95,푸르내(서울리츠1호),15,아파트,SH공사,2020-01-23,복도식,개별난방,전체동 설치,83,28S,28.01,16.09,54880000,178000,0
행복주택,서울특별시,강동구,서울특별시 강동구 상일로12길 95,푸르내(서울리츠1호),15,아파트,SH공사,2020-01-23,복도식,개별난방,전체동 설치,83,38,38.49,21.2,92340000,300000,0
행복주택,서울특별시,강동구,서울특별시 강동구 양재대로 1650,래미안 명일역 솔베뉴,156,아파트,SH공사,2019-06-24,계단식,개별난방,전체동 설치,2304,49A,49.66,19.88,103300000,370000,0
행복주택,서울특별시,강동구,서울특별시 강동구 양재대로 1650,래미안 명일역 솔베뉴,156,아파트,SH공사,2019-06-24,계단식,개별난방,전체동 설치,2304,49B,49.62,20.74,134400000,526000,0
행복주택,서울특별시,강동구,서울특별시 강동구 양재대로 1650,래미안 명일역 솔베뉴,156,아파트,SH공사,2019-06-24,계단식,개별난방,전체동 설치,2304,49C,49.68,20.21,134400000,526000,0
행복주택,서울특별시,강동구,서울특별시 강동구 양재대로 1650,래미안 명일역 솔베뉴,156,아파트,SH공사,2019-06-24,계단식,개별난방,전체동 설치,2304,59A,59.11,24.59,175200000,584000,0
행복주택,서울특별시,강동구,서울특별시 강동구 양재대로 1650,래미안 명일역 솔베뉴,156,아파트,SH공사,2019-06-24,계단식,개별난방,전체동 설치,2304,59B,59.25,24.85,171200000,599000,0
행복주택,서울특별시,강동구,서울특별시 강동구 올림픽로78길 30,힐데스하임천호,32,아파트,SH공사,2022-07-29,계단식,지역난방,전체동 설치,308,52,52.5268,16.7423,136000000,522000,0
행복주택,서울특별시,강동구,서울특별시 강동구 천중로 253,e편한세상강동에코포레(신동아3차),38,아파트,SH공사,2020-03-06,계단식,지역난방,전체동 설치,0,51,51.65,23.2,110960000,434000,0
행복주택,서울특별시,강동구,서울특별시 강동구 천중로 253,e편한세상강동에코포레(신동아3차),38,아파트,SH공사,2020-03-06,계단식,지역난방,전체동 설치,0,59C,59.99,23.86,0,0,0
행복주택,부산광역시,서구,부산광역시 서구 옥천로173번길 61-7,아미4 행복주택,773,아파트,부산도시공사,2023-05-31,계단식,개별난방,전체동 설치,472,29,29.4166,14.3983,21960000,89600,10980000
행복주택,부산광역시,서구,부산광역시 서구 옥천로173번길 61-7,아미4 행복주택,773,아파트,부산도시공사,2023-05-31,계단식,개별난방,전체동 설치,472,29A,29.4166,14.3983,21960000,89600,6588000
행복주택,부산광역시,서구,부산광역시 서구 옥천로173번길 61-7,아미4 행복주택,773,아파트,부산도시공사,2023-05-31,계단식,개별난방,전체동 설치,472,36A,36.7895,17.4467,23400000,95500,7020000
행복주택,부산광역시,서구,부산광역시 서구 옥천로173번길 61-7,아미4 행복주택,773,아파트,부산도시공사,2023-05-31,계단식,개별난방,전체동 설치,472,36A1,36.7895,17.4467,29640000,121000,8892000
행복주택,부산광역시,서구,부산광역시 서구 옥천로173번길 61-7,아미4 행복주택,773,아파트,부산도시공사,2023-05-31,계단식,개별난방,전체동 설치,472,36B,36.7854,17.4196,26520000,108200,7956000
행복주택,부산광역시,서구,부산광역시 서구 옥천로173번길 61-7,아미4 행복주택,773,아파트,부산도시공사,2023-05-31,계단식,개별난방,전체동 설치,472,36B1,36.7854,17.4196,29640000,121000,8892000
행복주택,부산광역시,서구,부산광역시 서구 옥천로173번길 61-7,아미4 행복주택,773,아파트,부산도시공사,2023-05-31,계단식,개별난방,전체동 설치,472,44A,44.9703,21.2035,34560000,141100,10368000
행복주택,부산광역시,서구,부산광역시 서구 옥천로173번길 61-7,아미4 행복주택,773,아파트,부산도시공사,2023-05-31,계단식,개별난방,전체동 설치,472,45A,45.3244,21.0824,34920000,142500,10476000
행복주택,부산광역시,서구,부산광역시 서구 옥천로173번길 61-7,아미4 행복주택,773,아파트,부산도시공사,2023-05-31,계단식,개별난방,전체동 설치,472,45B,45.3244,21.0824,38800000,158400,19400000
행복주택,부산광역시,서구,부산광역시 서구 옥천로173번길 61-7,아미4 행복주택,773,아파트,부산도시공사,2023-05-31,계단식,개별난방,전체동 설치,472,59A,59.956,27.4365,51600000,210700,1548000
행복주택,부산광역시,부산진구,부산광역시 부산진구 신천대로 156,오픈테스트 행복주택,5,아파트,부산도시공사,2023-10-12,계단식,개별난방,전체동 설치,10,59,59,10,10000000,100000,10000000
행복주택,부산광역시,동래구,부산광역시 동래구 반송로 164,동래 행복주택,395,아파트,부산도시공사,2019-10-06,계단식,개별난방,전체동 설치,188,19A,19.3078,11.9135,24912000,103800,12000000
행복주택,부산광역시,동래구,부산광역시 동래구 반송로 164,동래 행복주택,395,아파트,부산도시공사,2019-10-06,계단식,개별난방,전체동 설치,188,19A1,19.3078,11.7734,24912000,103800,12000000
행복주택,부산광역시,동래구,부산광역시 동래구 반송로 164,동래 행복주택,395,아파트,부산도시공사,2019-10-06,계단식,개별난방,전체동 설치,188,25A,25.1886,15.2062,30124000,125500,15000000
행복주택,부산광역시,동래구,부산광역시 동래구 반송로 164,동래 행복주택,395,아파트,부산도시공사,2019-10-06,계단식,개별난방,전체동 설치,188,29A,29.0646,17.3548,36432000,151800,18000000
행복주택,부산광역시,동래구,부산광역시 동래구 반송로 164,동래 행복주택,395,아파트,부산도시공사,2019-10-06,계단식,개별난방,전체동 설치,188,32A,32.5086,19.0013,44880000,187000,22000000
행복주택,부산광역시,동래구,부산광역시 동래구 반송로 164,동래 행복주택,395,아파트,부산도시공사,2019-10-06,계단식,개별난방,전체동 설치,188,32A1,32.4158,18.8288,40284000,167800,20000000
행복주택,부산광역시,동래구,부산광역시 동래구 반송로 164,동래 행복주택,395,아파트,부산도시공사,2019-10-06,계단식,개별난방,전체동 설치,188,36A,36.4001,21.3273,49720000,207100,24000000
행복주택,부산광역시,동래구,부산광역시 동래구 반송로 164,동래 행복주택,395,아파트,부산도시공사,2019-10-06,계단식,개별난방,전체동 설치,188,36C,36.6935,21.4276,50120000,208800,25000000
행복주택,부산광역시,남구,부산광역시 남구 동명로 183,부산용호(행복주택),14,아파트,LH부산울산,2017-03-31,복도식,,미설치,7,16,16.44,11.873,17600000,103860,7000000
행복주택,부산광역시,남구,부산광역시 남구 동명로 183,부산용호(행복주택),14,아파트,LH부산울산,2017-03-31,복도식,,미설치,7,16,16.92,12.2197,17600000,103860,7000000
행복주택,부산광역시,남구,부산광역시 남구 이기대공원로 18,용호행복주택,68,아파트,부산도시공사,2022-12-23,계단식,개별난방,전체동 설치,74,26A,26.0041,11.9695,35340000,144300,17670000
행복주택,부산광역시,남구,부산광역시 남구 이기대공원로 18,용호행복주택,68,아파트,부산도시공사,2022-12-23,계단식,개별난방,전체동 설치,74,26A,26.0041,11.9843,35340000,144300,17670000
행복주택,부산광역시,남구,부산광역시 남구 이기대공원로 18,용호행복주택,68,아파트,부산도시공사,2022-12-23,계단식,개별난방,전체동 설치,74,26A1,26.0041,11.9695,35340000,144300,17670000
행복주택,부산광역시,남구,부산광역시 남구 이기대공원로 18,용호행복주택,68,아파트,부산도시공사,2022-12-23,계단식,개별난방,전체동 설치,74,26B,26.4111,12.0987,34200000,139600,17100000
행복주택,부산광역시,남구,부산광역시 남구 이기대공원로 18,용호행복주택,68,아파트,부산도시공사,2022-12-23,계단식,개별난방,전체동 설치,74,26B1,26.4111,12.0987,36100000,147400,18050000
행복주택,부산광역시,남구,부산광역시 남구 이기대공원로 18,용호행복주택,68,아파트,부산도시공사,2022-12-23,계단식,개별난방,전체동 설치,74,44,44.1405,19.5808,62800000,256400,31400000
행복주택,부산광역시,남구,부산광역시 남구 이기대공원로 18,용호행복주택,68,아파트,부산도시공사,2022-12-23,계단식,개별난방,전체동 설치,74,44_1,44.1405,19.5808,59660000,243600,29830000
행복주택,부산광역시,남구,부산광역시 남구 이기대공원로26번길 21-7,용호 행복주택,42,아파트,부산도시공사,2022-09-30,계단식,개별난방,전체동 설치,49,36A,36.8169,19.2746,34000000,138800,17000000
행복주택,부산광역시,남구,부산광역시 남구 이기대공원로26번길 21-7,용호 행복주택,42,아파트,부산도시공사,2022-09-30,계단식,개별난방,전체동 설치,49,36B,36.9848,18.9394,34000000,138800,17000000
행복주택,부산광역시,남구,부산광역시 남구 이기대공원로26번길 21-7,용호 행복주택,42,아파트,부산도시공사,2022-09-30,계단식,개별난방,전체동 설치,49,59,59.9888,30.2018,65200000,266200,32600000
행복주택,부산광역시,해운대구,부산광역시 해운대구 좌동로 166,부산좌동(창업지원) 행복주택,100,아파트,LH부산울산,2020-10-31,,지역난방,,71,21,21.95,12.5073,28440000,144360,16000000
행복주택,부산광역시,해운대구,부산광역시 해운대구 좌동로 166,부산좌동(창업지원) 행복주택,100,아파트,LH부산울산,2020-10-31,,지역난방,,71,44,44.98,25.63,57200000,288730,34000000
행복주택,부산광역시,강서구,부산광역시 강서구 공항로1309번길 83-22,부산강서 행복주택,40,아파트,LH부산울산,2020-06-30,복도식,,전체동 설치,25,16,16.8,8.1169,22400000,104530,7000000
행복주택,부산광역시,강서구,부산광역시 강서구 공항로1309번길 83-22,부산강서 행복주택,40,아파트,LH부산울산,2020-06-30,복도식,,전체동 설치,25,26,26.42,12.7648,34400000,160530,16000000
행복주택,부산광역시,강서구,부산광역시 강서구 공항로1309번길 83-22,부산강서 행복주택,40,아파트,LH부산울산,2020-06-30,복도식,,전체동 설치,25,36,36.63,17.6978,47200000,220260,22000000
행복주택,부산광역시,강서구,부산광역시 강서구 르노삼성대로 255,부산명지(행복주택),284,아파트,LH부산울산,2022-01-31,복도식,,,203,16,16.7,8.8753,17600000,82130,3000000
행복주택,부산광역시,강서구,부산광역시 강서구 르노삼성대로 255,부산명지(행복주택),284,아파트,LH부산울산,2022-01-31,복도식,,,203,26,26.75,14.2164,27200000,129200,11000000
행복주택,부산광역시,강서구,부산광역시 강서구 르노삼성대로 255,부산명지(행복주택),284,아파트,LH부산울산,2022-01-31,복도식,,,203,36,36.65,19.4779,38400000,182400,18000000
행복주택,부산광역시,연제구,부산광역시 연제구 중앙대로1038번길 40,시청앞 행복주택,1108,아파트,부산도시공사,2023-06-30,계단식,개별난방,전체동 설치,806,26A/B,26.6009,19.4213,40680000,166100,20340000
행복주택,부산광역시,연제구,부산광역시 연제구 중앙대로1038번길 40,시청앞 행복주택,1108,아파트,부산도시공사,2023-06-30,계단식,개별난방,전체동 설치,806,26C,26.6009,19.4213,33900000,138400,16950000
행복주택,부산광역시,연제구,부산광역시 연제구 중앙대로1038번길 40,시청앞 행복주택,1108,아파트,부산도시공사,2023-06-30,계단식,개별난방,전체동 설치,806,26D,26.6009,19.4213,45200000,184570,22600000
행복주택,부산광역시,연제구,부산광역시 연제구 중앙대로1038번길 40,시청앞 행복주택,1108,아파트,부산도시공사,2023-06-30,계단식,개별난방,전체동 설치,806,26OA,26.8246,20.112,38880000,158700,19440000
행복주택,부산광역시,연제구,부산광역시 연제구 중앙대로1038번길 40,시청앞 행복주택,1108,아파트,부산도시공사,2023-06-30,계단식,개별난방,전체동 설치,806,26OB,26.4136,19.6289,38160000,155800,19080000
행복주택,부산광역시,연제구,부산광역시 연제구 중앙대로1038번길 40,시청앞 행복주택,1108,아파트,부산도시공사,2023-06-30,계단식,개별난방,전체동 설치,806,36A,36.2246,25.7037,61600000,251500,30800000
행복주택,부산광역시,연제구,부산광역시 연제구 중앙대로1038번길 40,시청앞 행복주택,1108,아파트,부산도시공사,2023-06-30,계단식,개별난방,전체동 설치,806,36B,36.2246,25.483,61600000,251500,30800000
행복주택,부산광역시,연제구,부산광역시 연제구 중앙대로1038번길 40,시청앞 행복주택,1108,아파트,부산도시공사,2023-06-30,계단식,개별난방,전체동 설치,806,44A,44.9689,31.7188,76800000,31360,38400000
행복주택,부산광역시,연제구,부산광역시 연제구 중앙대로1038번길 40,시청앞 행복주택,1108,아파트,부산도시공사,2023-06-30,계단식,개별난방,전체동 설치,806,44B,44.1886,30.8989,75200000,307000,37600000
행복주택,부산광역시,연제구,부산광역시 연제구 진남로 607,부산연산2 행복주택,150,아파트,LH부산울산,2022-02-10,복도식,,전체동 설치,72,16,16.9,8.6796,24400000,108370,8000000
행복주택,부산광역시,연제구,부산광역시 연제구 진남로 607,부산연산2 행복주택,150,아파트,LH부산울산,2022-02-10,복도식,,전체동 설치,72,26,26.87,13.8001,40000000,174110,17000000
행복주택,부산광역시,연제구,부산광역시 연제구 진남로 607,부산연산2 행복주택,150,아파트,LH부산울산,2022-02-10,복도식,,전체동 설치,72,44,44.93,23.0756,68400000,296700,30000000
행복주택,부산광역시,사상구,부산광역시 사상구 덕상로 117,부산모라(행복주택),390,아파트,LH부산울산,2020-02-28,복도식,,,113,16,16.8,8.8906,19200000,96000,6000000
행복주택,부산광역시,사상구,부산광역시 사상구 덕상로 117,부산모라(행복주택),390,아파트,LH부산울산,2020-02-28,복도식,,,113,26,26.57,14.061,30800000,148000,15000000
행복주택,부산광역시,사상구,부산광역시 사상구 덕상로 117,부산모라(행복주택),390,아파트,LH부산울산,2020-02-28,복도식,,,113,44,44.69,23.6502,52000000,246000,25000000
행복주택,부산광역시,기장군,부산광역시 기장군 기장읍 대변로 43,부산 기장A-2BL 행복주택(신혼희망타운),242,아파트,LH부산울산,2022-06-15,복도식,,전체동 설치,0,55,55.99,22.029,52400000,216150,25000000
행복주택,부산광역시,기장군,부산광역시 기장군 기장읍 대변로 43,부산 기장A-2BL 행복주택(신혼희망타운),242,아파트,LH부산울산,2022-06-15,복도식,,전체동 설치,0,59,59.99,23.6028,56400000,232650,27000000
행복주택,부산광역시,기장군,부산광역시 기장군 기장읍 대변로 43-1,부산청강 행복주택,130,아파트,LH부산울산,2021-12-31,복도식,,,0,16,16.96,9.7161,16000000,66000,1000000
행복주택,부산광역시,기장군,부산광역시 기장군 기장읍 대변로 43-1,부산청강 행복주택,130,아파트,LH부산울산,2021-12-31,복도식,,,0,26,26.92,15.422,24800000,102300,8000000
행복주택,부산광역시,기장군,부산광역시 기장군 기장읍 대변로 43-1,부산청강 행복주택,130,아파트,LH부산울산,2021-12-31,복도식,,,0,26,26.93,15.4277,25200000,103950,8000000
행복주택,부산광역시,기장군,부산광역시 기장군 기장읍 대변로 43-1,부산청강 행복주택,130,아파트,LH부산울산,2021-12-31,복도식,,,0,36,36.99,21.1909,34400000,141900,16000000
행복주택,부산광역시,기장군,부산광역시 기장군 기장읍 대변로 43-1,부산청강 행복주택,130,아파트,LH부산울산,2021-12-31,복도식,,,0,44,44.61,25.5563,41200000,169950,20000000
행복주택,부산광역시,기장군,부산광역시 기장군 일광읍 해빛1로 61,일광 행복주택,960,아파트,부산도시공사,2023-03-01,계단식,개별난방,전체동 설치,798,19,19.5932,9.086,25200000,102900,12600000
행복주택,부산광역시,기장군,부산광역시 기장군 일광읍 해빛1로 61,일광 행복주택,960,아파트,부산도시공사,2023-03-01,계단식,개별난방,전체동 설치,798,29A,29.5489,13.1238,37440000,152800,18720000
행복주택,부산광역시,기장군,부산광역시 기장군 일광읍 해빛1로 61,일광 행복주택,960,아파트,부산도시공사,2023-03-01,계단식,개별난방,전체동 설치,798,29B,29.5489,13.1238,39520000,161300,19760000
행복주택,부산광역시,기장군,부산광역시 기장군 일광읍 해빛1로 61,일광 행복주택,960,아파트,부산도시공사,2023-03-01,계단식,개별난방,전체동 설치,798,36,36.9256,16.0496,48640000,198600,24320000
행복주택,부산광역시,기장군,부산광역시 기장군 일광읍 해빛1로 61,일광 행복주택,960,아파트,부산도시공사,2023-03-01,계단식,개별난방,전체동 설치,798,44,44.7638,18.995,59280000,242000,29640000
행복주택,부산광역시,기장군,부산광역시 기장군 일광읍 해빛1로 61,일광 행복주택,960,아파트,부산도시공사,2023-03-01,계단식,개별난방,전체동 설치,798,59,59.8049,25.1846,83200000,339700,41600000
행복주택,부산광역시,기장군,부산광역시 기장군 정관읍 정관1로 51,부산정관 행복주택(A-4BL),856,아파트,LH부산울산,2019-01-31,복도식,지역난방,전체동 설치,600,16,16.78,8.3675,14086000,81770,3000000
행복주택,부산광역시,기장군,부산광역시 기장군 정관읍 정관1로 51,부산정관 행복주택(A-4BL),856,아파트,LH부산울산,2019-01-31,복도식,지역난방,전체동 설치,600,26,26.75,13.3391,22242000,129740,12000000
행복주택,부산광역시,기장군,부산광역시 기장군 정관읍 정관1로 51,부산정관 행복주택(A-4BL),856,아파트,LH부산울산,2019-01-31,복도식,지역난방,전체동 설치,600,26,26.78,13.3541,22242000,129740,12000000
행복주택,부산광역시,기장군,부산광역시 기장군 정관읍 정관1로 51,부산정관 행복주택(A-4BL),856,아파트,LH부산울산,2019-01-31,복도식,지역난방,전체동 설치,600,36,36.48,18.1911,29656000,172270,19000000
행복주택,대구광역시,동구,대구광역시 동구 동대구로 469,동대구벤처(창업지원) 행복주택,100,아파트,LH대구경북,2021-08-31,,,,0,21,21.6,15.7951,29200000,158160,18000000
행복주택,대구광역시,동구,대구광역시 동구 동대구로 469,동대구벤처(창업지원) 행복주택,100,아파트,LH대구경북,2021-08-31,,,,0,21,21.9,16.0145,29200000,158160,18000000
행복주택,대구광역시,동구,대구광역시 동구 동대구로 469,동대구벤처(창업지원) 행복주택,100,아파트,LH대구경북,2021-08-31,,,,0,44,44.56,32.5849,58400000,316330,37000000
행복주택,대구광역시,동구,대구광역시 동구 동대구로 469,동대구벤처(창업지원) 행복주택,100,아파트,LH대구경북,2021-08-31,,,,0,44,44.81,32.7677,58400000,316330,37000000
행복주택,대구광역시,동구,대구광역시 동구 메디밸리로 18,대구신서혁신 LH천년나무10단지(A-3),1088,아파트,LH대구경북,2016-11-30,복도식,지역난방,,773,21,21.56,12.7733,20800000,112660,10000000
행복주택,대구광역시,동구,대구광역시 동구 메디밸리로 18,대구신서혁신 LH천년나무10단지(A-3),1088,아파트,LH대구경북,2016-11-30,복도식,지역난방,,773,26,26.62,15.7711,24800000,134330,14000000
행복주택,대구광역시,동구,대구광역시 동구 메디밸리로 18,대구신서혁신 LH천년나무10단지(A-3),1088,아파트,LH대구경북,2016-11-30,복도식,지역난방,,773,36,36.74,21.7668,34000000,184160,22000000
행복주택,대구광역시,서구,대구광역시 서구 달서천로61안길 9,대구비산 행복주택,40,아파트,LH대구경북,2019-10-31,복도식,개별가스난방,,0,16,16.62,11.0466,15880000,105860,9000000
행복주택,대구광역시,서구,대구광역시 서구 달서천로61안길 9,대구비산 행복주택,40,아파트,LH대구경북,2019-10-31,복도식,개별가스난방,,0,26,26.72,16.3182,23200000,154660,18000000
행복주택,대구광역시,서구,대구광역시 서구 달서천로61안길 9,대구비산 행복주택,40,아파트,LH대구경북,2019-10-31,복도식,개별가스난방,,0,36,36.63,21.9954,31800000,212000,25000000
행복주택,대구광역시,남구,대구광역시 남구 대봉로 12,앞산 영무예다음,30,아파트,LH대구경북,2022-01-31,,,,0,39,39.8748,23.2302,81600000,306000,36000000
행복주택,대구광역시,북구,대구광역시 북구 도남길 96,대구도남 A1블록,562,아파트,LH대구경북,2022-07-15,,,,0,21,21.02,12.0857,22120000,110600,8000000
행복주택,대구광역시,북구,대구광역시 북구 도남길 96,대구도남 A1블록,562,아파트,LH대구경북,2022-07-15,,,,0,26,26.11,15.0123,27520000,137600,13000000
행복주택,대구광역시,북구,대구광역시 북구 도남길 96,대구도남 A1블록,562,아파트,LH대구경북,2022-07-15,,,,0,44,44.23,25.4307,46640000,233200,23000000
행복주택,대구광역시,북구,대구광역시 북구 도남중앙로22길 10,대구도남 A2블록,400,아파트,LH대구경북,2022-11-15,,,,0,16,16.38,8.0672,17200000,86000,4000000
행복주택,대구광역시,북구,대구광역시 북구 도남중앙로22길 10,대구도남 A2블록,400,아파트,LH대구경북,2022-11-15,,,,0,26,26.3,12.9528,26400000,132000,12000000
행복주택,대구광역시,북구,대구광역시 북구 도남중앙로22길 10,대구도남 A2블록,400,아파트,LH대구경북,2022-11-15,,,,0,44,44.4,21.8672,45600000,228000,23000000
행복주택,대구광역시,북구,대구광역시 북구 동화천로 280,대구연경 LH천년나무 1단지,600,아파트,LH대구경북,2018-11-01,,개별가스난방,,425,16,16.66,8.2533,16240000,81200,4000000
행복주택,대구광역시,북구,대구광역시 북구 동화천로 280,대구연경 LH천년나무 1단지,600,아파트,LH대구경북,2018-11-01,,개별가스난방,,425,26,26.62,13.1875,25440000,127200,13000000
행복주택,대구광역시,북구,대구광역시 북구 동화천로 280,대구연경 LH천년나무 1단지,600,아파트,LH대구경북,2018-11-01,,개별가스난방,,425,26,26.73,13.242,25440000,127200,13000000
행복주택,대구광역시,북구,대구광역시 북구 동화천로 280,대구연경 LH천년나무 1단지,600,아파트,LH대구경북,2018-11-01,,개별가스난방,,425,26,26.82,13.2866,25440000,127200,13000000
행복주택,대구광역시,북구,대구광역시 북구 동화천로 280,대구연경 LH천년나무 1단지,600,아파트,LH대구경북,2018-11-01,,개별가스난방,,425,36,36.57,18.1168,34960000,174800,20000000
행복주택,대구광역시,북구,대구광역시 북구 동화천로 280,대구연경 LH천년나무 1단지,600,아파트,LH대구경북,2018-11-01,,개별가스난방,,425,36,36.71,18.1861,34960000,174800,20000000
행복주택,대구광역시,북구,대구광역시 북구 복현로36길 6,대구복현 행복주택,197,아파트,LH대구경북,2020-12-03,복도식,,,0,16,16.74,9.0446,19520000,97600,6000000
행복주택,대구광역시,북구,대구광역시 북구 복현로36길 6,대구복현 행복주택,197,아파트,LH대구경북,2020-12-03,복도식,,,0,24,24.98,13.4967,29120000,145600,14000000
행복주택,대구광역시,북구,대구광역시 북구 복현로36길 6,대구복현 행복주택,197,아파트,LH대구경북,2020-12-03,복도식,,,0,26,26.85,14.507,30680000,153400,15000000
행복주택,대구광역시,북구,대구광역시 북구 복현로36길 6,대구복현 행복주택,197,아파트,LH대구경북,2020-12-03,복도식,,,0,44,44.34,23.9569,50800000,254000,26000000
행복주택,대구광역시,북구,대구광역시 북구 칠곡중앙대로 434,대구읍내 행복주택,252,아파트,LH대구경북,2021-07-25,복도식,,,0,16,16.98,9.5928,20720000,103600,18000000
행복주택,대구광역시,북구,대구광역시 북구 칠곡중앙대로 434,대구읍내 행복주택,252,아파트,LH대구경북,2021-07-25,복도식,,,0,26,26.88,15.1857,32160000,161200,19000000
행복주택,대구광역시,북구,대구광역시 북구 칠곡중앙대로 434,대구읍내 행복주택,252,아파트,LH대구경북,2021-07-25,복도식,,,0,36,36.81,20.7957,44000000,221100,26000000
행복주택,대구광역시,달서구,대구광역시 달서구 갈밭로 33,대구대곡LH천년나무1단지,408,아파트,LH대구경북,2018-11-30,복도식,지역난방,,0,21,21.71,12.6503,21280000,106400,7000000
행복주택,대구광역시,달서구,대구광역시 달서구 갈밭로 33,대구대곡LH천년나무1단지,408,아파트,LH대구경북,2018-11-30,복도식,지역난방,,0,21,21.8,12.7027,20960000,104800,7000000
행복주택,대구광역시,달서구,대구광역시 달서구 갈밭로 33,대구대곡LH천년나무1단지,408,아파트,LH대구경북,2018-11-30,복도식,지역난방,,0,25,25.13,14.6431,24160000,120800,10000000
행복주택,대구광역시,달서구,대구광역시 달서구 갈밭로 33,대구대곡LH천년나무1단지,408,아파트,LH대구경북,2018-11-30,복도식,지역난방,,0,36,36.49,21.2626,35080000,175400,18000000
행복주택,대구광역시,달성군,대구광역시 달성군 현풍읍 테크노북로4길 27,대구테크노폴리스 LH천년나무3단지,1020,아파트,LH대구경북,2017-02-28,,,,0,21,21.86,12.8828,16560000,82800,3000000
행복주택,대구광역시,달성군,대구광역시 달성군 현풍읍 테크노북로4길 27,대구테크노폴리스 LH천년나무3단지,1020,아파트,LH대구경북,2017-02-28,,,,0,36,36.92,21.7582,27400000,137000,13000000
행복주택,인천광역시,중구,인천광역시 중구 두미포로 140,인천영종 A-49BL 행복주택,450,아파트,LH인천,2020-01-08,,,전체동 설치,0,22,22.35,11.5642,22000000,111830,10000000
행복주택,인천광역시,중구,인천광역시 중구 두미포로 140,인천영종 A-49BL 행복주택,450,아파트,LH인천,2020-01-08,,,전체동 설치,0,26,26.29,13.6029,25600000,130130,14000000
행복주택,인천광역시,중구,인천광역시 중구 두미포로 140,인천영종 A-49BL 행복주택,450,아파트,LH인천,2020-01-08,,,전체동 설치,0,36,36.47,18.8702,35200000,178930,21000000
행복주택,인천광역시,중구,인천광역시 중구 영종대로252번길 12,인천영종 A2 행복주택,990,아파트,LH인천,2018-09-19,,,,0,16,16.57,9.1844,18400000,93530,6000000
행복주택,인천광역시,중구,인천광역시 중구 영종대로252번길 12,인천영종 A2 행복주택,990,아파트,LH인천,2018-09-19,,,,0,22,22.41,12.4214,24800000,126060,13000000
행복주택,인천광역시,중구,인천광역시 중구 영종대로252번길 12,인천영종 A2 행복주택,990,아파트,LH인천,2018-09-19,,,,0,22,22.84,12.6597,25200000,128100,13000000
행복주택,인천광역시,중구,인천광역시 중구 영종대로252번길 12,인천영종 A2 행복주택,990,아파트,LH인천,2018-09-19,,,,0,26,26.64,14.766,28800000,146400,17000000
행복주택,인천광역시,중구,인천광역시 중구 영종대로252번길 12,인천영종 A2 행복주택,990,아파트,LH인천,2018-09-19,,,,0,36,36.21,20.0704,38800000,197230,23000000
행복주택,인천광역시,동구,인천광역시 동구 인중로 518,화수정원마을 2단지 행복주택,20,다세대주택,인천도시공사,2021-12-08,계단식,개별가스난방,전체동 설치,12,23,26.03,9.4,19303000,62400,0
행복주택,인천광역시,동구,인천광역시 동구 인중로 518,화수정원마을 2단지 행복주택,20,다세대주택,인천도시공사,2021-12-08,계단식,개별가스난방,전체동 설치,12,36,39.19,14.15,30683000,148300,0
행복주택,인천광역시,동구,인천광역시 동구 인중로 518,화수정원마을 2단지 행복주택,20,다세대주택,인천도시공사,2021-12-08,계단식,개별가스난방,전체동 설치,12,44,48.39,17.47,39872000,110100,0
행복주택,인천광역시,동구,인천광역시 동구 화수로 84,화수 1단지 행복주택,28,연립주택,인천도시공사,2021-06-30,복도식,개별난방,전체동 설치,28,18,18.56,17.39,21375000,64400,0
행복주택,인천광역시,동구,인천광역시 동구 화수로 84,화수 1단지 행복주택,28,연립주택,인천도시공사,2021-06-30,복도식,개별난방,전체동 설치,28,21A,21.6,20.31,33094000,63280,0
행복주택,인천광역시,동구,인천광역시 동구 화수로 84,화수 1단지 행복주택,28,연립주택,인천도시공사,2021-06-30,복도식,개별난방,전체동 설치,28,21B,21.6,20.31,25811000,147500,0
행복주택,인천광역시,동구,인천광역시 동구 화수로 84,화수 1단지 행복주택,28,연립주택,인천도시공사,2021-06-30,복도식,개별난방,전체동 설치,28,25,25.51,23.58,41207000,63830,0
행복주택,인천광역시,미추홀구,인천광역시 미추홀구 낙섬중로 129,인천용마루 3BL 행복주택,1500,아파트,LH인천,2018-11-23,,,,0,16,16.97,10.8895,23560000,107980,8000000
행복주택,인천광역시,미추홀구,인천광역시 미추홀구 낙섬중로 129,인천용마루 3BL 행복주택,1500,아파트,LH인천,2018-11-23,,,,0,16,16.98,10.8959,23780000,108990,8000000
행복주택,인천광역시,미추홀구,인천광역시 미추홀구 낙섬중로 129,인천용마루 3BL 행복주택,1500,아파트,LH인천,2018-11-23,,,,0,21,21.97,14.0523,31440000,144100,14000000
행복주택,인천광역시,미추홀구,인천광역시 미추홀구 낙섬중로 129,인천용마루 3BL 행복주택,1500,아파트,LH인천,2018-11-23,,,,0,29,29.78,16.85,40810000,187040,19000000
행복주택,인천광역시,미추홀구,인천광역시 미추홀구 낙섬중로 129,인천용마루 3BL 행복주택,1500,아파트,LH인천,2018-11-23,,,,0,29,29.93,16.9348,42490000,194740,20000000
행복주택,인천광역시,미추홀구,인천광역시 미추홀구 낙섬중로 129,인천용마루 3BL 행복주택,1500,아파트,LH인천,2018-11-23,,,,0,36,36.64,23.5116,52720000,241630,25000000
행복주택,인천광역시,미추홀구,인천광역시 미추홀구 염전로 414,주안역센트레빌(재건축),46,아파트,LH인천,,,,,0,47,47.9558,23.9734,94800000,371300,38000000
행복주택,인천광역시,미추홀구,인천광역시 미추홀구 주안로 117-16,인천주안역 행복주택,140,아파트,LH인천,2017-08-31,,,,0,16,16.83,11.5447,22740000,94750,5000000
행복주택,인천광역시,미추홀구,인천광역시 미추홀구 주안로 117-16,인천주안역 행복주택,140,아파트,LH인천,2017-08-31,,,,0,16,16.96,11.6338,23240000,96830,6000000
행복주택,인천광역시,미추홀구,인천광역시 미추홀구 주안로 117-16,인천주안역 행복주택,140,아파트,LH인천,2017-08-31,,,,0,29,29.44,20.1946,39520000,164660,16000000
행복주택,인천광역시,남동구,인천광역시 남동구 논현로 81,인천논현 4BL 행복주택,412,아파트,LH인천,2018-11-23,,지역난방,,0,16,16.65,8.99,20000000,101660,8000000
행복주택,인천광역시,남동구,인천광역시 남동구 논현로 81,인천논현 4BL 행복주택,412,아파트,LH인천,2018-11-23,,지역난방,,0,26,26.71,14.4218,30400000,154530,18000000
행복주택,인천광역시,남동구,인천광역시 남동구 논현로 81,인천논현 4BL 행복주택,412,아파트,LH인천,2018-11-23,,지역난방,,0,36,36.63,19.778,40800000,207400,24000000
행복주택,인천광역시,남동구,인천광역시 남동구 만수로 120,만부마을 행복주택,9,다세대주택,인천도시공사,2020-12-30,복도식,개별난방,전체동 설치,9,23,23.67,22.42,26221000,61500,0
행복주택,인천광역시,남동구,인천광역시 남동구 만수로 120,만부마을 행복주택,9,다세대주택,인천도시공사,2020-12-30,복도식,개별난방,전체동 설치,9,25,25.76,23.64,27809000,67600,0
행복주택,인천광역시,남동구,인천광역시 남동구 만수로 120,만부마을 행복주택,9,다세대주택,인천도시공사,2020-12-30,복도식,개별난방,전체동 설치,9,37,37.2,33.48,64593000,60860,0
행복주택,인천광역시,남동구,인천광역시 남동구 서창남로 109,인천서창 15BL 행복주택,678,아파트,LH인천,2017-09-30,,지역난방,,0,21,21.74,13.408,25600000,130130,14000000
행복주택,인천광역시,남동구,인천광역시 남동구 서창남로 109,인천서창 15BL 행복주택,678,아파트,LH인천,2017-09-30,,지역난방,,0,21,21.77,13.4265,24400000,124030,12000000
행복주택,인천광역시,남동구,인천광역시 남동구 서창남로 109,인천서창 15BL 행복주택,678,아파트,LH인천,2017-09-30,,지역난방,,0,21,21.98,13.556,26400000,134200,14000000
행복주택,인천광역시,남동구,인천광역시 남동구 서창남로 109,인천서창 15BL 행복주택,678,아파트,LH인천,2017-09-30,,지역난방,,0,26,26.9,16.5904,30800000,156560,18000000
행복주택,인천광역시,남동구,인천광역시 남동구 서창남로 109,인천서창 15BL 행복주택,678,아파트,LH인천,2017-09-30,,지역난방,,0,26,26.94,16.6151,29200000,148430,17000000
행복주택,인천광역시,남동구,인천광역시 남동구 서창남로 109,인천서창 15BL 행복주택,678,아파트,LH인천,2017-09-30,,지역난방,,0,36,36.85,22.7271,41600000,211460,25000000
행복주택,인천광역시,남동구,인천광역시 남동구 서창남로 109,인천서창 15BL 행복주택,678,아파트,LH인천,2017-09-30,,지역난방,,0,36,36.97,22.8011,39600000,201300,24000000
행복주택,인천광역시,남동구,인천광역시 남동구 석정로461번길 50,간석한신더휴(범양) 재건축 소형주택(행복),1,아파트,LH인천,,,,,0,59,59.628,20.3851,75200000,388500,45000000
행복주택,인천광역시,남동구,인천광역시 남동구 석정로461번길 50,간석한신더휴(범양) 재건축 소형주택(행복),3,아파트,LH인천,,,,,0,59,59.628,20.3851,75200000,388500,45000000
행복주택,인천광역시,남동구,인천광역시 남동구 석정로461번길 50,간석한신더휴(범양) 재건축 소형주택(행복),2,아파트,LH인천,,,,,0,59,59.925,22.3177,75600000,388500,46000000
행복주택,인천광역시,남동구,인천광역시 남동구 석정로461번길 50,간석한신더휴(범양) 재건축 소형주택(행복),1,아파트,LH인천,,,,,0,59,59.925,22.3177,75600000,388500,46000000
행복주택,인천광역시,남동구,인천광역시 남동구 석정로461번길 50,간석한신더휴(범양) 재건축 소형주택(행복),2,아파트,LH인천,,,,,0,59,59.925,22.3177,75600000,388500,46000000
행복주택,인천광역시,남동구,인천광역시 남동구 선수촌로 7,구월아시아드선수촌7단지 웰카운티 (영구행복),754,아파트,인천도시공사,2023-02-03,계단식,개별난방,전체동 설치,1190,26A,26.44,36.63,37296000,204000,0
행복주택,인천광역시,남동구,인천광역시 남동구 선수촌로 7,구월아시아드선수촌7단지 웰카운티 (영구행복),754,아파트,인천도시공사,2023-02-03,계단식,개별난방,전체동 설치,1190,26C,26.44,36.63,44755000,101100,0
행복주택,인천광역시,남동구,인천광역시 남동구 선수촌로 7,구월아시아드선수촌7단지 웰카운티 (영구행복),754,아파트,인천도시공사,2023-02-03,계단식,개별난방,전체동 설치,1190,26D,26.64,36.93,45097000,63500,0
행복주택,인천광역시,남동구,인천광역시 남동구 선수촌로 7,구월아시아드선수촌7단지 웰카운티 (영구행복),754,아파트,인천도시공사,2023-02-03,계단식,개별난방,전체동 설치,1190,36A,36.69,50.32,48915000,62800,0
행복주택,인천광역시,남동구,인천광역시 남동구 선수촌로 7,구월아시아드선수촌7단지 웰카운티 (영구행복),754,아파트,인천도시공사,2023-02-03,계단식,개별난방,전체동 설치,1190,36B,36.69,50.32,58698000,62200,0
행복주택,인천광역시,남동구,인천광역시 남동구 선수촌로 7,구월아시아드선수촌7단지 웰카운티 (영구행복),754,아파트,인천도시공사,2023-02-03,계단식,개별난방,전체동 설치,1190,36C,36.69,50.32,65220000,359400,0
행복주택,인천광역시,남동구,인천광역시 남동구 선수촌로 7,구월아시아드선수촌7단지 웰카운티 (영구행복),754,아파트,인천도시공사,2023-02-03,계단식,개별난방,전체동 설치,1190,45,45.06,61.38,80088000,64000,0
행복주택,인천광역시,남동구,인천광역시 남동구 운연천로 9,인천서창 14BL 행복주택,950,아파트,LH인천,2019-12-12,,,,0,16,16.66,8.3026,20000000,101660,8000000
행복주택,인천광역시,남동구,인천광역시 남동구 운연천로 9,인천서창 14BL 행복주택,950,아파트,LH인천,2019-12-12,,,,0,26,26.8,13.5268,30400000,154530,18000000
행복주택,인천광역시,남동구,인천광역시 남동구 운연천로 9,인천서창 14BL 행복주택,950,아파트,LH인천,2019-12-12,,,,0,26,26.8,13.5388,30400000,154530,18000000
행복주택,인천광역시,남동구,인천광역시 남동구 운연천로 9,인천서창 14BL 행복주택,950,아파트,LH인천,2019-12-12,,,,0,36,36.64,18.0833,42560000,207400,24000000
행복주택,인천광역시,남동구,인천광역시 남동구 운연천로 9,인천서창 14BL 행복주택,950,아파트,LH인천,2019-12-12,,,,0,36,36.64,18.4174,42560000,197230,23000000
행복주택,인천광역시,남동구,인천광역시 남동구 은봉로 297,인천논현4 1블록 창업지원주택(행복),238,아파트,LH인천,2022-05-02,,,,0,25,25.77,11.96,38400000,160000,16000000
행복주택,인천광역시,남동구,인천광역시 남동구 은봉로 297,인천논현4 1블록 창업지원주택(행복),238,아파트,LH인천,2022-05-02,,,,0,44,44.51,20.6574,65600000,273330,28000000
행복주택,인천광역시,남동구,인천광역시 남동구 함박뫼로 456,인천논현 15BL 행복주택,260,아파트,LH인천,2020-10-31,,,,0,14,14.7,8.8193,17600000,89460,5000000
행복주택,인천광역시,남동구,인천광역시 남동구 함박뫼로 456,인천논현 15BL 행복주택,260,아파트,LH인천,2020-10-31,,,,0,26,26.7,16.0188,30400000,154530,18000000
행복주택,인천광역시,남동구,인천광역시 남동구 함박뫼로 456,인천논현 15BL 행복주택,260,아파트,LH인천,2020-10-31,,,,0,26,26.96,16.1748,30400000,154530,18000000
행복주택,인천광역시,남동구,인천광역시 남동구 함박뫼로 456,인천논현 15BL 행복주택,260,아파트,LH인천,2020-10-31,,,,0,36,36.76,22.0544,40800000,207400,24000000
행복주택,인천광역시,부평구,인천광역시 부평구 평천로141번길 11,부평우민늘푸른 재건축 소형주택(행복),15,아파트,LH인천,2020-10-06,,,전체동 설치,325,59,59.4568,20.0743,100800000,391660,43000000
행복주택,인천광역시,서구,인천광역시 서구 이음3로 220,인천검단 AA9블록 행복주택,1942,아파트,LH인천,2021-06-30,복도식,지역난방,,0,14,14.68,7.7435,17600000,80660,3000000
행복주택,인천광역시,서구,인천광역시 서구 이음3로 220,인천검단 AA9블록 행복주택,1942,아파트,LH인천,2021-06-30,복도식,지역난방,,0,14,14.78,7.7962,17600000,80660,3000000
행복주택,인천광역시,서구,인천광역시 서구 이음3로 220,인천검단 AA9블록 행복주택,1942,아파트,LH인천,2021-06-30,복도식,지역난방,,0,21,21.57,11.3779,26400000,121000,10000000
행복주택,인천광역시,서구,인천광역시 서구 이음3로 220,인천검단 AA9블록 행복주택,1942,아파트,LH인천,2021-06-30,복도식,지역난방,,0,29,29.67,15.6505,36400000,166830,17000000
행복주택,인천광역시,서구,인천광역시 서구 이음3로 220,인천검단 AA9블록 행복주택,1942,아파트,LH인천,2021-06-30,복도식,지역난방,,0,29,29.71,15.6716,36400000,166830,17000000
행복주택,인천광역시,서구,인천광역시 서구 이음3로 220,인천검단 AA9블록 행복주택,1942,아파트,LH인천,2021-06-30,복도식,지역난방,,0,36,36.6,19.306,45200000,207160,21000000
행복주택,인천광역시,서구,인천광역시 서구 이음3로 220,인천검단 AA9블록 행복주택,1942,아파트,LH인천,2021-06-30,복도식,지역난방,,0,36,36.68,19.3482,45200000,207160,21000000
행복주택,인천광역시,서구,인천광역시 서구 이음3로 220,인천검단 AA9블록 행복주택,1942,아파트,LH인천,2021-06-30,복도식,지역난방,,0,44,44.61,23.5312,55600000,254830,26000000
행복주택,인천광역시,서구,인천광역시 서구 행복1로 30,인천가정2 A-3블록 행복주택,246,아파트,LH인천,2023-06-19,복도식,지역난방,,0,21,21.99,12.905,37200000,155000,15000000
행복주택,인천광역시,서구,인천광역시 서구 행복1로 30,인천가정2 A-3블록 행복주택,246,아파트,LH인천,2023-06-19,복도식,지역난방,,0,26,26.94,15.4514,44800000,186660,19000000
행복주택,인천광역시,서구,인천광역시 서구 행복1로 30,인천가정2 A-3블록 행복주택,246,아파트,LH인천,2023-06-19,복도식,지역난방,,0,36,36.83,20.6996,60000000,250000,25000000
행복주택,인천광역시,서구,인천광역시 서구 행복2로 40,인천가정2 A-1블록 행복주택,510,아파트,LH인천,2023-09-30,,,,0,16,16.52,8.6585,25920000,108000,5000000
행복주택,인천광역시,서구,인천광역시 서구 행복2로 40,인천가정2 A-1블록 행복주택,510,아파트,LH인천,2023-09-30,,,,0,21,21.3,10.7849,32760000,136500,10000000
행복주택,인천광역시,서구,인천광역시 서구 행복2로 40,인천가정2 A-1블록 행복주택,510,아파트,LH인천,2023-09-30,,,,0,26,26.99,13.3642,42940000,178910,17000000
행복주택,인천광역시,서구,인천광역시 서구 행복2로 40,인천가정2 A-1블록 행복주택,510,아파트,LH인천,2023-09-30,,,,0,36,36.03,17.9795,56240000,234330,24000000
행복주택,인천광역시,서구,인천광역시 서구 행복2로 40,인천가정2 A-1블록 행복주택,510,아파트,LH인천,2023-09-30,,,,0,44,44.33,22.2597,71600000,298330,30000000
행복주택,인천광역시,강화군,인천광역시 강화군 강화읍 남문안길32번길 7-3,강화신문1단지,40,아파트,LH인천,2023-01-22,,,,0,16,16.99,11.2312,16000000,81330,3000000
행복주택,인천광역시,강화군,인천광역시 강화군 강화읍 남문안길32번길 7-3,강화신문1단지,40,아파트,LH인천,2023-01-22,,,,0,26,26.95,17.8153,23600000,119960,10000000
행복주택,인천광역시,강화군,인천광역시 강화군 강화읍 남문안길32번길 7-3,강화신문1단지,40,아파트,LH인천,2023-01-22,,,,0,36,36.9,24.3928,32000000,162660,16000000
행복주택,광주광역시,동구,광주광역시 동구 용산2로 20,광주용산(행복주택),264,아파트,LH광주전남,2019-05-05,복도식,,전체동 설치,403,21,21.39,10.5255,19280000,91580,6000000
행복주택,광주광역시,동구,광주광역시 동구 용산2로 20,광주용산(행복주택),264,아파트,LH광주전남,2019-05-05,복도식,,전체동 설치,403,26,26.9,13.2368,23480000,111530,10000000
행복주택,광주광역시,동구,광주광역시 동구 용산2로 20,광주용산(행복주택),264,아파트,LH광주전남,2019-05-05,복도식,,전체동 설치,403,36,36.63,18.0247,32000000,152000,18000000
행복주택,광주광역시,서구,광주광역시 서구 신촌길 8,광주쌍촌 LH1단지,21,아파트,LH광주전남,2020-04-30,복도식,,전체동 설치,13,16,16.66,11.2388,14960000,76040,3000000
행복주택,광주광역시,서구,광주광역시 서구 신촌길 8,광주쌍촌 LH1단지,21,아파트,LH광주전남,2020-04-30,복도식,,전체동 설치,13,26,26.72,16.9152,23200000,117930,11000000
행복주택,광주광역시,서구,광주광역시 서구 신촌길 8,광주쌍촌 LH1단지,21,아파트,LH광주전남,2020-04-30,복도식,,전체동 설치,13,36,36.63,22.8139,31940000,161650,19000000
행복주택,광주광역시,서구,광주광역시 서구 월산로 242,광주농성,60,아파트,LH광주전남,2021-09-30,,,,0,16,16.98,9.1945,15280000,75120,3000000
행복주택,광주광역시,서구,광주광역시 서구 월산로 242,광주농성,60,아파트,LH광주전남,2021-09-30,,,,0,26,26.68,14.447,23120000,113670,10000000
행복주택,광주광역시,서구,광주광역시 서구 월산로 242,광주농성,60,아파트,LH광주전남,2021-09-30,,,,0,26,26.77,14.4957,23200000,114060,10000000
행복주택,광주광역시,서구,광주광역시 서구 월산로 242,광주농성,60,아파트,LH광주전남,2021-09-30,,,,0,36,36.65,19.8456,31760000,156150,18000000
행복주택,광주광역시,남구,광주광역시 남구 구성로8번길 5-6,광주월산,30,아파트,LH광주전남,2020-05-31,,,,0,16,16.64,10.3628,15200000,76460,3000000
행복주택,광주광역시,남구,광주광역시 남구 구성로8번길 5-6,광주월산,30,아파트,LH광주전남,2020-05-31,,,,0,26,26.46,15.9523,22560000,116560,11000000
행복주택,광주광역시,남구,광주광역시 남구 구성로8번길 5-6,광주월산,30,아파트,LH광주전남,2020-05-31,,,,0,26,26.84,15.7981,22880000,118210,11000000
행복주택,광주광역시,남구,광주광역시 남구 구성로8번길 5-6,광주월산,30,아파트,LH광주전남,2020-05-31,,,,0,36,36.19,20.8179,30840000,159340,19000000
행복주택,광주광역시,남구,광주광역시 남구 노대실로 9,LH송화마을8단지,460,아파트,LH광주전남,2018-11-01,복도식,,전체동 설치,324,16,16.85,8.3492,15000000,86250,5000000
행복주택,광주광역시,남구,광주광역시 남구 노대실로 9,LH송화마을8단지,460,아파트,LH광주전남,2018-11-01,복도식,,전체동 설치,324,26,26.93,13.3438,23160000,133170,14000000
행복주택,광주광역시,남구,광주광역시 남구 노대실로 9,LH송화마을8단지,460,아파트,LH광주전남,2018-11-01,복도식,,전체동 설치,324,36,36.72,18.1948,32404000,188640,22000000
행복주택,광주광역시,남구,광주광역시 남구 행암길 9,효천LH천년나무7단지,902,아파트,LH광주전남,2017-09-01,복도식,,,0,16,16.99,9.5709,16320000,92480,6000000
행복주택,광주광역시,남구,광주광역시 남구 행암길 9,효천LH천년나무7단지,902,아파트,LH광주전남,2017-09-01,복도식,,,0,26,26.54,14.9507,24680000,139850,15000000
행복주택,광주광역시,남구,광주광역시 남구 행암길 9,효천LH천년나무7단지,902,아파트,LH광주전남,2017-09-01,복도식,,,0,26,26.58,14.9733,24720000,140080,16000000
행복주택,광주광역시,남구,광주광역시 남구 행암길 9,효천LH천년나무7단지,902,아파트,LH광주전남,2017-09-01,복도식,,,0,36,36.81,20.7361,34200000,193800,23000000
행복주택,광주광역시,남구,광주광역시 남구 행암길 9,효천LH천년나무7단지,902,아파트,LH광주전남,2017-09-01,복도식,,,0,36,36.93,20.8037,34320000,194480,23000000
행복주택,광주광역시,남구,광주광역시 남구 행암길 9,효천LH천년나무7단지,902,아파트,LH광주전남,2017-09-01,복도식,,,0,44,44.78,25.2259,41640000,235960,28000000
행복주택,광주광역시,남구,광주광역시 남구 행암길 9,효천LH천년나무7단지,902,아파트,LH광주전남,2017-09-01,복도식,,,0,44,44.96,25.3273,41800000,236860,28000000
행복주택,광주광역시,남구,광주광역시 남구 효천중앙로 35,광주효천1 A-3BL,264,아파트,LH광주전남,2020-01-31,복도식,,전체동 설치,188,16,16.76,8.3259,15080000,79170,3000000
행복주택,광주광역시,남구,광주광역시 남구 효천중앙로 35,광주효천1 A-3BL,264,아파트,LH광주전남,2020-01-31,복도식,,전체동 설치,188,21,21.84,10.8495,19040000,99960,7000000
행복주택,광주광역시,남구,광주광역시 남구 효천중앙로 35,광주효천1 A-3BL,264,아파트,LH광주전남,2020-01-31,복도식,,전체동 설치,188,26,26.7,13.2638,23280000,122220,12000000
행복주택,광주광역시,남구,광주광역시 남구 효천중앙로 35,광주효천1 A-3BL,264,아파트,LH광주전남,2020-01-31,복도식,,전체동 설치,188,44,44.97,22.3399,39200000,212000,24000000
행복주택,광주광역시,북구,광주광역시 북구 서암대로 268,광주역행복주택,700,아파트,광주광역시도시공사,2019-04-16,복도식,개별난방,전체동 설치,311,202F,20.78,12.01,22878000,47000,0
행복주택,광주광역시,북구,광주광역시 북구 서암대로 268,광주역행복주택,700,아파트,광주광역시도시공사,2019-04-16,복도식,개별난방,전체동 설치,311,203F,20.78,12.01,25172000,48700,0
행복주택,광주광역시,북구,광주광역시 북구 서암대로 268,광주역행복주택,700,아파트,광주광역시도시공사,2019-04-16,복도식,개별난방,전체동 설치,311,20H1F,20.87,11.97,25360000,59800,0
행복주택,광주광역시,북구,광주광역시 북구 서암대로 268,광주역행복주택,700,아파트,광주광역시도시공사,2019-04-16,복도식,개별난방,전체동 설치,311,20H2F,20.87,11.97,25960000,63200,0
행복주택,광주광역시,북구,광주광역시 북구 서암대로 268,광주역행복주택,700,아파트,광주광역시도시공사,2019-04-16,복도식,개별난방,전체동 설치,311,20H3F,20.87,11.97,27360000,60500,0
행복주택,광주광역시,북구,광주광역시 북구 서암대로 268,광주역행복주택,700,아파트,광주광역시도시공사,2019-04-16,복도식,개별난방,전체동 설치,311,20SF,20.78,12.01,26072000,53300,0
행복주택,광주광역시,북구,광주광역시 북구 서암대로 268,광주역행복주택,700,아파트,광주광역시도시공사,2019-04-16,복도식,개별난방,전체동 설치,311,362F,36.68,20.19,34640000,67100,0
행복주택,광주광역시,북구,광주광역시 북구 서암대로 268,광주역행복주택,700,아파트,광주광역시도시공사,2019-04-16,복도식,개별난방,전체동 설치,311,363F,36.68,20.19,41980000,84700,0
행복주택,광주광역시,북구,광주광역시 북구 서암대로 268,광주역행복주택,700,아파트,광주광역시도시공사,2019-04-16,복도식,개별난방,전체동 설치,311,36SF,36.68,20.19,47186000,91200,0
행복주택,광주광역시,북구,광주광역시 북구 서암대로 268,광주역행복주택,700,아파트,광주광역시도시공사,2019-04-16,복도식,개별난방,전체동 설치,311,443F,44.85,24.17,55880000,127800,0
행복주택,광주광역시,북구,광주광역시 북구 서암대로 268,광주역행복주택,700,아파트,광주광역시도시공사,2019-04-16,복도식,개별난방,전체동 설치,311,44H1F,44.88,24.15,52644000,99100,0
행복주택,광주광역시,북구,광주광역시 북구 서암대로 268,광주역행복주택,700,아파트,광주광역시도시공사,2019-04-16,복도식,개별난방,전체동 설치,311,44H2F,44.88,24.15,53822000,105200,0
행복주택,광주광역시,북구,광주광역시 북구 서암대로 268,광주역행복주택,700,아파트,광주광역시도시공사,2019-04-16,복도식,개별난방,전체동 설치,311,44H3F,44.88,24.15,55658000,104500,0
행복주택,광주광역시,북구,광주광역시 북구 서암대로 268,광주역행복주택,700,아파트,광주광역시도시공사,2019-04-16,복도식,개별난방,전체동 설치,311,44SF,44.85,24.17,60640000,120100,0
행복주택,광주광역시,광산구,광주광역시 광산구 무진대로 246-7,광주우산,361,아파트,LH광주전남,2019-08-31,복도식,,전체동 설치,273,16,16.33,8.0699,16880000,98460,6000000
행복주택,광주광역시,광산구,광주광역시 광산구 무진대로 246-7,광주우산,361,아파트,LH광주전남,2019-08-31,복도식,,전체동 설치,273,16,16.84,8.3219,16880000,98460,6000000
행복주택,광주광역시,광산구,광주광역시 광산구 무진대로 246-7,광주우산,361,아파트,LH광주전남,2019-08-31,복도식,,전체동 설치,273,16,16.86,8.3318,16880000,98460,6000000
행복주택,광주광역시,광산구,광주광역시 광산구 무진대로 246-7,광주우산,361,아파트,LH광주전남,2019-08-31,복도식,,전체동 설치,273,26,26.41,13.0512,25440000,148800,15000000
행복주택,광주광역시,광산구,광주광역시 광산구 무진대로 246-7,광주우산,361,아파트,LH광주전남,2019-08-31,복도식,,전체동 설치,273,26,26.6,13.145,25440000,148800,15000000
행복주택,광주광역시,광산구,광주광역시 광산구 무진대로 246-7,광주우산,361,아파트,LH광주전남,2019-08-31,복도식,,전체동 설치,273,36,36.44,18.0077,35480000,206960,21000000
행복주택,광주광역시,광산구,광주광역시 광산구 송정로52번길 86,광주도산 LH1단지,50,아파트,LH광주전남,2022-07-31,,,전체동 설치,29,16,16.98,10.7721,14920000,74600,2000000
행복주택,광주광역시,광산구,광주광역시 광산구 송정로52번길 86,광주도산 LH1단지,50,아파트,LH광주전남,2022-07-31,,,전체동 설치,29,26,26.68,16.9258,22520000,112600,9000000
행복주택,광주광역시,광산구,광주광역시 광산구 송정로52번길 86,광주도산 LH1단지,50,아파트,LH광주전남,2022-07-31,,,전체동 설치,29,26,26.77,16.9829,22520000,112600,9000000
행복주택,광주광역시,광산구,광주광역시 광산구 송정로52번길 86,광주도산 LH1단지,50,아파트,LH광주전남,2022-07-31,,,전체동 설치,29,36,36.65,23.2508,30960000,154800,15000000
행복주택,광주광역시,광산구,광주광역시 광산구 용아로 175-6,광주하남(행복),300,아파트,LH광주전남,2018-11-30,복도식,,전체동 설치,211,16,16.35,9.6253,15440000,91200,5000000
행복주택,광주광역시,광산구,광주광역시 광산구 용아로 175-6,광주하남(행복),300,아파트,LH광주전남,2018-11-30,복도식,,전체동 설치,211,26,26.03,15.324,24120000,144000,14000000
행복주택,광주광역시,광산구,광주광역시 광산구 용아로 175-6,광주하남(행복),300,아파트,LH광주전남,2018-11-30,복도식,,전체동 설치,211,36,36.02,21.2052,31680000,187200,19000000
행복주택,광주광역시,광산구,광주광역시 광산구 임방울대로800번길 11-5,광주첨단H-3,200,아파트,LH광주전남,2020-02-05,복도식,,전체동 설치,15,16,16.8,7.0787,17400000,88450,5000000
행복주택,광주광역시,광산구,광주광역시 광산구 임방울대로800번길 11-5,광주첨단H-3,200,아파트,LH광주전남,2020-02-05,복도식,,전체동 설치,15,26,26.97,11.3639,26520000,134810,14000000
행복주택,광주광역시,광산구,광주광역시 광산구 임방울대로800번길 11-5,광주첨단H-3,200,아파트,LH광주전남,2020-02-05,복도식,,전체동 설치,15,36,36.72,15.4721,35760000,181780,21000000
행복주택,광주광역시,광산구,광주광역시 광산구 임방울대로825번길 9,광주첨단H-2,100,아파트,LH광주전남,2020-02-05,복도식,,전체동 설치,5,16,16.8,10.8759,17400000,88450,5000000
행복주택,광주광역시,광산구,광주광역시 광산구 임방울대로825번길 9,광주첨단H-2,100,아파트,LH광주전남,2020-02-05,복도식,,전체동 설치,5,26,26.97,17.4597,26520000,134810,14000000
행복주택,광주광역시,광산구,광주광역시 광산구 임방울대로825번길 9,광주첨단H-2,100,아파트,LH광주전남,2020-02-05,복도식,,전체동 설치,5,36,36.72,23.7716,35760000,181780,21000000
행복주택,광주광역시,광산구,광주광역시 광산구 첨단중앙로152번길 6-8,광주첨단H-1(창업지원),100,아파트,LH광주전남,2020-02-05,복도식,,전체동 설치,7,21,21.88,14.7887,23520000,119560,11000000
행복주택,광주광역시,광산구,광주광역시 광산구 첨단중앙로152번길 6-8,광주첨단H-1(창업지원),100,아파트,LH광주전남,2020-02-05,복도식,,전체동 설치,7,39,39.78,26.8873,39920000,202920,24000000
행복주택,대전광역시,중구,대전광역시 중구 목중로39번길 35-14,대전목동2 행복주택,98,아파트,LH대전충남,2018-10-10,,,,0,16,16.83,7.0582,19200000,99200,6000000
행복주택,대전광역시,중구,대전광역시 중구 목중로39번길 35-14,대전목동2 행복주택,98,아파트,LH대전충남,2018-10-10,,,,0,26,26.51,11.1178,28800000,148800,15000000
행복주택,대전광역시,중구,대전광역시 중구 목중로39번길 35-14,대전목동2 행복주택,98,아파트,LH대전충남,2018-10-10,,,,0,36,36.92,15.4836,38000000,196330,22000000
행복주택,대전광역시,중구,대전광역시 중구 선화서로 115,대전목동 더샵 리슈빌(행복주택),20,아파트,LH대전충남,,,,,0,39,39.9257,15.4805,75200000,369730,38000000
행복주택,대전광역시,서구,대전광역시 서구 계백로 1111,도안LH 행복1단지,182,아파트,LH대전충남,2017-11-17,복도식,지역난방,,0,16,16.93,10.9375,18800000,97130,6000000
행복주택,대전광역시,서구,대전광역시 서구 계백로 1111,도안LH 행복1단지,182,아파트,LH대전충남,2017-11-17,복도식,지역난방,,0,26,26.18,16.9134,28000000,144660,15000000
행복주택,대전광역시,서구,대전광역시 서구 계백로 1111,도안LH 행복1단지,182,아파트,LH대전충남,2017-11-17,복도식,지역난방,,0,36,36.77,23.755,37600000,194260,21000000
행복주택,대전광역시,서구,대전광역시 서구 용문로 117,대전용문 LH행복 1단지,80,아파트,LH대전충남,2022-10-31,,,,0,21,21.99,13.5554,26800000,127300,13000000
행복주택,대전광역시,서구,대전광역시 서구 용문로 117,대전용문 LH행복 1단지,80,아파트,LH대전충남,2022-10-31,,,,0,36,36.55,22.5307,43600000,207100,24000000
행복주택,대전광역시,서구,대전광역시 서구 용문로 117,대전용문 LH행복 1단지,80,아파트,LH대전충남,2022-10-31,,,,0,44,44.93,27.6964,52400000,248900,29000000
행복주택,대전광역시,유성구,대전광역시 유성구 동서대로656번길 86,대전도안3H1 행복주택,360,아파트,LH대전충남,2022-01-01,,,,0,39,39.02,17.5164,46040000,230200,23000000
행복주택,대전광역시,유성구,대전광역시 유성구 동서대로656번길 86,대전도안3H1 행복주택,360,아파트,LH대전충남,2022-01-01,,,,0,44,44.92,20.165,54040000,270200,27000000
행복주택,대전광역시,유성구,대전광역시 유성구 와룡로136번길 97,대전봉산 A3BL 행복주택,578,아파트,LH대전충남,2019-04-02,복도식,지역난방,,0,16,16.85,9.291,16960000,84800,4000000
행복주택,대전광역시,유성구,대전광역시 유성구 와룡로136번길 97,대전봉산 A3BL 행복주택,578,아파트,LH대전충남,2019-04-02,복도식,지역난방,,0,26,26.64,14.6891,25400000,127000,12000000
행복주택,대전광역시,유성구,대전광역시 유성구 와룡로136번길 97,대전봉산 A3BL 행복주택,578,아파트,LH대전충남,2019-04-02,복도식,지역난방,,0,36,36.86,20.3244,34800000,174000,19000000
행복주택,대전광역시,유성구,대전광역시 유성구 원신흥남로27번길 68,대전도안 LH 행복2단지,238,아파트,LH대전충남,2019-09-07,,,,0,16,16.66,8.1918,21480000,107400,8000000
행복주택,대전광역시,유성구,대전광역시 유성구 원신흥남로27번길 68,대전도안 LH 행복2단지,238,아파트,LH대전충남,2019-09-07,,,,0,26,26.72,13.1384,32080000,160400,18000000
행복주택,대전광역시,유성구,대전광역시 유성구 원신흥남로27번길 68,대전도안 LH 행복2단지,238,아파트,LH대전충남,2019-09-07,,,,0,36,36.63,18.0112,41520000,207600,23000000
행복주택,대전광역시,대덕구,대전광역시 대덕구 새말3길 41,대전상서 LH 행복주택,296,아파트,LH대전충남,2020-10-31,복도식,개별가스난방,,0,16,16.7,9.166,16840000,85600,4000000
행복주택,대전광역시,대덕구,대전광역시 대덕구 새말3길 41,대전상서 LH 행복주택,296,아파트,LH대전충남,2020-10-31,복도식,개별가스난방,,0,26,26.74,14.6766,25320000,128710,13000000
행복주택,대전광역시,대덕구,대전광역시 대덕구 새말3길 41,대전상서 LH 행복주택,296,아파트,LH대전충남,2020-10-31,복도식,개별가스난방,,0,36,36.65,20.1158,34360000,174660,20000000
행복주택,울산광역시,남구,울산광역시 남구 여천로12번길 50,울산남구(행복),100,아파트,LH부산울산,2019-02-28,복도식,,전체동 설치,87,16,16.67,8.9207,18000000,96000,6000000
행복주택,울산광역시,남구,울산광역시 남구 여천로12번길 50,울산남구(행복),100,아파트,LH부산울산,2019-02-28,복도식,,전체동 설치,87,26,26.11,13.9724,28000000,149330,15000000
행복주택,울산광역시,남구,울산광역시 남구 여천로12번길 50,울산남구(행복),100,아파트,LH부산울산,2019-02-28,복도식,,전체동 설치,87,26,26.26,14.0526,28800000,153600,15000000
행복주택,울산광역시,남구,울산광역시 남구 여천로12번길 50,울산남구(행복),100,아파트,LH부산울산,2019-02-28,복도식,,전체동 설치,87,36,36.16,19.3505,39600000,213000,21000000
행복주택,울산광역시,남구,울산광역시 남구 월평로21번길 19,울산신정(행복),100,아파트,LH부산울산,2022-03-31,,,,0,19,19.46,15.7663,30400000,144650,14000000
행복주택,울산광역시,남구,울산광역시 남구 월평로21번길 19,울산신정(행복),100,아파트,LH부산울산,2022-03-31,,,,0,19,19.95,16.1633,30400000,144650,14000000
행복주택,울산광역시,남구,울산광역시 남구 월평로21번길 19,울산신정(행복),100,아파트,LH부산울산,2022-03-31,,,,0,26,26.4,21.3891,39200000,186520,19000000
행복주택,울산광역시,남구,울산광역시 남구 월평로21번길 19,울산신정(행복),100,아파트,LH부산울산,2022-03-31,,,,0,44,44.85,36.3371,66400000,315950,32000000
행복주택,울산광역시,북구,울산광역시 북구 박상진4로 56,울산송정1,946,아파트,LH부산울산,2019-05-31,복도식,,전체동 설치,667,16,16.97,10.7841,21600000,102780,7000000
행복주택,울산광역시,북구,울산광역시 북구 박상진4로 56,울산송정1,946,아파트,LH부산울산,2019-05-31,복도식,,전체동 설치,667,26,26.96,17.1326,33600000,159880,16000000
행복주택,울산광역시,북구,울산광역시 북구 박상진4로 56,울산송정1,946,아파트,LH부산울산,2019-05-31,복도식,,전체동 설치,667,36,36.85,23.4175,46000000,218880,22000000
행복주택,세종특별자치시,세종특별자치시,세종특별자치시 시청대로 643,새나루마을 10단지,199,아파트,LH세종,2022-08-31,혼합식,지역난방,전체동 설치,0,55,55.77,22.3699,78000000,280000,28000000
행복주택,세종특별자치시,세종특별자치시,세종특별자치시 시청대로 643,새나루마을 10단지,199,아파트,LH세종,2022-08-31,혼합식,지역난방,전체동 설치,0,55,55.88,22.414,82000000,300000,30000000
행복주택,세종특별자치시,세종특별자치시,세종특별자치시 조치원읍 조치원중고길 7,세종서창 행복주택,450,아파트,LH세종,2019-05-14,복도식,,전체동 설치,317,19,19.32,11.0829,16228000,67620,1000000
행복주택,세종특별자치시,세종특별자치시,세종특별자치시 조치원읍 조치원중고길 7,세종서창 행복주택,450,아파트,LH세종,2019-05-14,복도식,,전체동 설치,317,34,34.15,19.5902,27593000,114970,9000000
행복주택,세종특별자치시,세종특별자치시,세종특별자치시 조치원읍 조치원중고길 7,세종서창 행복주택,450,아파트,LH세종,2019-05-14,복도식,,전체동 설치,317,38,38.2,21.9135,30254000,126060,11000000
행복주택,세종특별자치시,세종특별자치시,세종특별자치시 조치원읍 조치원중고길 7,세종서창 행복주택,450,아파트,LH세종,2019-05-14,복도식,,전체동 설치,317,38,38.25,21.9422,30254000,126060,11000000
행복주택,세종특별자치시,세종특별자치시,세종특별자치시 조치원읍 조치원중고길 7,세종서창 행복주택,450,아파트,LH세종,2019-05-14,복도식,,전체동 설치,317,38,38.28,21.9594,30254000,126060,11000000
행복주택,세종특별자치시,세종특별자치시,세종특별자치시 조치원읍 조치원중고길 7,세종서창 행복주택,450,아파트,LH세종,2019-05-14,복도식,,전체동 설치,317,44,44.02,25.2522,34511000,143790,14000000
행복주택,세종특별자치시,세종특별자치시,세종특별자치시 집현북로 52,새나루마을12단지,1500,아파트,LH세종,2020-12-31,,,,0,21,21.5,11.4095,20560000,94230,5000000
행복주택,세종특별자치시,세종특별자치시,세종특별자치시 집현북로 52,새나루마을12단지,1500,아파트,LH세종,2020-12-31,,,,0,26,26.92,14.2857,25520000,116960,9000000
행복주택,세종특별자치시,세종특별자치시,세종특별자치시 집현북로 52,새나루마을12단지,1500,아파트,LH세종,2020-12-31,,,,0,36,36.5,19.3696,34000000,155830,16000000
행복주택,세종특별자치시,세종특별자치시,세종특별자치시 집현북로 52,새나루마을12단지,1500,아파트,LH세종,2020-12-31,,,,0,44,44.7,23.7212,41120000,188460,19000000
행복주택,세종특별자치시,세종특별자치시,세종특별자치시 해밀3로 85,행정중심복합도시 6-4생활권 UR2블록,609,아파트,LH세종,2023-06-07,,,,0,21,21.93,15.5012,24561000,100290,6000000
행복주택,세종특별자치시,세종특별자치시,세종특별자치시 해밀3로 85,행정중심복합도시 6-4생활권 UR2블록,609,아파트,LH세종,2023-06-07,,,,0,26,26.77,18.9223,28911000,118050,9000000
행복주택,세종특별자치시,세종특별자치시,세종특별자치시 해밀3로 85,행정중심복합도시 6-4생활권 UR2블록,609,아파트,LH세종,2023-06-07,,,,0,26,26.81,18.9506,28954000,118230,9000000
행복주택,세종특별자치시,세종특별자치시,세종특별자치시 해밀3로 85,행정중심복합도시 6-4생활권 UR2블록,609,아파트,LH세종,2023-06-07,,,,0,36,36.25,25.6232,37700000,153940,15000000
행복주택,세종특별자치시,세종특별자치시,세종특별자치시 해밀3로 85,행정중심복합도시 6-4생활권 UR2블록,609,아파트,LH세종,2023-06-07,,,,0,36,36.29,25.6515,37741000,154110,15000000
행복주택,세종특별자치시,세종특별자치시,세종특별자치시 해밀3로 85,행정중심복합도시 6-4생활권 UR2블록,609,아파트,LH세종,2023-06-07,,,,0,36,36.76,25.9837,38230000,156100,16000000
행복주택,세종특별자치시,세종특별자치시,세종특별자치시 해밀3로 85,행정중심복합도시 6-4생활권 UR2블록,609,아파트,LH세종,2023-06-07,,,,0,36,36.77,25.9908,38240000,156140,16000000
행복주택,세종특별자치시,세종특별자치시,세종특별자치시 해밀3로 85,행정중심복합도시 6-4생활권 UR2블록,609,아파트,LH세종,2023-06-07,,,,0,44,44.58,31.5113,46363000,189310,19000000
행복주택,경기도,수원시 권선구,경기도 수원시 권선구 당수로129번길 10,수원당수 A-4블록 신혼희망타운(행복주택),204,아파트,LH경기남부,2023-03-31,,,,0,46,46.68,20.4465,80400000,308200,31000000
행복주택,경기도,수원시 권선구,경기도 수원시 권선구 당수로129번길 10,수원당수 A-4블록 신혼희망타운(행복주택),204,아파트,LH경기남부,2023-03-31,,,,0,46,46.73,20.4684,80400000,308200,31000000
행복주택,경기도,수원시 권선구,경기도 수원시 권선구 당수로129번길 10,수원당수 A-4블록 신혼희망타운(행복주택),204,아파트,LH경기남부,2023-03-31,,,,0,46,46.96,20.5691,80000000,306660,31000000
행복주택,경기도,수원시 권선구,경기도 수원시 권선구 당수로129번길 10,수원당수 A-4블록 신혼희망타운(행복주택),204,아파트,LH경기남부,2023-03-31,,,,0,55,55.62,24.3623,94800000,363400,37000000
행복주택,경기도,수원시 권선구,경기도 수원시 권선구 당수로129번길 10,수원당수 A-4블록 신혼희망타운(행복주택),204,아파트,LH경기남부,2023-03-31,,,,0,55,55.65,24.3755,94800000,363400,37000000
행복주택,경기도,수원시 권선구,경기도 수원시 권선구 당수로129번길 10,수원당수 A-4블록 신혼희망타운(행복주택),204,아파트,LH경기남부,2023-03-31,,,,0,55,55.94,24.5025,94400000,361860,37000000
행복주택,경기도,수원시 권선구,경기도 수원시 권선구 당수로129번길 10,수원당수 A-4블록 신혼희망타운(행복주택),204,아파트,LH경기남부,2023-03-31,,,,0,55,55.95,24.5069,94400000,361860,37000000
행복주택,경기도,수원시 권선구,경기도 수원시 권선구 당수로129번길 28,수원당수 A-3블록 신혼희망타운(행복주택),134,아파트,LH경기남부,2023-04-30,,,,0,55,55.79,22.4856,96000000,368000,37000000
행복주택,경기도,수원시 권선구,경기도 수원시 권선구 당수로129번길 28,수원당수 A-3블록 신혼희망타운(행복주택),134,아파트,LH경기남부,2023-04-30,,,,0,55,55.79,22.6356,96000000,368000,37000000
행복주택,경기도,수원시 권선구,경기도 수원시 권선구 당수로129번길 28,수원당수 A-3블록 신혼희망타운(행복주택),134,아파트,LH경기남부,2023-04-30,,,,0,55,55.81,22.4916,96000000,368000,37000000
행복주택,경기도,수원시 권선구,경기도 수원시 권선구 당수로129번길 28,수원당수 A-3블록 신혼희망타운(행복주택),134,아파트,LH경기남부,2023-04-30,,,,0,55,55.93,22.6775,96000000,368000,37000000
행복주택,경기도,수원시 권선구,경기도 수원시 권선구 당수로130번길 13,수원당수 A-1블록 행복·영구임대주택,1350,아파트,LH경기남부,2023-03-31,,,,0,14,14.87,7.9898,24800000,95060,6000000
행복주택,경기도,수원시 권선구,경기도 수원시 권선구 당수로130번길 13,수원당수 A-1블록 행복·영구임대주택,1350,아파트,LH경기남부,2023-03-31,,,,0,14,14.91,8.0113,24800000,95060,6000000
행복주택,경기도,수원시 권선구,경기도 수원시 권선구 당수로130번길 13,수원당수 A-1블록 행복·영구임대주택,1350,아파트,LH경기남부,2023-03-31,,,,0,26,26.57,14.2763,44000000,168660,17000000
행복주택,경기도,수원시 권선구,경기도 수원시 권선구 당수로130번길 13,수원당수 A-1블록 행복·영구임대주택,1350,아파트,LH경기남부,2023-03-31,,,,0,26,26.88,14.4429,44400000,170200,17000000
행복주택,경기도,수원시 권선구,경기도 수원시 권선구 당수로130번길 13,수원당수 A-1블록 행복·영구임대주택,1350,아파트,LH경기남부,2023-03-31,,,,0,36,36.71,19.7247,60400000,231530,23000000
행복주택,경기도,수원시 권선구,경기도 수원시 권선구 당수로130번길 13,수원당수 A-1블록 행복·영구임대주택,1350,아파트,LH경기남부,2023-03-31,,,,0,36,36.84,19.7945,60400000,231530,23000000
행복주택,경기도,수원시 권선구,경기도 수원시 권선구 당수로130번길 13,수원당수 A-1블록 행복·영구임대주택,1350,아파트,LH경기남부,2023-03-31,,,,0,44,44.59,23.9587,73200000,280600,28000000
행복주택,경기도,수원시 권선구,경기도 수원시 권선구 호매실로 103,수원호매실21(행복),400,아파트,LH경기남부,2018-01-01,,,,0,21,21.49,12.6506,40400000,179100,18000000
행복주택,경기도,수원시 권선구,경기도 수원시 권선구 호매실로 103,수원호매실21(행복),400,아파트,LH경기남부,2018-01-01,,,,0,26,26.51,15.6058,48000000,212800,21000000
행복주택,경기도,수원시 권선구,경기도 수원시 권선구 호매실로 103,수원호매실21(행복),400,아파트,LH경기남부,2018-01-01,,,,0,36,36.38,21.416,65200000,289050,29000000
행복주택,경기도,수원시 팔달구,경기도 수원시 팔달구 고등로 8,수원고등(행복),500,아파트,LH경기남부,2020-07-30,,,,0,16,16.74,9.1361,32400000,154440,15000000
행복주택,경기도,수원시 팔달구,경기도 수원시 팔달구 고등로 8,수원고등(행복),500,아파트,LH경기남부,2020-07-30,,,,0,16,16.76,9.147,32400000,154440,15000000
행복주택,경기도,수원시 팔달구,경기도 수원시 팔달구 고등로 8,수원고등(행복),500,아파트,LH경기남부,2020-07-30,,,,0,29,29.22,15.9472,54400000,259300,26000000
행복주택,경기도,수원시 팔달구,경기도 수원시 팔달구 고등로 8,수원고등(행복),500,아파트,LH경기남부,2020-07-30,,,,0,36,36.63,19.9914,67200000,320320,32000000
행복주택,경기도,수원시 영통구,경기도 수원시 영통구 광교중앙로49번길 40,광교원천,300,아파트,경기주택도시공사,2020-10-27,복도식,지역난방,전체동 설치,127,16A1,16.9,25.32,27294000,118000,14294000
행복주택,경기도,수원시 영통구,경기도 수원시 영통구 광교중앙로49번길 40,광교원천,300,아파트,경기주택도시공사,2020-10-27,복도식,지역난방,전체동 설치,127,16A2,16.9,25.32,28899000,125000,42899000
행복주택,경기도,수원시 영통구,경기도 수원시 영통구 광교중앙로49번길 40,광교원천,300,아파트,경기주택도시공사,2020-10-27,복도식,지역난방,전체동 설치,127,26A,26.5,38.99,45349000,197000,67349000
행복주택,경기도,수원시 영통구,경기도 수원시 영통구 광교중앙로49번길 40,광교원천,300,아파트,경기주택도시공사,2020-10-27,복도식,지역난방,전체동 설치,127,26B1,26.5,38.99,37791000,164000,19791000
행복주택,경기도,수원시 영통구,경기도 수원시 영통구 광교중앙로49번길 40,광교원천,300,아파트,경기주택도시공사,2020-10-27,복도식,지역난방,전체동 설치,127,26B2,26.5,38.99,47616000,206850,70616000
행복주택,경기도,수원시 영통구,경기도 수원시 영통구 광교중앙로49번길 40,광교원천,300,아파트,경기주택도시공사,2020-10-27,복도식,지역난방,전체동 설치,127,26C,26.5,38.99,50225000,217350,75225000
행복주택,경기도,수원시 영통구,경기도 수원시 영통구 동탄지성로470번길 34,수원영통,100,아파트,경기주택도시공사,2019-06-07,복도식,개별난방,전체동 설치,46,22A,22.3962,14.3013,21600000,124000,10000000
행복주택,경기도,수원시 영통구,경기도 수원시 영통구 동탄지성로470번길 34,수원영통,100,아파트,경기주택도시공사,2019-06-07,복도식,개별난방,전체동 설치,46,22B,22.0642,13.9778,24000000,137700,12000000
행복주택,경기도,수원시 영통구,경기도 수원시 영통구 동탄지성로470번길 34,수원영통,100,아파트,경기주택도시공사,2019-06-07,복도식,개별난방,전체동 설치,46,26A,26.1962,16.4729,25704000,147000,12000000
행복주택,경기도,수원시 영통구,경기도 수원시 영통구 동탄지성로470번길 34,수원영통,100,아파트,경기주택도시공사,2019-06-07,복도식,개별난방,전체동 설치,46,26B,26.0522,16.3687,27200000,155550,13000000
행복주택,경기도,수원시 영통구,경기도 수원시 영통구 창룡대로 250,수원광교,204,아파트,경기주택도시공사,2018-04-26,복도식,지역난방,전체동 설치,129,36A,36.7,22.69,62432000,312140,31000000
행복주택,경기도,수원시 영통구,경기도 수원시 영통구 창룡대로 250,수원광교,204,아파트,경기주택도시공사,2018-04-26,복도식,지역난방,전체동 설치,129,36B,36.7,22.69,69369000,346830,34000000
행복주택,경기도,수원시 영통구,경기도 수원시 영통구 창룡대로 250,수원광교,204,아파트,경기주택도시공사,2018-04-26,복도식,지역난방,전체동 설치,129,36C,36.83,22.26,62432000,312140,31000000
행복주택,경기도,수원시 영통구,경기도 수원시 영통구 창룡대로 250,수원광교,204,아파트,경기주택도시공사,2018-04-26,복도식,지역난방,전체동 설치,129,38,38,22.98,65900000,329470,32000000
행복주택,경기도,수원시 영통구,경기도 수원시 영통구 창룡대로 250,수원광교,204,아파트,경기주택도시공사,2018-04-26,복도식,지역난방,전체동 설치,129,44,44.89,26.77,84785000,393000,42000000
행복주택,경기도,성남시 수정구,경기도 성남시 수정구 고등로 57,성남고등 A-1 행복주택리츠,1040,아파트,LH경기남부,2019-05-09,,,,0,16,16.45,8.1387,41200000,166950,17000000
행복주택,경기도,성남시 수정구,경기도 성남시 수정구 고등로 57,성남고등 A-1 행복주택리츠,1040,아파트,LH경기남부,2019-05-09,,,,0,26,26.52,13.121,64800000,261460,26000000
행복주택,경기도,성남시 수정구,경기도 성남시 수정구 고등로 57,성남고등 A-1 행복주택리츠,1040,아파트,LH경기남부,2019-05-09,,,,0,36,36.37,17.9943,87200000,351390,36000000
행복주택,경기도,성남시 수정구,경기도 성남시 수정구 금토로 44,판교2밸리,300,아파트,경기주택도시공사,2022-01-14,복도식,지역난방,전체동 설치,562,26A,26.723,19.866,76800000,262400,26000000
행복주택,경기도,성남시 수정구,경기도 성남시 수정구 금토로 44,판교2밸리,300,아파트,경기주택도시공사,2022-01-14,복도식,지역난방,전체동 설치,562,26A,26.723,26.226,76800000,262400,26000000
행복주택,경기도,성남시 수정구,경기도 성남시 수정구 금토로 44,판교2밸리,300,아파트,경기주택도시공사,2022-01-14,복도식,지역난방,전체동 설치,562,26A1,26.723,19.866,72576000,247960,24000000
행복주택,경기도,성남시 수정구,경기도 성남시 수정구 금토로 44,판교2밸리,300,아파트,경기주택도시공사,2022-01-14,복도식,지역난방,전체동 설치,562,26A1,26.723,26.226,72576000,247960,24000000
행복주택,경기도,성남시 수정구,경기도 성남시 수정구 금토로 44,판교2밸리,300,아파트,경기주택도시공사,2022-01-14,복도식,지역난방,전체동 설치,562,26B,26.723,19.866,76800000,262400,26000000
행복주택,경기도,성남시 수정구,경기도 성남시 수정구 금토로 44,판교2밸리,300,아파트,경기주택도시공사,2022-01-14,복도식,지역난방,전체동 설치,562,26B,26.723,26.226,76800000,262400,26000000
행복주택,경기도,성남시 수정구,경기도 성남시 수정구 금토로 44,판교2밸리,300,아파트,경기주택도시공사,2022-01-14,복도식,지역난방,전체동 설치,562,26B1,26.723,19.866,65280000,223000,22000000
행복주택,경기도,성남시 수정구,경기도 성남시 수정구 금토로 44,판교2밸리,300,아파트,경기주택도시공사,2022-01-14,복도식,지역난방,전체동 설치,562,26C,26.748,20.034,73720000,261740,26000000
행복주택,경기도,성남시 수정구,경기도 성남시 수정구 금토로 44,판교2밸리,300,아파트,경기주택도시공사,2022-01-14,복도식,지역난방,전체동 설치,562,26C1,26.748,20.034,72576000,247960,24000000
행복주택,경기도,성남시 수정구,경기도 성남시 수정구 금토로 44,판교2밸리,300,아파트,경기주택도시공사,2022-01-14,복도식,지역난방,전체동 설치,562,35A,35.603,26.042,99200000,338900,33000000
행복주택,경기도,성남시 수정구,경기도 성남시 수정구 금토로 44,판교2밸리,300,아파트,경기주택도시공사,2022-01-14,복도식,지역난방,전체동 설치,562,35A1,35.603,26.042,93744000,305000,30000000
행복주택,경기도,성남시 수정구,경기도 성남시 수정구 금토로 44,판교2밸리,300,아파트,경기주택도시공사,2022-01-14,복도식,지역난방,전체동 설치,562,35A1,35.603,26.42,93744000,305000,30000000
행복주택,경기도,성남시 수정구,경기도 성남시 수정구 금토로 44,판교2밸리,300,아파트,경기주택도시공사,2022-01-14,복도식,지역난방,전체동 설치,562,35B,35.134,26.226,99200000,338900,33000000
행복주택,경기도,성남시 수정구,경기도 성남시 수정구 금토로 44,판교2밸리,300,아파트,경기주택도시공사,2022-01-14,복도식,지역난방,전체동 설치,562,35B1,35.134,26.226,89280000,305000,30000000
행복주택,경기도,성남시 수정구,경기도 성남시 수정구 금토로 44,판교2밸리,300,아파트,경기주택도시공사,2022-01-14,복도식,지역난방,전체동 설치,562,35C,35.046,26.192,99200000,338900,33000000
행복주택,경기도,성남시 수정구,경기도 성남시 수정구 금토로 44,판교2밸리,300,아파트,경기주택도시공사,2022-01-14,복도식,지역난방,전체동 설치,562,35C1,35.046,26.192,89280000,305000,30000000
행복주택,경기도,성남시 수정구,경기도 성남시 수정구 금토로 44,판교2밸리,300,아파트,경기주택도시공사,2022-01-14,복도식,지역난방,전체동 설치,562,35D,35.159,26.437,99200000,338900,33000000
행복주택,경기도,성남시 수정구,경기도 성남시 수정구 금토로 44,판교2밸리,300,아파트,경기주택도시공사,2022-01-14,복도식,지역난방,전체동 설치,562,35D1,35.159,26.437,84320000,288000,28000000
행복주택,경기도,성남시 수정구,경기도 성남시 수정구 단대로23번길 36,단대동 행복주택,60,아파트,성남시,2021-03-10,복도식,개별난방,전체동 설치,31,16A,16.4812,11.153,23800000,89250,31800000
행복주택,경기도,성남시 수정구,경기도 성남시 수정구 단대로23번길 36,단대동 행복주택,60,아파트,성남시,2021-03-10,복도식,개별난방,전체동 설치,31,26A,26.1172,17.6738,39600000,148500,53600000
행복주택,경기도,성남시 수정구,경기도 성남시 수정구 단대로23번길 36,단대동 행복주택,60,아파트,성남시,2021-03-10,복도식,개별난방,전체동 설치,31,44A,44.0931,29.8383,72000000,270000,99000000
행복주택,경기도,성남시 수정구,경기도 성남시 수정구 단대로23번길 36,단대동 행복주택,60,아파트,성남시,2021-03-10,복도식,개별난방,전체동 설치,31,44B,44.756,30.2869,73200000,274500,100200000
행복주택,경기도,성남시 수정구,경기도 성남시 수정구 산성대로405번길 9-9,성남단대,16,아파트,LH경기남부,2017-11-01,,,,0,16,16.96,14.0336,24600000,143500,16000000
행복주택,경기도,성남시 수정구,경기도 성남시 수정구 산성대로405번길 9-9,성남단대,16,아파트,LH경기남부,2017-11-01,,,,0,26,26.91,21.5915,39040000,227730,27000000
행복주택,경기도,성남시 수정구,경기도 성남시 수정구 산성대로405번길 9-9,성남단대,16,아파트,LH경기남부,2017-11-01,,,,0,26,26.96,21.8361,38320000,223530,26000000
행복주택,경기도,성남시 수정구,경기도 성남시 수정구 위례순환로 53,성남위례A2-15BL 지역전략산업 및 창업지원주택,470,아파트,LH경기남부,2020-11-10,,지역난방,,0,14,14.98,7.5743,51200000,201660,20000000
행복주택,경기도,성남시 수정구,경기도 성남시 수정구 위례순환로 53,성남위례A2-15BL 지역전략산업 및 창업지원주택,470,아파트,LH경기남부,2020-11-10,,지역난방,,0,26,26.81,13.5559,88800000,351660,36000000
행복주택,경기도,성남시 수정구,경기도 성남시 수정구 위례순환로 53,성남위례A2-15BL 지역전략산업 및 창업지원주택,470,아파트,LH경기남부,2020-11-10,,지역난방,,0,44,44.69,22.5965,145200000,575000,59000000
행복주택,경기도,성남시 수정구,경기도 성남시 수정구 위례중앙로 190,위례자이 더 시티 신혼희망타운 행복주택,147,아파트,LH경기남부,2023-03-01,,,,0,46,46.95,17.2395,152000000,608000,62000000
행복주택,경기도,성남시 수정구,경기도 성남시 수정구 위례중앙로 190,위례자이 더 시티 신혼희망타운 행복주택,147,아파트,LH경기남부,2023-03-01,,,,0,49,49.95,18.265,161600000,646400,66000000
행복주택,경기도,성남시 수정구,경기도 성남시 수정구 위례중앙로 190,위례자이 더 시티 신혼희망타운 행복주택,147,아파트,LH경기남부,2023-03-01,,,,0,55,55.91,20.6753,180800000,723200,74000000
행복주택,경기도,성남시 수정구,경기도 성남시 수정구 창업로40번길 6,판교제2테크노밸리 A1블록 창업지원주택,200,아파트,LH경기남부,2020-04-30,,,,0,21,21.66,16.9648,58280000,254000,26000000
행복주택,경기도,성남시 수정구,경기도 성남시 수정구 창업로40번길 6,판교제2테크노밸리 A1블록 창업지원주택,200,아파트,LH경기남부,2020-04-30,,,,0,21,21.88,17.1371,58880000,256610,26000000
행복주택,경기도,성남시 수정구,경기도 성남시 수정구 창업로40번길 6,판교제2테크노밸리 A1블록 창업지원주택,200,아파트,LH경기남부,2020-04-30,,,,0,44,44.61,34.94,115120000,501730,51000000
행복주택,경기도,성남시 중원구,경기도 성남시 중원구 갈마치로 241,성남재생산단 A3블록 지역전략산업지원주택,194,아파트,LH경기남부,2022-11-24,,,,0,21,21.38,13.5878,53600000,215740,22000000
행복주택,경기도,성남시 중원구,경기도 성남시 중원구 갈마치로 241,성남재생산단 A3블록 지역전략산업지원주택,194,아파트,LH경기남부,2022-11-24,,,,0,44,44.37,28.199,105200000,423430,43000000
행복주택,경기도,의정부시,경기도 의정부시 본원로46번길 16,녹양LH5단지,423,아파트,LH경기북부,2018-11-05,복도식,,전체동 설치,298,16,16.72,8.9831,24440000,106770,8000000
행복주택,경기도,의정부시,경기도 의정부시 본원로46번길 16,녹양LH5단지,423,아파트,LH경기북부,2018-11-05,복도식,,전체동 설치,298,26,26.74,14.3666,38720000,174730,17000000
행복주택,경기도,의정부시,경기도 의정부시 본원로46번길 16,녹양LH5단지,423,아파트,LH경기북부,2018-11-05,복도식,,전체동 설치,298,36,36.84,19.793,53367000,249040,25000000
행복주택,경기도,의정부시,경기도 의정부시 서광로 101,고산 더 라피니엘,293,아파트,LH경기북부,2022-10-31,,지역난방,,0,55,55.52,21.9949,90378000,436830,44000000
행복주택,경기도,의정부시,경기도 의정부시 서광로 101,고산 더 라피니엘,293,아파트,LH경기북부,2022-10-31,,지역난방,,0,55,55.59,22.0227,90378000,436830,44000000
행복주택,경기도,의정부시,경기도 의정부시 서광로 101,고산 더 라피니엘,293,아파트,LH경기북부,2022-10-31,,지역난방,,0,55,55.86,22.1296,91144000,440520,45000000
행복주택,경기도,의정부시,경기도 의정부시 서광로 101,고산 더 라피니엘,293,아파트,LH경기북부,2022-10-31,,지역난방,,0,55,55.9,22.1455,91144000,440520,45000000
행복주택,경기도,의정부시,경기도 의정부시 서광로 101,고산 더 라피니엘,293,아파트,LH경기북부,2022-10-31,,지역난방,,0,55,55.92,22.1534,91095000,440290,45000000
행복주택,경기도,의정부시,경기도 의정부시 서광로 101,고산 더 라피니엘,293,아파트,LH경기북부,2022-10-31,,지역난방,,0,55,55.95,22.1653,91095000,440290,45000000
행복주택,경기도,의정부시,경기도 의정부시 서광로 101,고산 더 라피니엘,293,아파트,LH경기북부,2022-10-31,,지역난방,,0,55,55.96,22.1692,91095000,440290,45000000
행복주택,경기도,의정부시,경기도 의정부시 서광로 101,고산 더 라피니엘,293,아파트,LH경기북부,2022-10-31,,지역난방,,0,55,55.97,22.1732,91144000,440520,45000000
행복주택,경기도,의정부시,경기도 의정부시 서광로 101,고산 더 라피니엘,293,아파트,LH경기북부,2022-10-31,,지역난방,,0,55,55.99,22.1811,91095000,440290,45000000
행복주택,경기도,의정부시,경기도 의정부시 용민로 373-17,양지마을10단지,812,아파트,LH경기북부,2017-11-30,,지역난방,,0,21,21.6,13.022,28727000,138850,13000000
행복주택,경기도,의정부시,경기도 의정부시 용민로 373-17,양지마을10단지,812,아파트,LH경기북부,2017-11-30,,지역난방,,0,21,21.64,13.0461,28780000,139100,13000000
행복주택,경기도,의정부시,경기도 의정부시 용민로 373-17,양지마을10단지,812,아파트,LH경기북부,2017-11-30,,지역난방,,0,26,26.83,16.175,34907000,168720,17000000
행복주택,경기도,의정부시,경기도 의정부시 용민로 373-17,양지마을10단지,812,아파트,LH경기북부,2017-11-30,,지역난방,,0,26,26.86,16.1931,34907000,168720,17000000
행복주택,경기도,의정부시,경기도 의정부시 용민로 373-17,양지마을10단지,812,아파트,LH경기북부,2017-11-30,,지역난방,,0,36,36.82,22.1977,48970000,236680,24000000
행복주택,경기도,의정부시,경기도 의정부시 입암로 14,정음마을 고산1단지,500,아파트,LH경기북부,2020-05-30,,,,0,16,16.66,8.2843,26000000,106160,8000000
행복주택,경기도,의정부시,경기도 의정부시 입암로 14,정음마을 고산1단지,500,아파트,LH경기북부,2020-05-30,,,,0,26,26.45,13.1524,40000000,170490,20000000
행복주택,경기도,의정부시,경기도 의정부시 입암로 14,정음마을 고산1단지,500,아파트,LH경기북부,2020-05-30,,,,0,36,36.03,17.9162,53600000,237140,28000000
행복주택,경기도,의정부시,경기도 의정부시 평화로 399-8,의정부호원 행복주택,166,아파트,LH경기북부,2017-10-01,,,,0,16,16.92,9.3801,26400000,124450,11000000
행복주택,경기도,의정부시,경기도 의정부시 평화로 399-8,의정부호원 행복주택,166,아파트,LH경기북부,2017-10-01,,,,0,29,29.59,16.4042,45988000,222270,22000000
행복주택,경기도,의정부시,경기도 의정부시 평화로 399-8,의정부호원 행복주택,166,아파트,LH경기북부,2017-10-01,,,,0,36,36.81,20.4068,59021000,285270,29000000
행복주택,경기도,안양시 만안구,경기도 안양시 만안구 명학로 15,안양명학 A-1블록 행복주택,24,아파트,LH경기남부,2021-12-31,,,,0,21,21.77,13.9297,46800000,218400,26000000
행복주택,경기도,안양시 동안구,경기도 안양시 동안구 관양로 277,안양관양,56,아파트,경기주택도시공사,2018-03-26,계단식,개별난방,전체동 설치,40,36,36.3,18.37,64652000,323250,32000000
행복주택,경기도,안양시 동안구,경기도 안양시 동안구 관양로 277,안양관양,56,아파트,경기주택도시공사,2018-03-26,계단식,개별난방,전체동 설치,40,36,36.31,18.37,64652000,323250,32000000
행복주택,경기도,안양시 동안구,경기도 안양시 동안구 관양로 277,안양관양,56,아파트,경기주택도시공사,2018-03-26,계단식,개별난방,전체동 설치,40,36,36.39,18.11,61419000,307080,30000000
행복주택,경기도,안양시 동안구,경기도 안양시 동안구 관양로 277,안양관양,56,아파트,경기주택도시공사,2018-03-26,계단식,개별난방,전체동 설치,40,36,36.4,18.1,64652000,323250,32000000
행복주택,경기도,안양시 동안구,경기도 안양시 동안구 관양로 277,안양관양,56,아파트,경기주택도시공사,2018-03-26,계단식,개별난방,전체동 설치,40,36,36.9,18.67,64490000,322000,24000000
행복주택,경기도,부천시 원미구,경기도 부천시 원미구 길주로 17,부천영상 행복주택(지역전략산업),850,아파트,LH인천,2023-05-01,,,,0,16,16.98,10.3484,42800000,178330,18000000
행복주택,경기도,부천시 원미구,경기도 부천시 원미구 길주로 17,부천영상 행복주택(지역전략산업),850,아파트,LH인천,2023-05-01,,,,0,21,21.56,13.1397,53600000,223330,22000000
행복주택,경기도,부천시 원미구,경기도 부천시 원미구 길주로 17,부천영상 행복주택(지역전략산업),850,아파트,LH인천,2023-05-01,,,,0,21,21.69,13.2189,51200000,213330,21000000
행복주택,경기도,부천시 원미구,경기도 부천시 원미구 길주로 17,부천영상 행복주택(지역전략산업),850,아파트,LH인천,2023-05-01,,,,0,21,21.76,13.2616,51200000,213330,21000000
행복주택,경기도,부천시 원미구,경기도 부천시 원미구 길주로 17,부천영상 행복주택(지역전략산업),850,아파트,LH인천,2023-05-01,,,,0,26,26.69,16.2662,62400000,260000,26000000
행복주택,경기도,부천시 원미구,경기도 부천시 원미구 길주로 17,부천영상 행복주택(지역전략산업),850,아파트,LH인천,2023-05-01,,,,0,26,26.95,16.4246,66800000,278330,28000000
행복주택,경기도,부천시 원미구,경기도 부천시 원미구 길주로 17,부천영상 행복주택(지역전략산업),850,아파트,LH인천,2023-05-01,,,,0,26,26.97,16.4368,66800000,278330,28000000
행복주택,경기도,부천시 원미구,경기도 부천시 원미구 길주로 17,부천영상 행복주택(지역전략산업),850,아파트,LH인천,2023-05-01,,,,0,36,36.61,22.3119,88800000,370000,38000000
행복주택,경기도,부천시 원미구,경기도 부천시 원미구 길주로 17,부천영상 행복주택(지역전략산업),850,아파트,LH인천,2023-05-01,,,,0,36,36.89,22.4826,84400000,351660,36000000
행복주택,경기도,부천시 원미구,경기도 부천시 원미구 길주로 17,부천영상 행복주택(지역전략산업),850,아파트,LH인천,2023-05-01,,,,0,44,44.58,27.1692,106000000,441660,45000000
행복주택,경기도,부천시 원미구,경기도 부천시 원미구 길주로 17,부천영상 행복주택(지역전략산업),850,아파트,LH인천,2023-05-01,,,,0,44,44.77,27.285,106000000,441660,45000000
행복주택,경기도,부천시 원미구,경기도 부천시 원미구 부일로 232,부천상동 행복주택,630,아파트,LH인천,2022-10-31,,,,0,16,16.98,11.3735,43200000,180000,19000000
행복주택,경기도,부천시 원미구,경기도 부천시 원미구 부일로 232,부천상동 행복주택,630,아파트,LH인천,2022-10-31,,,,0,26,26.77,17.1875,66400000,276660,31000000
행복주택,경기도,부천시 원미구,경기도 부천시 원미구 부일로 232,부천상동 행복주택,630,아파트,LH인천,2022-10-31,,,,0,36,36.96,23.4708,89600000,373330,42000000
행복주택,경기도,부천시 원미구,경기도 부천시 원미구 부일로 232,부천상동 행복주택,630,아파트,LH인천,2022-10-31,,,,0,44,44.98,28.035,107200000,446660,53000000
행복주택,경기도,부천시 원미구,경기도 부천시 원미구 중동로 88,부천중동1 행복주택,26,아파트,LH경기남부,2018-12-01,,,,0,16,16.34,11.359,29520000,135300,12000000
행복주택,경기도,부천시 원미구,경기도 부천시 원미구 중동로 88,부천중동1 행복주택,26,아파트,LH경기남부,2018-12-01,,,,0,36,36.79,25.5751,68800000,315330,32000000
행복주택,경기도,부천시 소사구,경기도 부천시 소사구 양지로 151,부천옥길 행복주택(A4BL),270,아파트,LH인천,2018-11-30,,,,0,16,16.75,8.9601,28192000,122160,10000000
행복주택,경기도,부천시 소사구,경기도 부천시 소사구 양지로 151,부천옥길 행복주택(A4BL),270,아파트,LH인천,2018-11-30,,,,0,26,26.24,14.0366,45032000,195130,20000000
행복주택,경기도,부천시 소사구,경기도 부천시 소사구 양지로 151,부천옥길 행복주택(A4BL),270,아파트,LH인천,2018-11-30,,,,0,26,26.4,14.1221,44432000,192530,19000000
행복주택,경기도,부천시 소사구,경기도 부천시 소사구 양지로 151,부천옥길 행복주택(A4BL),270,아파트,LH인천,2018-11-30,,,,0,26,26.49,14.1703,44584000,193190,19000000
행복주택,경기도,부천시 소사구,경기도 부천시 소사구 양지로 151,부천옥길 행복주택(A4BL),270,아파트,LH인천,2018-11-30,,,,0,36,36.14,19.3324,62080000,269010,27000000
행복주택,경기도,부천시 소사구,경기도 부천시 소사구 양지로 151,부천옥길 행복주택(A4BL),270,아파트,LH인천,2018-11-30,,,,0,36,36.3,19.418,62356000,270200,27000000
행복주택,경기도,평택시,경기도 평택시 고덕국제2로 190,평택고덕 A3블록 신혼희망타운 행복주택,166,아파트,LH경기남부,2023-06-01,,,,0,55,55.72,21.8592,94000000,393230,47000000
행복주택,경기도,평택시,경기도 평택시 고덕국제2로 190,평택고덕 A3블록 신혼희망타운 행복주택,166,아파트,LH경기남부,2023-06-01,,,,0,55,55.93,21.3792,94000000,393230,47000000
행복주택,경기도,평택시,경기도 평택시 고덕국제5로 160,평택고덕 A57-1블록 행복주택,900,아파트,LH경기남부,2022-10-31,,지역난방,,0,26,26.03,13.5614,32129000,129850,11000000
행복주택,경기도,평택시,경기도 평택시 고덕국제5로 160,평택고덕 A57-1블록 행복주택,900,아파트,LH경기남부,2022-10-31,,지역난방,,0,36,36.97,19.261,42408000,171390,17000000
행복주택,경기도,평택시,경기도 평택시 고덕국제5로 160,평택고덕 A57-1블록 행복주택,900,아파트,LH경기남부,2022-10-31,,지역난방,,0,44,44.12,22.9861,55100000,222690,22000000
행복주택,경기도,평택시,경기도 평택시 고덕국제대로 202,평택고덕 A-7블록 신혼희망타운 행복주택,295,아파트,LH경기남부,2021-05-31,,,,0,46,46.97,20.4478,67560000,320910,33000000
행복주택,경기도,평택시,경기도 평택시 고덕국제대로 202,평택고덕 A-7블록 신혼희망타운 행복주택,295,아파트,LH경기남부,2021-05-31,,,,0,46,46.99,20.4565,67600000,321100,33000000
행복주택,경기도,평택시,경기도 평택시 고덕국제대로 202,평택고덕 A-7블록 신혼희망타운 행복주택,295,아파트,LH경기남부,2021-05-31,,,,0,55,55.76,24.2745,78520000,372970,38000000
행복주택,경기도,평택시,경기도 평택시 고덕국제대로 202,평택고덕 A-7블록 신혼희망타운 행복주택,295,아파트,LH경기남부,2021-05-31,,,,0,55,55.9,24.3354,80400000,381900,39000000
행복주택,경기도,평택시,경기도 평택시 고덕국제대로 202,평택고덕 A-7블록 신혼희망타운 행복주택,295,아파트,LH경기남부,2021-05-31,,,,0,55,55.94,24.3528,80440000,382090,39000000
행복주택,경기도,평택시,경기도 평택시 고덕국제대로 202,평택고덕 A-7블록 신혼희망타운 행복주택,295,아파트,LH경기남부,2021-05-31,,,,0,55,55.97,24.3659,82960000,394060,40000000
행복주택,경기도,평택시,경기도 평택시 고덕국제대로 202,평택고덕 A-7블록 신혼희망타운 행복주택,295,아파트,LH경기남부,2021-05-31,,,,0,55,55.98,24.3702,81320000,386270,39000000
행복주택,경기도,평택시,경기도 평택시 고덕국제대로 202,평택고덕 A-7블록 신혼희망타운 행복주택,295,아파트,LH경기남부,2021-05-31,,,,0,55,55.99,24.3746,79720000,378670,38000000
행복주택,경기도,평택시,경기도 평택시 고덕국제대로 232,평택고덕 A-6블록 행복주택(LH2단지),1600,아파트,LH경기남부,2022-06-30,,지역난방,,0,16,16.33,8.6097,22800000,106330,7000000
행복주택,경기도,평택시,경기도 평택시 고덕국제대로 232,평택고덕 A-6블록 행복주택(LH2단지),1600,아파트,LH경기남부,2022-06-30,,지역난방,,0,21,21.2,11.1773,29260000,139200,13000000
행복주택,경기도,평택시,경기도 평택시 고덕국제대로 232,평택고덕 A-6블록 행복주택(LH2단지),1600,아파트,LH경기남부,2022-06-30,,지역난방,,0,26,26.23,13.8292,34960000,166260,17000000
행복주택,경기도,평택시,경기도 평택시 고덕국제대로 232,평택고덕 A-6블록 행복주택(LH2단지),1600,아파트,LH경기남부,2022-06-30,,지역난방,,0,36,36.26,19.1174,47500000,226200,23000000
행복주택,경기도,평택시,경기도 평택시 고덕여염로 20,고덕LH17단지,296,아파트,LH경기남부,2019-11-29,,,,0,16,16.77,10.5579,19520000,92720,5000000
행복주택,경기도,평택시,경기도 평택시 고덕여염로 20,고덕LH17단지,298,아파트,LH경기남부,2019-11-29,,,,0,16,16.77,10.6695,19520000,92720,5000000
행복주택,경기도,평택시,경기도 평택시 고덕여염로 20,고덕LH17단지,296,아파트,LH경기남부,2019-11-29,,,,0,23,23.8,14.9839,27400000,130150,12000000
행복주택,경기도,평택시,경기도 평택시 고덕여염로 20,고덕LH17단지,296,아파트,LH경기남부,2019-11-29,,,,0,23,23.92,15.0594,27280000,129580,11000000
행복주택,경기도,평택시,경기도 평택시 고덕여염로 20,고덕LH17단지,298,아파트,LH경기남부,2019-11-29,,,,0,23,23.92,15.2185,27560000,130910,12000000
행복주택,경기도,평택시,경기도 평택시 고덕여염로 20,고덕LH17단지,296,아파트,LH경기남부,2019-11-29,,,,0,30,30.1,18.9502,33307000,156750,16000000
행복주택,경기도,평택시,경기도 평택시 고덕여염로 20,고덕LH17단지,298,아파트,LH경기남부,2019-11-29,,,,0,30,30.1,19.1503,33360000,158460,16000000
행복주택,경기도,평택시,경기도 평택시 고덕여염로 20,고덕LH17단지,296,아파트,LH경기남부,2019-11-29,,,,0,30,30.85,19.4224,33480000,159030,16000000
행복주택,경기도,평택시,경기도 평택시 고덕여염로 20,고덕LH17단지,296,아파트,LH경기남부,2019-11-29,,,,0,36,36.87,23.2124,40880000,194180,19000000
행복주택,경기도,평택시,경기도 평택시 고덕여염로 20,고덕LH17단지,298,아파트,LH경기남부,2019-11-29,,,,0,36,36.87,23.4576,40880000,194180,19000000
행복주택,경기도,평택시,경기도 평택시 비전3로 13,평택소사벌 A-7블록 행복주택,350,아파트,LH경기남부,2023-08-01,,,,0,21,21.99,12.5073,27600000,115000,9000000
행복주택,경기도,평택시,경기도 평택시 비전3로 13,평택소사벌 A-7블록 행복주택,350,아파트,LH경기남부,2023-08-01,,,,0,26,26.98,15.3455,33600000,140000,13000000
행복주택,경기도,평택시,경기도 평택시 비전3로 13,평택소사벌 A-7블록 행복주택,350,아파트,LH경기남부,2023-08-01,,,,0,44,44.68,25.4128,54400000,226660,23000000
행복주택,경기도,평택시,경기도 평택시 비전3로 13,평택소사벌 A-7블록 행복주택,350,아파트,LH경기남부,2023-08-01,,,,0,44,44.85,25.5095,54800000,228330,23000000
행복주택,경기도,평택시,경기도 평택시 죽백4로 60,소사벌 배다리마을5단지,840,아파트,LH경기남부,2018-11-30,복도식,지역난방,,0,20,20.59,9.8845,20480000,97280,6000000
행복주택,경기도,평택시,경기도 평택시 죽백4로 60,소사벌 배다리마을5단지,840,아파트,LH경기남부,2018-11-30,복도식,지역난방,,0,22,22.59,10.8447,22440000,106590,7000000
행복주택,경기도,평택시,경기도 평택시 죽백4로 60,소사벌 배다리마을5단지,840,아파트,LH경기남부,2018-11-30,복도식,지역난방,,0,26,26.44,12.6929,25280000,120080,10000000
행복주택,경기도,평택시,경기도 평택시 죽백4로 60,소사벌 배다리마을5단지,840,아파트,LH경기남부,2018-11-30,복도식,지역난방,,0,36,36.42,17.484,34840000,165490,17000000
행복주택,경기도,평택시,경기도 평택시 죽백4로 60,소사벌 배다리마을5단지,840,아파트,LH경기남부,2018-11-30,복도식,지역난방,,0,36,36.7,17.6184,35120000,166820,17000000
행복주택,경기도,평택시,경기도 평택시 청북읍 안청로1길 21,청북LHB12단지,326,아파트,LH경기남부,2019-12-31,,,,0,21,21.54,10.932,14498000,68640,1000000
행복주택,경기도,평택시,경기도 평택시 청북읍 안청로1길 21,청북LHB12단지,326,아파트,LH경기남부,2019-12-31,,,,0,26,26.41,13.4036,17434000,81890,3000000
행복주택,경기도,평택시,경기도 평택시 청북읍 안청로1길 21,청북LHB12단지,326,아파트,LH경기남부,2019-12-31,,,,0,36,36.64,18.5955,24186000,113620,9000000
행복주택,경기도,평택시,경기도 평택시 청북읍 안청로1길 45-40,평택청북 B-13블록 행복주택,260,아파트,LH경기남부,2022-11-30,,,,0,24,24.68,12.7579,19440000,78890,3000000
행복주택,경기도,평택시,경기도 평택시 청북읍 안청로1길 45-40,평택청북 B-13블록 행복주택,260,아파트,LH경기남부,2022-11-30,,,,0,36,36.55,18.1403,28440000,115410,9000000
행복주택,경기도,평택시,경기도 평택시 청북읍 안청로1길 45-40,평택청북 B-13블록 행복주택,260,아파트,LH경기남부,2022-11-30,,,,0,36,36.9,18.3392,28800000,116880,9000000
행복주택,경기도,평택시,경기도 평택시 청북읍 안청로1길 45-40,평택청북 B-13블록 행복주택,260,아파트,LH경기남부,2022-11-30,,,,0,44,44.4,21.6567,34920000,141710,14000000
행복주택,경기도,동두천시,경기도 동두천시 이담로 10,동두천송내 S1BL 행복주택,260,아파트,LH경기북부,2021-08-31,,,,0,16,16.95,10.3387,22432000,112160,8000000
행복주택,경기도,동두천시,경기도 동두천시 이담로 10,동두천송내 S1BL 행복주택,260,아파트,LH경기북부,2021-08-31,,,,0,26,26.87,16.3894,33872000,169360,17000000
행복주택,경기도,동두천시,경기도 동두천시 이담로 10,동두천송내 S1BL 행복주택,260,아파트,LH경기북부,2021-08-31,,,,0,36,36.46,22.2388,46400000,232000,23000000
행복주택,경기도,고양시 덕양구,경기도 고양시 덕양구 서정마을2로 17,서정마을LH12단지,276,아파트,LH경기북부,2018-12-22,,,,0,16,16.48,9.6602,27600000,119000,10000000
행복주택,경기도,고양시 덕양구,경기도 고양시 덕양구 서정마을2로 17,서정마을LH12단지,276,아파트,LH경기북부,2018-12-22,,,,0,21,21.26,12.4622,35200000,152000,15000000
행복주택,경기도,고양시 덕양구,경기도 고양시 덕양구 서정마을2로 17,서정마을LH12단지,276,아파트,LH경기북부,2018-12-22,,,,0,36,36.25,21.249,61200000,265000,27000000
행복주택,경기도,고양시 덕양구,경기도 고양시 덕양구 오부자로 120,고양지축 A-2BL 행복주택,194,아파트,LH경기북부,2023-07-31,,,,0,55,55.84,22.5014,117200000,419960,43000000
행복주택,경기도,고양시 덕양구,경기도 고양시 덕양구 오부자로 120,고양지축 A-2BL 행복주택,194,아파트,LH경기북부,2023-07-31,,,,0,55,55.99,22.5619,117200000,419960,43000000
행복주택,경기도,고양시 덕양구,경기도 고양시 덕양구 오부자로 150,고양지축 행복주택 A-3,890,아파트,LH경기북부,2018-11-23,,지역난방,,0,16,16.65,9.2297,28000000,123000,10000000
행복주택,경기도,고양시 덕양구,경기도 고양시 덕양구 오부자로 150,고양지축 행복주택 A-3,890,아파트,LH경기북부,2018-11-23,,지역난방,,0,26,26.62,14.7565,44800000,197000,20000000
행복주택,경기도,고양시 덕양구,경기도 고양시 덕양구 오부자로 150,고양지축 행복주택 A-3,890,아파트,LH경기북부,2018-11-23,,지역난방,,0,26,26.64,14.7676,44800000,197000,20000000
행복주택,경기도,고양시 덕양구,경기도 고양시 덕양구 오부자로 150,고양지축 행복주택 A-3,890,아파트,LH경기북부,2018-11-23,,지역난방,,0,36,36.63,20.3054,62800000,277000,28000000
행복주택,경기도,고양시 덕양구,경기도 고양시 덕양구 오부자로 43,고양지축 A-4BL 행복주택,473,아파트,LH경기북부,2020-04-30,,,,0,16,16.7,8.1429,26800000,118030,9000000
행복주택,경기도,고양시 덕양구,경기도 고양시 덕양구 오부자로 43,고양지축 A-4BL 행복주택,473,아파트,LH경기북부,2020-04-30,,,,0,26,26.69,12.376,42800000,186780,19000000
행복주택,경기도,고양시 덕양구,경기도 고양시 덕양구 오부자로 43,고양지축 A-4BL 행복주택,473,아파트,LH경기북부,2020-04-30,,,,0,36,36.76,16.6376,60000000,260150,26000000
행복주택,경기도,고양시 덕양구,경기도 고양시 덕양구 오부자로 99,고양지축 A-1블록 신혼희망타운 행복주택,250,아파트,LH경기북부,2022-06-29,,,,0,46,46.9,21.9674,90400000,380340,39000000
행복주택,경기도,고양시 덕양구,경기도 고양시 덕양구 오부자로 99,고양지축 A-1블록 신혼희망타운 행복주택,250,아파트,LH경기북부,2022-06-29,,,,0,46,46.98,22.0048,90400000,380980,39000000
행복주택,경기도,고양시 덕양구,경기도 고양시 덕양구 오부자로 99,고양지축 A-1블록 신혼희망타운 행복주택,250,아파트,LH경기북부,2022-06-29,,,,0,55,55.76,26.1173,108400000,457160,47000000
행복주택,경기도,고양시 덕양구,경기도 고양시 덕양구 원흥1로 25,삼송11단지,832,아파트,LH경기북부,2017-02-28,,,,0,21,21.75,12.4043,31560000,142000,16000000
행복주택,경기도,고양시 덕양구,경기도 고양시 덕양구 원흥1로 25,삼송11단지,832,아파트,LH경기북부,2017-02-28,,,,0,21,21.84,12.4556,31360000,141000,16000000
행복주택,경기도,고양시 덕양구,경기도 고양시 덕양구 원흥1로 25,삼송11단지,832,아파트,LH경기북부,2017-02-28,,,,0,26,26.55,15.1418,38520000,173000,20000000
행복주택,경기도,고양시 덕양구,경기도 고양시 덕양구 원흥1로 25,삼송11단지,832,아파트,LH경기북부,2017-02-28,,,,0,26,26.6,15.1703,38120000,171000,20000000
행복주택,경기도,고양시 덕양구,경기도 고양시 덕양구 원흥1로 25,삼송11단지,832,아파트,LH경기북부,2017-02-28,,,,0,36,36.7,20.9304,52680000,237000,28000000
행복주택,경기도,고양시 덕양구,경기도 고양시 덕양구 원흥1로 31,고양삼송 LH10단지,777,아파트,LH경기북부,2022-01-31,복도식,지역난방,,0,16,16.9,8.3862,28000000,120650,10000000
행복주택,경기도,고양시 덕양구,경기도 고양시 덕양구 원흥1로 31,고양삼송 LH10단지,777,아파트,LH경기북부,2022-01-31,복도식,지역난방,,0,26,26.65,13.2244,44000000,188550,20000000
행복주택,경기도,고양시 덕양구,경기도 고양시 덕양구 원흥1로 31,고양삼송 LH10단지,777,아파트,LH경기북부,2022-01-31,복도식,지역난방,,0,36,36.45,18.0874,61600000,260550,29000000
행복주택,경기도,고양시 덕양구,경기도 고양시 덕양구 원흥1로 31,고양삼송 LH10단지,777,아파트,LH경기북부,2022-01-31,복도식,지역난방,,0,36,36.95,18.3355,62400000,264120,31000000
행복주택,경기도,고양시 덕양구,경기도 고양시 덕양구 원흥1로 31,고양삼송 LH10단지,777,아파트,LH경기북부,2022-01-31,복도식,지역난방,,0,44,44.95,22.3054,77600000,324570,38000000
행복주택,경기도,고양시 덕양구,경기도 고양시 덕양구 원흥1로 35,고양삼송 LH원흥마을13단지,947,아파트,LH경기북부,2021-12-31,복도식,지역난방,,0,21,21.91,10.3787,38400000,158210,16000000
행복주택,경기도,고양시 덕양구,경기도 고양시 덕양구 원흥1로 35,고양삼송 LH원흥마을13단지,947,아파트,LH경기북부,2021-12-31,복도식,지역난방,,0,36,36.83,17.4463,64000000,265940,30000000
행복주택,경기도,고양시 덕양구,경기도 고양시 덕양구 원흥1로 35,고양삼송 LH원흥마을13단지,947,아파트,LH경기북부,2021-12-31,복도식,지역난방,,0,36,36.96,17.5078,64000000,266870,30000000
행복주택,경기도,고양시 덕양구,경기도 고양시 덕양구 원흥1로 35,고양삼송 LH원흥마을13단지,947,아파트,LH경기북부,2021-12-31,복도식,지역난방,,0,46,46.67,22.1074,82800000,340810,38000000
행복주택,경기도,고양시 덕양구,경기도 고양시 덕양구 원흥1로 35,고양삼송 LH원흥마을13단지,947,아파트,LH경기북부,2021-12-31,복도식,지역난방,,0,46,46.69,22.1169,82800000,340960,38000000
행복주택,경기도,고양시 덕양구,경기도 고양시 덕양구 향기5로 65,고양향동 A-4블록 행복주택,498,아파트,LH경기북부,2020-06-07,,,,0,16,16.11,9.2115,28000000,128330,13000000
행복주택,경기도,고양시 덕양구,경기도 고양시 덕양구 향기5로 65,고양향동 A-4블록 행복주택,498,아파트,LH경기북부,2020-06-07,,,,0,16,16.23,9.2802,28000000,128330,13000000
행복주택,경기도,고양시 덕양구,경기도 고양시 덕양구 향기5로 65,고양향동 A-4블록 행복주택,498,아파트,LH경기북부,2020-06-07,,,,0,16,16.31,9.3259,28000000,128330,13000000
행복주택,경기도,고양시 덕양구,경기도 고양시 덕양구 향기5로 65,고양향동 A-4블록 행복주택,498,아파트,LH경기북부,2020-06-07,,,,0,26,26.46,15.1296,46000000,210830,25000000
행복주택,경기도,고양시 덕양구,경기도 고양시 덕양구 향기5로 65,고양향동 A-4블록 행복주택,498,아파트,LH경기북부,2020-06-07,,,,0,26,26.57,15.1925,46000000,210830,25000000
행복주택,경기도,고양시 덕양구,경기도 고양시 덕양구 향기5로 65,고양향동 A-4블록 행복주택,498,아파트,LH경기북부,2020-06-07,,,,0,36,36.07,20.6245,64000000,293330,35000000
행복주택,경기도,고양시 덕양구,경기도 고양시 덕양구 향기5로 65,고양향동 A-4블록 행복주택,498,아파트,LH경기북부,2020-06-07,,,,0,36,36.11,20.6474,64000000,293330,35000000
행복주택,경기도,고양시 덕양구,경기도 고양시 덕양구 향기5로 65,고양향동 A-4블록 행복주택,498,아파트,LH경기북부,2020-06-07,,,,0,36,36.19,20.6931,64000000,293330,35000000
행복주택,경기도,과천시,경기도 과천시 과천대로8길 68,과천지식정보타운 S-7블록 신혼희망타운(행복주택),140,아파트,LH경기남부,2023-06-01,,,,0,55,55.9,21.3712,212400000,684990,70000000
행복주택,경기도,과천시,경기도 과천시 과천대로8길 68,과천지식정보타운 S-7블록 신혼희망타운(행복주택),140,아파트,LH경기남부,2023-06-01,,,,0,55,55.96,21.9883,212800000,686280,70000000
행복주택,경기도,구리시,경기도 구리시 체육관로74번길 67,구리수택 행복주택,394,아파트,LH경기북부,2021-06-30,,,,0,16,16.84,10.6501,37600000,167010,17000000
행복주택,경기도,구리시,경기도 구리시 체육관로74번길 67,구리수택 행복주택,394,아파트,LH경기북부,2021-06-30,,,,0,26,26.68,15.9782,57200000,255750,26000000
행복주택,경기도,구리시,경기도 구리시 체육관로74번길 67,구리수택 행복주택,394,아파트,LH경기북부,2021-06-30,,,,0,26,26.71,15.6127,57200000,255380,26000000
행복주택,경기도,구리시,경기도 구리시 체육관로74번길 67,구리수택 행복주택,394,아파트,LH경기북부,2021-06-30,,,,0,36,36.71,22.1084,78000000,347960,35000000
행복주택,경기도,남양주시,경기도 남양주시 가운로2길 7,나라키움남양주복합청사 행복주택,74,아파트,한국자산관리공사,2023-07-13,복도식,개별난방,전체동 설치,47,16,16.76,25.51,35100000,154000,0
행복주택,경기도,남양주시,경기도 남양주시 가운로2길 7,나라키움남양주복합청사 행복주택,74,아파트,한국자산관리공사,2023-07-13,복도식,개별난방,전체동 설치,47,26,26.45,39.39,54800000,256000,0
행복주택,경기도,남양주시,경기도 남양주시 가운로2길 7,나라키움남양주복합청사 행복주택,74,아파트,한국자산관리공사,2023-07-13,복도식,개별난방,전체동 설치,47,36,36.06,53.28,83900000,256000,0
행복주택,경기도,남양주시,경기도 남양주시 경춘로 899,남양주금곡 행복주택,352,아파트,LH경기북부,2022-12-31,,,,0,16,16.9,8.5696,22320000,106020,7000000
행복주택,경기도,남양주시,경기도 남양주시 경춘로 899,남양주금곡 행복주택,352,아파트,LH경기북부,2022-12-31,,,,0,21,21.35,10.8261,27360000,129960,11000000
행복주택,경기도,남양주시,경기도 남양주시 경춘로 899,남양주금곡 행복주택,352,아파트,LH경기북부,2022-12-31,,,,0,26,26.88,13.6303,35340000,167860,17000000
행복주택,경기도,남양주시,경기도 남양주시 경춘로 899,남양주금곡 행복주택,352,아파트,LH경기북부,2022-12-31,,,,0,44,44.32,22.4738,60000000,285000,29000000
행복주택,경기도,남양주시,경기도 남양주시 덕송3로 30,남양주별내 A1-2 행복주택리츠,1220,아파트,LH경기북부,2018-12-30,,,,0,16,16.92,9.7388,29720000,136210,13000000
행복주택,경기도,남양주시,경기도 남양주시 덕송3로 30,남양주별내 A1-2 행복주택리츠,1220,아파트,LH경기북부,2018-12-30,,,,0,26,26.61,15.3162,45200000,207440,21000000
행복주택,경기도,남양주시,경기도 남양주시 덕송3로 30,남양주별내 A1-2 행복주택리츠,1220,아파트,LH경기북부,2018-12-30,,,,0,36,36.64,21.0892,58400000,267660,27000000
행복주택,경기도,남양주시,경기도 남양주시 미금로19번길 9,다산해모로,24,아파트,LH경기북부,,,,,0,39,39.9388,20.2456,95216000,436400,44000000
행복주택,경기도,남양주시,경기도 남양주시 순화궁로 458-16,LH퍼스트포레,128,아파트,LH경기북부,2021-11-02,,지역난방,,0,46,46.75,20.1679,82680000,399620,41000000
행복주택,경기도,남양주시,경기도 남양주시 순화궁로 458-16,LH퍼스트포레,128,아파트,LH경기북부,2021-11-02,,지역난방,,0,46,46.78,20.1809,97560000,471540,48000000
행복주택,경기도,남양주시,경기도 남양주시 순화궁로 458-16,LH퍼스트포레,128,아파트,LH경기북부,2021-11-02,,지역난방,,0,46,46.99,20.2715,82280000,397680,40000000
행복주택,경기도,남양주시,경기도 남양주시 순화궁로 458-16,LH퍼스트포레,128,아파트,LH경기북부,2021-11-02,,지역난방,,0,55,55.64,24.0031,96520000,466510,47000000
행복주택,경기도,남양주시,경기도 남양주시 순화궁로 458-16,LH퍼스트포레,128,아파트,LH경기북부,2021-11-02,,지역난방,,0,55,55.65,24.0074,96520000,466510,47000000
행복주택,경기도,남양주시,경기도 남양주시 순화궁로 458-16,LH퍼스트포레,128,아파트,LH경기북부,2021-11-02,,지역난방,,0,55,55.71,24.0333,97440000,470960,48000000
행복주택,경기도,남양주시,경기도 남양주시 순화궁로 458-58,별가람마을 1-8단지,872,아파트,LH경기북부,2021-05-01,,,,0,14,14.66,8.7334,24640000,115800,10000000
행복주택,경기도,남양주시,경기도 남양주시 순화궁로 458-58,별가람마을 1-8단지,872,아파트,LH경기북부,2021-05-01,,,,0,26,26.7,14.5246,43200000,203960,23000000
행복주택,경기도,남양주시,경기도 남양주시 순화궁로 458-58,별가람마을 1-8단지,872,아파트,LH경기북부,2021-05-01,,,,0,36,36.32,19.4123,55200000,259640,30000000
행복주택,경기도,남양주시,경기도 남양주시 순화궁로 458-58,별가람마을 1-8단지,872,아파트,LH경기북부,2021-05-01,,,,0,44,44.41,23.2312,66000000,310300,36000000
행복주택,경기도,남양주시,경기도 남양주시 순화궁로 458-58,별가람마을 1-8단지,872,아파트,LH경기북부,2021-05-01,,,,0,44,44.58,23.1666,66000000,311460,36000000
행복주택,경기도,남양주시,경기도 남양주시 진접읍 금강로 1530-33,남양주장현 행복주택 2단지,870,아파트,LH경기북부,2019-04-01,,,,0,16,16.8,10.7358,18000000,85260,4000000
행복주택,경기도,남양주시,경기도 남양주시 진접읍 금강로 1530-33,남양주장현 행복주택 2단지,870,아파트,LH경기북부,2019-04-01,,,,0,16,16.95,10.8317,17800000,86030,4000000
행복주택,경기도,남양주시,경기도 남양주시 진접읍 금강로 1530-33,남양주장현 행복주택 2단지,870,아파트,LH경기북부,2019-04-01,,,,0,26,26.65,17.0305,27200000,129140,11000000
행복주택,경기도,남양주시,경기도 남양주시 진접읍 금강로 1530-33,남양주장현 행복주택 2단지,870,아파트,LH경기북부,2019-04-01,,,,0,26,26.82,17.1391,27200000,129140,11000000
행복주택,경기도,남양주시,경기도 남양주시 진접읍 금강로 1530-33,남양주장현 행복주택 2단지,870,아파트,LH경기북부,2019-04-01,,,,0,36,36.4,23.2612,36000000,171290,17000000
행복주택,경기도,남양주시,경기도 남양주시 진접읍 금강로 1530-33,남양주장현 행복주택 2단지,870,아파트,LH경기북부,2019-04-01,,,,0,36,36.56,23.3634,36000000,172060,17000000
행복주택,경기도,오산시,경기도 오산시 가수행복로 55-5,오산세교2 12단지(A-7블록)(행복),1136,아파트,LH경기남부,2019-02-28,복도식,지역난방,,0,16,16.41,9.3424,18640000,80770,3000000
행복주택,경기도,오산시,경기도 오산시 가수행복로 55-5,오산세교2 12단지(A-7블록)(행복),1136,아파트,LH경기남부,2019-02-28,복도식,지역난방,,0,26,26.48,15.0754,29240000,126700,11000000
행복주택,경기도,오산시,경기도 오산시 가수행복로 55-5,오산세교2 12단지(A-7블록)(행복),1136,아파트,LH경기남부,2019-02-28,복도식,지역난방,,0,36,36.83,20.9678,40320000,174720,19000000
행복주택,경기도,오산시,경기도 오산시 경기대로761번길 10,오산세교 주상5단지(1블록)(행복),720,아파트,LH경기남부,2017-12-21,,,,0,16,16.54,10.1256,19280000,83540,4000000
행복주택,경기도,오산시,경기도 오산시 경기대로761번길 10,오산세교 주상5단지(1블록)(행복),720,아파트,LH경기남부,2017-12-21,,,,0,26,26.88,15.7241,30440000,131900,12000000
행복주택,경기도,오산시,경기도 오산시 경기대로761번길 10,오산세교 주상5단지(1블록)(행복),720,아파트,LH경기남부,2017-12-21,,,,0,26,26.99,15.6452,30560000,132420,12000000
행복주택,경기도,오산시,경기도 오산시 경기대로761번길 10,오산세교 주상5단지(1블록)(행복),720,아파트,LH경기남부,2017-12-21,,,,0,36,36.79,20.753,41240000,178700,18000000
행복주택,경기도,오산시,경기도 오산시 경기대로761번길 10,오산세교 주상5단지(1블록)(행복),720,아파트,LH경기남부,2017-12-21,,,,0,36,36.92,20.6634,41360000,179220,18000000
행복주택,경기도,오산시,경기도 오산시 남부대로 486-13,오산청호 2단지(2블록)(행복),448,아파트,LH경기남부,2018-12-31,복도식,,,0,16,16.78,8.7028,18400000,76090,2000000
행복주택,경기도,오산시,경기도 오산시 남부대로 486-13,오산청호 2단지(2블록)(행복),448,아파트,LH경기남부,2018-12-31,복도식,,,0,26,26.14,13.5572,27600000,115260,9000000
행복주택,경기도,오산시,경기도 오산시 남부대로 486-13,오산청호 2단지(2블록)(행복),448,아파트,LH경기남부,2018-12-31,복도식,,,0,26,26.3,13.6402,27600000,115960,9000000
행복주택,경기도,오산시,경기도 오산시 남부대로 486-13,오산청호 2단지(2블록)(행복),448,아파트,LH경기남부,2018-12-31,복도식,,,0,36,36.81,19.0911,38400000,160500,16000000
행복주택,경기도,오산시,경기도 오산시 남부대로 486-13,오산청호 2단지(2블록)(행복),448,아파트,LH경기남부,2018-12-31,복도식,,,0,36,36.94,19.1586,38400000,161200,16000000
행복주택,경기도,오산시,경기도 오산시 대호로 39,오산청학 1단지(H-1블록)(행복),178,아파트,LH경기남부,2019-02-28,복도식,,,0,16,16.66,8.8299,18760000,81290,3000000
행복주택,경기도,오산시,경기도 오산시 대호로 39,오산청학 1단지(H-1블록)(행복),178,아파트,LH경기남부,2019-02-28,복도식,,,0,26,26.36,13.971,28880000,125140,11000000
행복주택,경기도,오산시,경기도 오산시 대호로 39,오산청학 1단지(H-1블록)(행복),178,아파트,LH경기남부,2019-02-28,복도식,,,0,36,36.62,19.4089,39720000,172120,17000000
행복주택,경기도,오산시,경기도 오산시 송로 11,오산세교2 A-6블록 행복·영구임대주택,603,아파트,LH경기남부,2023-04-28,,,,0,21,21.4,12.1539,20880000,84730,1000000
행복주택,경기도,오산시,경기도 오산시 송로 11,오산세교2 A-6블록 행복·영구임대주택,603,아파트,LH경기남부,2023-04-28,,,,0,26,26.13,14.6958,21300000,86440,1000000
행복주택,경기도,오산시,경기도 오산시 송로 11,오산세교2 A-6블록 행복·영구임대주택,603,아파트,LH경기남부,2023-04-28,,,,0,26,26.35,14.5722,25920000,105190,4000000
행복주택,경기도,오산시,경기도 오산시 송로 11,오산세교2 A-6블록 행복·영구임대주택,603,아파트,LH경기남부,2023-04-28,,,,0,43,43.3,23.6768,48800000,198040,20000000
행복주택,경기도,오산시,경기도 오산시 송로 11,오산세교2 A-6블록 행복·영구임대주택,603,아파트,LH경기남부,2023-04-28,,,,0,43,43.45,22.9625,48800000,198040,20000000
행복주택,경기도,오산시,경기도 오산시 송로 11,오산세교2 A-6블록 행복·영구임대주택,603,아파트,LH경기남부,2023-04-28,,,,0,43,43.45,23.3825,48800000,198040,20000000
행복주택,경기도,시흥시,경기도 시흥시 능곡서로 27,장현 4단지,996,아파트,LH경기남부,2019-03-17,,지역난방,,0,16,16.11,9.1918,20960000,92570,5000000
행복주택,경기도,시흥시,경기도 시흥시 능곡서로 27,장현 4단지,996,아파트,LH경기남부,2019-03-17,,지역난방,,0,22,22.32,12.735,28760000,127020,11000000
행복주택,경기도,시흥시,경기도 시흥시 능곡서로 27,장현 4단지,996,아파트,LH경기남부,2019-03-17,,지역난방,,0,22,22.43,12.7977,28880000,127550,11000000
행복주택,경기도,시흥시,경기도 시흥시 능곡서로 27,장현 4단지,996,아파트,LH경기남부,2019-03-17,,지역난방,,0,26,26,14.8347,33480000,147870,15000000
행복주택,경기도,시흥시,경기도 시흥시 능곡서로 27,장현 4단지,996,아파트,LH경기남부,2019-03-17,,지역난방,,0,31,31.68,18.0755,41200000,181960,18000000
행복주택,경기도,시흥시,경기도 시흥시 능곡서로 27,장현 4단지,996,아파트,LH경기남부,2019-03-17,,지역난방,,0,36,36.3,20.7115,47200000,208460,21000000
행복주택,경기도,시흥시,경기도 시흥시 시청로 79,트리플센텀,197,아파트,LH경기남부,2022-02-28,계단식,지역난방,,0,55,55.94,23.9629,81160000,358450,36000000
행복주택,경기도,시흥시,경기도 시흥시 시청로 79,트리플센텀,197,아파트,LH경기남부,2022-02-28,계단식,지역난방,,0,55,55.98,23.98,81200000,358630,36000000
행복주택,경기도,시흥시,경기도 시흥시 은계북길 7,은계 2단지,820,아파트,LH경기남부,2019-09-23,복도식,지역난방,,0,16,16.82,10.4632,29360000,129670,11000000
행복주택,경기도,시흥시,경기도 시흥시 은계북길 7,은계 2단지,820,아파트,LH경기남부,2019-09-23,복도식,지역난방,,0,26,26.49,16.4786,46200000,204050,20000000
행복주택,경기도,시흥시,경기도 시흥시 은계북길 7,은계 2단지,820,아파트,LH경기남부,2019-09-23,복도식,지역난방,,0,26,26.53,16.5035,46280000,204400,21000000
행복주택,경기도,시흥시,경기도 시흥시 은계북길 7,은계 2단지,820,아파트,LH경기남부,2019-09-23,복도식,지역난방,,0,36,36.16,22.494,64320000,284080,29000000
행복주택,경기도,시흥시,경기도 시흥시 장현순환로 20,포레미엘 더 파크,137,아파트,LH경기남부,2022-11-29,,,,0,55,55.4,22.2725,80760000,356690,36000000
행복주택,경기도,시흥시,경기도 시흥시 장현순환로 20,포레미엘 더 파크,137,아파트,LH경기남부,2022-11-29,,,,0,55,55.62,22.361,81080000,358100,36000000
행복주택,경기도,시흥시,경기도 시흥시 장현순환로 20,포레미엘 더 파크,137,아파트,LH경기남부,2022-11-29,,,,0,55,55.86,22.4574,81440000,359690,36000000
행복주택,경기도,시흥시,경기도 시흥시 장현순환로 20,포레미엘 더 파크,137,아파트,LH경기남부,2022-11-29,,,,0,55,55.91,22.4775,81480000,359870,37000000
행복주택,경기도,시흥시,경기도 시흥시 장현순환로 20,포레미엘 더 파크,137,아파트,LH경기남부,2022-11-29,,,,0,55,55.93,22.4856,81520000,360040,37000000
행복주택,경기도,시흥시,경기도 시흥시 황고개로 469,장현 더포레마제,410,아파트,LH경기남부,2023-05-01,,,,0,46,46.86,21.3585,78400000,313600,32000000
행복주택,경기도,시흥시,경기도 시흥시 황고개로 469,장현 더포레마제,410,아파트,LH경기남부,2023-05-01,,,,0,55,55.9,25.4789,94800000,379200,39000000
행복주택,경기도,시흥시,경기도 시흥시 황고개로 469,장현 더포레마제,410,아파트,LH경기남부,2023-05-01,,,,0,55,55.99,25.5199,94800000,379200,39000000
행복주택,경기도,군포시,경기도 군포시 송부로49번길 10,군포송정 A-1블록 행복주택,480,아파트,LH경기남부,2019-04-06,,,,0,16,16.98,10.5432,32400000,135810,15000000
행복주택,경기도,군포시,경기도 군포시 송부로49번길 10,군포송정 A-1블록 행복주택,480,아파트,LH경기남부,2019-04-06,,,,0,26,26.96,16.7401,50000000,209580,25000000
행복주택,경기도,군포시,경기도 군포시 송부로49번길 10,군포송정 A-1블록 행복주택,480,아파트,LH경기남부,2019-04-06,,,,0,36,36.6,22.7258,67600000,283350,34000000
행복주택,경기도,군포시,경기도 군포시 송부로49번길 10,군포송정 A-1블록 행복주택,480,아파트,LH경기남부,2019-04-06,,,,0,36,36.76,22.8251,67600000,283350,34000000
행복주택,경기도,의왕시,경기도 의왕시 광진말1로 11,의왕역 루첸트힐,327,아파트,LH경기남부,2023-07-30,,,,0,55,55.93,22.9736,120800000,483200,49000000
행복주택,경기도,의왕시,경기도 의왕시 광진말1로 11,의왕역 루첸트힐,327,아파트,LH경기남부,2023-07-30,,,,0,55,55.98,22.9941,120800000,483200,49000000
행복주택,경기도,의왕시,경기도 의왕시 광진말1로 11,의왕역 루첸트힐,327,아파트,LH경기남부,2023-07-30,,,,0,55,55.99,22.9982,120800000,483200,49000000
행복주택,경기도,의왕시,경기도 의왕시 성고개로 110,의왕포일 1블록 창업지원주택,110,아파트,LH경기남부,2020-09-06,,,,0,25,25.81,12.9915,59000000,206500,24000000
행복주택,경기도,의왕시,경기도 의왕시 성고개로 110,의왕포일 1블록 창업지원주택,110,아파트,LH경기남부,2020-09-06,,,,0,44,44.51,22.4041,99720000,354200,41000000
행복주택,경기도,의왕시,경기도 의왕시 안골로 10,의왕고천 A-2블록 신혼희망타운 행복주택,290,아파트,LH경기남부,2023-08-29,,,,0,56,56.1,22.4421,129600000,518400,53000000
행복주택,경기도,의왕시,경기도 의왕시 안골로 10,의왕고천 A-2블록 신혼희망타운 행복주택,290,아파트,LH경기남부,2023-08-29,,,,0,56,56.35,22.5421,130000000,520000,53000000
행복주택,경기도,의왕시,경기도 의왕시 안골로 10,의왕고천 A-2블록 신혼희망타운 행복주택,290,아파트,LH경기남부,2023-08-29,,,,0,56,56.5,22.6021,130400000,521600,53000000
행복주택,경기도,의왕시,경기도 의왕시 안골로 10,의왕고천 A-2블록 신혼희망타운 행복주택,290,아파트,LH경기남부,2023-08-29,,,,0,56,56.52,22.6101,130400000,521600,53000000
행복주택,경기도,의왕시,경기도 의왕시 안골로 10,의왕고천 A-2블록 신혼희망타운 행복주택,290,아파트,LH경기남부,2023-08-29,,,,0,59,59.91,23.9662,139600000,558400,57000000
행복주택,경기도,의왕시,경기도 의왕시 안골로 10,의왕고천 A-2블록 신혼희망타운 행복주택,290,아파트,LH경기남부,2023-08-29,,,,0,59,59.96,23.9862,140000000,560000,57000000
행복주택,경기도,의왕시,경기도 의왕시 행복마을3로 18,오봉산마을,2200,아파트,LH경기남부,2020-07-29,,,,1573,16,16.95,8.8844,30000000,125000,12000000
행복주택,경기도,의왕시,경기도 의왕시 행복마을3로 18,오봉산마을,2200,아파트,LH경기남부,2020-07-29,,,,1573,21,21.98,11.0998,38800000,161660,18000000
행복주택,경기도,의왕시,경기도 의왕시 행복마을3로 18,오봉산마을,2200,아파트,LH경기남부,2020-07-29,,,,1573,26,26.66,13.1519,47200000,196660,22000000
행복주택,경기도,의왕시,경기도 의왕시 행복마을3로 18,오봉산마을,2200,아파트,LH경기남부,2020-07-29,,,,1573,36,36.77,17.6717,63200000,263330,30000000
행복주택,경기도,의왕시,경기도 의왕시 행복마을3로 18,오봉산마을,2200,아파트,LH경기남부,2020-07-29,,,,1573,44,44.56,20.9081,76800000,320000,36000000
행복주택,경기도,하남시,경기도 하남시 감일순환로 130,하남감일 스윗시티 행복주택 6단지,672,아파트,LH경기남부,2020-04-11,,지역난방,,472,21,21.81,12.1241,39040000,159410,17000000
행복주택,경기도,하남시,경기도 하남시 감일순환로 130,하남감일 스윗시티 행복주택 6단지,672,아파트,LH경기남부,2020-04-11,,지역난방,,472,26,26.83,14.9147,47160000,192570,21000000
행복주택,경기도,하남시,경기도 하남시 감일순환로 130,하남감일 스윗시티 행복주택 6단지,672,아파트,LH경기남부,2020-04-11,,지역난방,,472,26,26.91,14.9592,47160000,192570,21000000
행복주택,경기도,하남시,경기도 하남시 감일순환로 130,하남감일 스윗시티 행복주택 6단지,672,아파트,LH경기남부,2020-04-11,,지역난방,,472,36,36.78,20.4459,64520000,263450,28000000
행복주택,경기도,하남시,경기도 하남시 감일순환로 130,하남감일 스윗시티 행복주택 6단지,672,아파트,LH경기남부,2020-04-11,,지역난방,,472,36,36.79,20.4515,64520000,263450,28000000
행복주택,경기도,하남시,경기도 하남시 감일순환로 140,하남감일 7단지(행복주택) A2블록,425,아파트,LH경기남부,2021-01-05,,지역난방,,301,16,16.63,8.4792,30040000,122660,10000000
행복주택,경기도,하남시,경기도 하남시 감일순환로 140,하남감일 7단지(행복주택) A2블록,425,아파트,LH경기남부,2021-01-05,,지역난방,,301,26,26.71,13.6188,47120000,192080,21000000
행복주택,경기도,하남시,경기도 하남시 감일순환로 140,하남감일 7단지(행복주택) A2블록,425,아파트,LH경기남부,2021-01-05,,지역난방,,301,26,26.91,13.7208,63840000,240990,28000000
행복주택,경기도,하남시,경기도 하남시 감일순환로 140,하남감일 7단지(행복주택) A2블록,425,아파트,LH경기남부,2021-01-05,,지역난방,,301,36,36.54,18.6309,64320000,262640,28000000
행복주택,경기도,하남시,경기도 하남시 감일순환로 140,하남감일 7단지(행복주택) A2블록,425,아파트,LH경기남부,2021-01-05,,지역난방,,301,36,36.79,18.7584,64320000,262640,28000000
행복주택,경기도,하남시,경기도 하남시 감일순환로 40,하남감일 A7BL 행복주택,170,아파트,LH경기남부,2022-08-10,,,,0,46,46.68,19.3294,109200000,449540,46000000
행복주택,경기도,하남시,경기도 하남시 감일순환로 40,하남감일 A7BL 행복주택,170,아파트,LH경기남부,2022-08-10,,,,0,46,46.92,19.4287,109600000,451180,46000000
행복주택,경기도,하남시,경기도 하남시 감일순환로 40,하남감일 A7BL 행복주택,170,아파트,LH경기남부,2022-08-10,,,,0,55,55.4,22.9402,130800000,538460,55000000
행복주택,경기도,하남시,경기도 하남시 미사강변한강로 290,미사강변도시C3단지,1492,아파트,LH경기남부,2018-11-30,,,,0,16,16.8,10.552,35800000,146180,15000000
행복주택,경기도,하남시,경기도 하남시 미사강변한강로 290,미사강변도시C3단지,1492,아파트,LH경기남부,2018-11-30,,,,0,26,26.85,16.8644,56680000,231280,25000000
행복주택,경기도,하남시,경기도 하남시 미사강변한강로 290,미사강변도시C3단지,1492,아파트,LH경기남부,2018-11-30,,,,0,36,36.8,23.114,76240000,309840,34000000
행복주택,경기도,하남시,경기도 하남시 위례학암로 30,위례A3-3bBL 행복주택,167,아파트,LH경기남부,2021-09-30,,,,0,46,46.81,21.6095,116600000,460920,55000000
행복주택,경기도,하남시,경기도 하남시 위례학암로 30,위례A3-3bBL 행복주택,167,아파트,LH경기남부,2021-09-30,,,,0,46,46.84,21.6234,116600000,460920,55000000
행복주택,경기도,하남시,경기도 하남시 위례학암로 30,위례A3-3bBL 행복주택,167,아파트,LH경기남부,2021-09-30,,,,0,46,46.92,21.6603,116600000,460920,55000000
행복주택,경기도,하남시,경기도 하남시 위례학암로 30,위례A3-3bBL 행복주택,167,아파트,LH경기남부,2021-09-30,,,,0,55,55.96,25.8336,137920000,544550,65000000
행복주택,경기도,하남시,경기도 하남시 위례학암로 30,위례A3-3bBL 행복주택,167,아파트,LH경기남부,2021-09-30,,,,0,55,55.98,25.8428,137920000,544550,65000000
행복주택,경기도,하남시,경기도 하남시 위례학암로 30,위례A3-3bBL 행복주택,167,아파트,LH경기남부,2021-09-30,,,,0,55,55.99,25.8474,137920000,544550,65000000
행복주택,경기도,하남시,경기도 하남시 위례학암로 30,위례A3-3bBL 행복주택,1,아파트,LH경기남부,2021-09-30,,,,0,55,55.99,25.8474,137920000,544550,65000000
행복주택,경기도,용인시 처인구,경기도 용인시 처인구 금령로40번길 15-5,용인김량장(행복),70,아파트,LH경기남부,2018-12-31,,,,0,16,16.39,9.6772,35600000,143330,14000000
행복주택,경기도,용인시 처인구,경기도 용인시 처인구 금령로40번길 15-5,용인김량장(행복),70,아파트,LH경기남부,2018-12-31,,,,0,16,16.42,9.6949,35600000,143330,14000000
행복주택,경기도,용인시 처인구,경기도 용인시 처인구 금령로40번길 15-5,용인김량장(행복),70,아파트,LH경기남부,2018-12-31,,,,0,26,26.41,15.5933,54000000,216660,22000000
행복주택,경기도,용인시 처인구,경기도 용인시 처인구 금령로40번길 15-5,용인김량장(행복),70,아파트,LH경기남부,2018-12-31,,,,0,36,36.08,21.3028,72400000,290000,29000000
행복주택,경기도,용인시 처인구,경기도 용인시 처인구 금령로40번길 15-5,용인김량장(행복),70,아파트,LH경기남부,2018-12-31,,,,0,36,36.32,21.4445,72400000,290000,29000000
행복주택,경기도,파주시,경기도 파주시 가람로134번길 24,별숲오르트 가람마을12단지,144,아파트,LH경기북부,2023-04-26,,지역난방,,0,55,55.55,24.605,89600000,321060,33000000
행복주택,경기도,파주시,경기도 파주시 가람로134번길 24,별숲오르트 가람마을12단지,144,아파트,LH경기북부,2023-04-26,,지역난방,,0,55,55.68,24.8482,89600000,321060,33000000
행복주택,경기도,파주시,경기도 파주시 가람로134번길 24,별숲오르트 가람마을12단지,144,아파트,LH경기북부,2023-04-26,,지역난방,,0,55,55.81,24.7514,90800000,325360,33000000
행복주택,경기도,파주시,경기도 파주시 가람로134번길 24,별숲오르트 가람마을12단지,144,아파트,LH경기북부,2023-04-26,,지역난방,,0,55,55.83,24.4181,90800000,325360,33000000
행복주택,경기도,파주시,경기도 파주시 교하로 20,산내마을1단지,1700,아파트,LH경기북부,2017-10-20,,,,0,16,16.06,10.5386,19560000,86400,4000000
행복주택,경기도,파주시,경기도 파주시 교하로 20,산내마을1단지,1700,아파트,LH경기북부,2017-10-20,,,,0,21,21.02,13.7933,25640000,113400,9000000
행복주택,경기도,파주시,경기도 파주시 교하로 20,산내마을1단지,1700,아파트,LH경기북부,2017-10-20,,,,0,26,26.02,17.0744,32400000,142200,14000000
행복주택,경기도,파주시,경기도 파주시 교하로 20,산내마을1단지,1700,아파트,LH경기북부,2017-10-20,,,,0,26,26.03,17.0809,32400000,142200,14000000
행복주택,경기도,파주시,경기도 파주시 교하로 20,산내마을1단지,1700,아파트,LH경기북부,2017-10-20,,,,0,26,26.59,17.4484,32400000,142200,14000000
행복주택,경기도,파주시,경기도 파주시 교하로 20,산내마을1단지,1700,아파트,LH경기북부,2017-10-20,,,,0,36,36.04,23.6495,44880000,196200,20000000
행복주택,경기도,파주시,경기도 파주시 교하로 20,산내마을1단지,1700,아파트,LH경기북부,2017-10-20,,,,0,36,36.22,23.7676,45080000,196200,20000000
행복주택,경기도,파주시,경기도 파주시 노을빛로 41,노을빛마을 16단지,320,아파트,LH경기북부,2022-09-16,,,,0,21,21.84,13.052,27200000,124660,11000000
행복주택,경기도,파주시,경기도 파주시 노을빛로 41,노을빛마을 16단지,320,아파트,LH경기북부,2022-09-16,,,,0,26,26.77,15.6127,32800000,150330,15000000
행복주택,경기도,파주시,경기도 파주시 노을빛로 41,노을빛마을 16단지,320,아파트,LH경기북부,2022-09-16,,,,0,26,26.81,15.6213,32800000,150330,15000000
행복주택,경기도,파주시,경기도 파주시 노을빛로 41,노을빛마을 16단지,320,아파트,LH경기북부,2022-09-16,,,,0,36,36.83,20.9574,44800000,205330,21000000
행복주택,경기도,파주시,경기도 파주시 노을빛로 41,노을빛마을 16단지,320,아파트,LH경기북부,2022-09-16,,,,0,44,44.96,25.0614,54800000,251160,25000000
행복주택,경기도,파주시,경기도 파주시 문발로 430,파주출판 C76BL,280,아파트,LH경기북부,2017-10-01,복도식,,,0,16,16.47,9.8833,16800000,77000,2000000
행복주택,경기도,파주시,경기도 파주시 문발로 430,파주출판 C76BL,280,아파트,LH경기북부,2017-10-01,복도식,,,0,26,26.23,15.74,26400000,121000,10000000
행복주택,경기도,파주시,경기도 파주시 문발로 430,파주출판 C76BL,280,아파트,LH경기북부,2017-10-01,복도식,,,0,36,36.39,21.8369,36400000,166830,17000000
행복주택,경기도,파주시,경기도 파주시 법원읍 법원로 12,법원1단지,250,아파트,LH경기북부,2019-09-30,,,,0,16,16.65,7.9069,13200000,73700,2000000
행복주택,경기도,파주시,경기도 파주시 법원읍 법원로 12,법원1단지,250,아파트,LH경기북부,2019-09-30,,,,0,26,26.31,12.4943,20800000,116130,9000000
행복주택,경기도,파주시,경기도 파주시 법원읍 법원로 12,법원1단지,250,아파트,LH경기북부,2019-09-30,,,,0,26,26.67,12.6653,20800000,116130,9000000
행복주택,경기도,파주시,경기도 파주시 법원읍 법원로 12,법원1단지,250,아파트,LH경기북부,2019-09-30,,,,0,36,36.63,17.3952,29200000,163030,16000000
행복주택,경기도,파주시,경기도 파주시 소리천로 203,가람마을14단지,580,아파트,LH경기북부,2020-04-30,,,,0,16,16.67,9.08,20800000,90100,5000000
행복주택,경기도,파주시,경기도 파주시 소리천로 203,가람마을14단지,580,아파트,LH경기북부,2020-04-30,,,,0,26,26.86,14.6305,33600000,144860,14000000
행복주택,경기도,파주시,경기도 파주시 소리천로 203,가람마을14단지,580,아파트,LH경기북부,2020-04-30,,,,0,36,36.51,19.8868,46400000,197860,20000000
행복주택,경기도,파주시,경기도 파주시 숲속노을로 60,초롱꽃마을10단지,1000,아파트,LH경기북부,2021-01-29,,,,0,14,14.8,7.406,17600000,80660,3000000
행복주택,경기도,파주시,경기도 파주시 숲속노을로 60,초롱꽃마을10단지,1000,아파트,LH경기북부,2021-01-29,,,,0,29,29.46,14.742,35200000,161330,16000000
행복주택,경기도,파주시,경기도 파주시 숲속노을로 60,초롱꽃마을10단지,1000,아파트,LH경기북부,2021-01-29,,,,0,29,29.68,14.8521,35600000,163160,16000000
행복주택,경기도,파주시,경기도 파주시 숲속노을로 60,초롱꽃마을10단지,1000,아파트,LH경기북부,2021-01-29,,,,0,36,36.35,18.1898,44000000,201660,20000000
행복주택,경기도,파주시,경기도 파주시 숲속노을로 60,초롱꽃마을10단지,1000,아파트,LH경기북부,2021-01-29,,,,0,36,36.37,18.1998,44000000,201660,20000000
행복주택,경기도,파주시,경기도 파주시 숲속노을로 60,초롱꽃마을10단지,1000,아파트,LH경기북부,2021-01-29,,,,0,44,44.7,22.3683,54400000,249330,25000000
행복주택,경기도,파주시,경기도 파주시 양지로 112,초롱꽃마을11단지,242,아파트,LH경기북부,2022-06-30,계단식,지역난방,,0,55,55.92,24.2137,89600000,392330,40000000
행복주택,경기도,파주시,경기도 파주시 양지로 112,초롱꽃마을11단지,242,아파트,LH경기북부,2022-06-30,계단식,지역난방,,0,55,55.98,24.2397,89600000,392330,40000000
행복주택,경기도,파주시,경기도 파주시 초롱꽃로 17,초롱꽃마을3단지,1207,아파트,LH경기북부,2022-05-30,복도식,지역난방,,0,24,24.66,14.0362,28136000,133640,12000000
행복주택,경기도,파주시,경기도 파주시 초롱꽃로 17,초롱꽃마을3단지,1207,아파트,LH경기북부,2022-05-30,복도식,지역난방,,0,26,26.83,15.2713,30588000,145290,14000000
행복주택,경기도,파주시,경기도 파주시 초롱꽃로 17,초롱꽃마을3단지,1207,아파트,LH경기북부,2022-05-30,복도식,지역난방,,0,46,46.79,26.6324,55964000,265820,27000000
행복주택,경기도,이천시,경기도 이천시 마장면 양촌로30번길 29,이천마장 행복주택 3단지,290,아파트,LH경기남부,2019-11-01,,,,162,16,16.67,8.2057,18800000,77930,3000000
행복주택,경기도,이천시,경기도 이천시 마장면 양촌로30번길 29,이천마장 행복주택 3단지,290,아파트,LH경기남부,2019-11-01,,,,162,26,26.65,13.1183,29600000,130940,12000000
행복주택,경기도,이천시,경기도 이천시 마장면 양촌로30번길 29,이천마장 행복주택 3단지,290,아파트,LH경기남부,2019-11-01,,,,162,26,26.82,13.2019,29600000,124390,11000000
행복주택,경기도,이천시,경기도 이천시 마장면 양촌로30번길 29,이천마장 행복주택 3단지,290,아파트,LH경기남부,2019-11-01,,,,162,36,36.4,17.9176,39600000,178000,18000000
행복주택,경기도,이천시,경기도 이천시 시청중앙로 10,중리 LH1단지,400,아파트,LH경기남부,2022-11-30,,,,0,21,21.92,12.4719,28800000,133920,12000000
행복주택,경기도,이천시,경기도 이천시 시청중앙로 10,중리 LH1단지,400,아파트,LH경기남부,2022-11-30,,,,0,26,26.97,15.3453,34400000,159960,16000000
행복주택,경기도,이천시,경기도 이천시 시청중앙로 10,중리 LH1단지,400,아파트,LH경기남부,2022-11-30,,,,0,36,36.99,21.0464,47200000,219480,22000000
행복주택,경기도,이천시,경기도 이천시 시청중앙로 10,중리 LH1단지,400,아파트,LH경기남부,2022-11-30,,,,0,44,44.77,25.4731,55200000,256680,26000000
행복주택,경기도,이천시,경기도 이천시 시청중앙로 10,중리 LH1단지,400,아파트,LH경기남부,2022-11-30,,,,0,44,44.8,25.4902,55200000,256680,26000000
행복주택,경기도,안성시,경기도 안성시 아양로 72,아양 LH6단지,699,아파트,LH경기남부,2020-05-15,,,,0,16,16.83,9.0114,17440000,82840,3000000
행복주택,경기도,안성시,경기도 안성시 아양로 72,아양 LH6단지,699,아파트,LH경기남부,2020-05-15,,,,0,26,26.53,14.2052,24840000,117990,9000000
행복주택,경기도,안성시,경기도 안성시 아양로 72,아양 LH6단지,699,아파트,LH경기남부,2020-05-15,,,,0,36,36.69,19.6453,35800000,170050,17000000
행복주택,경기도,안성시,경기도 안성시 아양로 72,아양 LH6단지,699,아파트,LH경기남부,2020-05-15,,,,0,36,36.97,19.7952,36840000,174990,17000000
행복주택,경기도,김포시,경기도 김포시 김포한강3로237번길 33,김포장기11단지(행복B-11),196,아파트,LH경기북부,2020-07-30,,,,0,16,16.8,6.9957,20000000,83330,3000000
행복주택,경기도,김포시,경기도 김포시 김포한강3로237번길 33,김포장기11단지(행복B-11),196,아파트,LH경기북부,2020-07-30,,,,0,16,16.97,7.0665,20000000,83330,3000000
행복주택,경기도,김포시,경기도 김포시 김포한강3로237번길 33,김포장기11단지(행복B-11),196,아파트,LH경기북부,2020-07-30,,,,0,26,26.55,11.0557,31600000,131660,12000000
행복주택,경기도,김포시,경기도 김포시 김포한강3로237번길 33,김포장기11단지(행복B-11),196,아파트,LH경기북부,2020-07-30,,,,0,26,26.61,11.0807,31200000,130000,12000000
행복주택,경기도,김포시,경기도 김포시 김포한강3로237번길 33,김포장기11단지(행복B-11),196,아파트,LH경기북부,2020-07-30,,,,0,36,36.32,15.124,42000000,175000,18000000
행복주택,경기도,김포시,경기도 김포시 김포한강4로 564,한가람마을,1500,아파트,LH경기북부,2018-01-06,,,,0,21,21.41,12.1073,21600000,90000,5000000
행복주택,경기도,김포시,경기도 김포시 김포한강4로 564,한가람마을,1500,아파트,LH경기북부,2018-01-06,,,,0,26,26.08,14.7482,26400000,110000,8000000
행복주택,경기도,김포시,경기도 김포시 김포한강4로 564,한가람마을,1500,아파트,LH경기북부,2018-01-06,,,,0,36,36.5,20.6407,37600000,156000,16000000
행복주택,경기도,김포시,경기도 김포시 양촌읍 양곡2로80번길 33,김포양곡LH2단지(행복C-1),1134,아파트,LH경기북부,2023-04-28,,지역난방,전체동 설치,0,24,24.31,12.3428,21200000,90100,0
행복주택,경기도,김포시,경기도 김포시 양촌읍 양곡2로80번길 33,김포양곡LH2단지(행복C-1),1134,아파트,LH경기북부,2023-04-28,,지역난방,전체동 설치,0,29,29.4,14.9271,26400000,112200,3000000
행복주택,경기도,김포시,경기도 김포시 양촌읍 양곡2로80번길 33,김포양곡LH2단지(행복C-1),1134,아파트,LH경기북부,2023-04-28,,지역난방,전체동 설치,0,36,36.42,18.4913,34000000,144500,8000000
행복주택,경기도,김포시,경기도 김포시 양촌읍 양곡2로80번길 33,김포양곡LH2단지(행복C-1),1134,아파트,LH경기북부,2023-04-28,,지역난방,전체동 설치,0,44,44.11,22.3958,43200000,183600,15000000
행복주택,경기도,김포시,경기도 김포시 양촌읍 양곡2로80번길 61,김포양곡LH1단지(행복E-1),990,아파트,LH경기북부,2022-02-28,복도식,지역난방,전체동 설치,0,21,21.43,11.5176,18944000,88400,4000000
행복주택,경기도,김포시,경기도 김포시 양촌읍 양곡2로80번길 61,김포양곡LH1단지(행복E-1),990,아파트,LH경기북부,2022-02-28,복도식,지역난방,전체동 설치,0,29,29.11,15.6452,26084000,121720,10000000
행복주택,경기도,김포시,경기도 김포시 양촌읍 양곡2로80번길 61,김포양곡LH1단지(행복E-1),990,아파트,LH경기북부,2022-02-28,복도식,지역난방,전체동 설치,0,37,37.31,20.0524,34176000,159480,16000000
행복주택,경기도,김포시,경기도 김포시 양촌읍 양곡2로80번길 61,김포양곡LH1단지(행복E-1),990,아파트,LH경기북부,2022-02-28,복도식,지역난방,전체동 설치,0,44,44.08,23.6909,42492000,198290,20000000
행복주택,경기도,김포시,경기도 김포시 양촌읍 양곡4로197번길 11,곡촌마을,362,아파트,LH경기북부,2017-11-08,,,,0,16,16.71,9.9837,14640000,62880,0
행복주택,경기도,김포시,경기도 김포시 양촌읍 양곡4로197번길 11,곡촌마을,362,아파트,LH경기북부,2017-11-08,,,,0,26,26.47,15.8151,23720000,102700,7000000
행복주택,경기도,김포시,경기도 김포시 양촌읍 양곡4로197번길 11,곡촌마을,362,아파트,LH경기북부,2017-11-08,,,,0,26,26.49,15.827,22800000,95000,6000000
행복주택,경기도,김포시,경기도 김포시 양촌읍 양곡4로197번길 11,곡촌마을,362,아파트,LH경기북부,2017-11-08,,,,0,36,36.85,22.0168,32400000,135000,12000000
행복주택,경기도,김포시,경기도 김포시 양촌읍 양곡4로197번길 11,곡촌마을,362,아파트,LH경기북부,2017-11-08,,,,0,44,44.71,26.713,40000000,166000,17000000
행복주택,경기도,김포시,경기도 김포시 통진읍 율마로438번길 51,김포마송5단지(행복B-5),500,아파트,LH경기북부,2021-01-01,복도식,지역난방,전체동 설치,369,16,16.63,7.5196,14120000,65500,0
행복주택,경기도,김포시,경기도 김포시 통진읍 율마로438번길 51,김포마송5단지(행복B-5),500,아파트,LH경기북부,2021-01-01,복도식,지역난방,전체동 설치,369,36,36.76,16.6218,32360000,149590,15000000
행복주택,경기도,김포시,경기도 김포시 통진읍 율마로438번길 51,김포마송5단지(행복B-5),500,아파트,LH경기북부,2021-01-01,복도식,지역난방,전체동 설치,369,44,44.71,20.2166,40400000,187780,19000000
행복주택,경기도,김포시,경기도 김포시 통진읍 율마로450번길 51,김포마송 LH6단지,450,아파트,LH경기북부,2022-06-30,,,,0,21,21.88,11.3472,18816000,87800,4000000
행복주택,경기도,김포시,경기도 김포시 통진읍 율마로450번길 51,김포마송 LH6단지,450,아파트,LH경기북부,2022-06-30,,,,0,36,36.55,18.9552,32400000,150090,15000000
행복주택,경기도,김포시,경기도 김포시 통진읍 율마로450번길 51,김포마송 LH6단지,450,아파트,LH경기북부,2022-06-30,,,,0,46,46.79,24.2658,42112000,196520,20000000
행복주택,경기도,김포시,경기도 김포시 허산길 50,김포한강1단지(행복Aa-12),443,아파트,LH경기북부,2020-12-31,,,,0,16,16.69,7.5301,19702000,82080,3000000
행복주택,경기도,김포시,경기도 김포시 허산길 50,김포한강1단지(행복Aa-12),443,아파트,LH경기북부,2020-12-31,,,,0,26,26.8,12.0914,33116000,137970,13000000
행복주택,경기도,김포시,경기도 김포시 허산길 50,김포한강1단지(행복Aa-12),443,아파트,LH경기북부,2020-12-31,,,,0,37,37.84,17.0724,46112000,192120,19000000
행복주택,경기도,김포시,경기도 김포시 허산길 50,김포한강1단지(행복Aa-12),443,아파트,LH경기북부,2020-12-31,,,,0,44,44.68,20.1584,54076000,225320,23000000
행복주택,경기도,화성시,경기도 화성시 남양읍 남양로862번길 16,A5BL,410,아파트,LH경기남부,2020-03-02,복도식,지역난방,,0,16,16.76,8.2983,22800000,85310,5000000
행복주택,경기도,화성시,경기도 화성시 남양읍 남양로862번길 16,A5BL,410,아파트,LH경기남부,2020-03-02,복도식,지역난방,,0,26,26.73,13.2348,36000000,134700,14000000
행복주택,경기도,화성시,경기도 화성시 남양읍 남양로862번길 16,A5BL,410,아파트,LH경기남부,2020-03-02,복도식,지역난방,,0,36,36.93,18.2851,50000000,187080,22000000
행복주택,경기도,화성시,경기도 화성시 남양읍 남양중앙로 419,남양뉴타운 B-10블록 행복·국민·영구임대주택,696,아파트,LH경기남부,2022-06-30,,,,0,21,21.75,11.2878,22000000,95330,6000000
행복주택,경기도,화성시,경기도 화성시 남양읍 남양중앙로 419,남양뉴타운 B-10블록 행복·국민·영구임대주택,696,아파트,LH경기남부,2022-06-30,,,,0,37,37.48,19.4514,40000000,162930,17000000
행복주택,경기도,화성시,경기도 화성시 남양읍 남양중앙로 419,남양뉴타운 B-10블록 행복·국민·영구임대주택,696,아파트,LH경기남부,2022-06-30,,,,0,46,46.92,24.3507,48800000,202800,23000000
행복주택,경기도,화성시,경기도 화성시 남양읍 남양중앙로 420,남양뉴타운 B-9블록 행복주택,880,아파트,LH경기남부,2022-03-31,,,,0,21,21.74,13.892,24000000,120000,6000000
행복주택,경기도,화성시,경기도 화성시 남양읍 남양중앙로 420,남양뉴타운 B-9블록 행복주택,880,아파트,LH경기남부,2022-03-31,,,,0,36,36.94,23.605,39200000,196000,16000000
행복주택,경기도,화성시,경기도 화성시 남양읍 남양중앙로 420,남양뉴타운 B-9블록 행복주택,880,아파트,LH경기남부,2022-03-31,,,,0,36,36.96,23.6178,39200000,196000,16000000
행복주택,경기도,화성시,경기도 화성시 남양읍 남양중앙로 420,남양뉴타운 B-9블록 행복주택,880,아파트,LH경기남부,2022-03-31,,,,0,44,44.93,28.7107,46800000,234000,22000000
행복주택,경기도,화성시,경기도 화성시 남양읍 남양중앙로 420,남양뉴타운 B-9블록 행복주택,880,아파트,LH경기남부,2022-03-31,,,,0,44,44.94,28.7171,46800000,234000,22000000
행복주택,경기도,화성시,경기도 화성시 동탄기흥로277번길 12,화성동탄2 C26블럭(26단지)(행복),608,아파트,LH경기남부,2017-02-13,복도식,지역난방,전체동 설치,258,16,16.86,11.319,28400000,106500,7000000
행복주택,경기도,화성시,경기도 화성시 동탄기흥로277번길 12,화성동탄2 C26블럭(26단지)(행복),608,아파트,LH경기남부,2017-02-13,복도식,지역난방,전체동 설치,258,21,21.81,13.7231,36400000,136500,13000000
행복주택,경기도,화성시,경기도 화성시 동탄기흥로277번길 12,화성동탄2 C26블럭(26단지)(행복),608,아파트,LH경기남부,2017-02-13,복도식,지역난방,전체동 설치,258,31,31.96,19.2977,52400000,196500,20000000
행복주택,경기도,화성시,경기도 화성시 동탄기흥로277번길 12,화성동탄2 C26블럭(26단지)(행복),608,아파트,LH경기남부,2017-02-13,복도식,지역난방,전체동 설치,258,31,31.97,19.4928,52400000,196500,20000000
행복주택,경기도,화성시,경기도 화성시 동탄기흥로277번길 12,화성동탄2 C26블럭(26단지)(행복),608,아파트,LH경기남부,2017-02-13,복도식,지역난방,전체동 설치,258,44,44.73,26.4078,72000000,270000,28000000
행복주택,경기도,화성시,경기도 화성시 동탄기흥로277번길 12,화성동탄2 C26블럭(26단지)(행복),608,아파트,LH경기남부,2017-02-13,복도식,지역난방,전체동 설치,258,44,44.92,26.5639,72000000,270000,28000000
행복주택,경기도,화성시,경기도 화성시 동탄기흥로277번길 12,화성동탄2 C26블럭(26단지)(행복),608,아파트,LH경기남부,2017-02-13,복도식,지역난방,전체동 설치,258,44,44.95,26.3791,72000000,270000,28000000
행복주택,경기도,화성시,경기도 화성시 동탄순환대로10길 42,화성동탄2 A77-1블럭(35단지)(행복),900,아파트,LH경기남부,2020-04-20,,,,0,21,21.7,10.4128,44000000,168660,17000000
행복주택,경기도,화성시,경기도 화성시 동탄순환대로10길 42,화성동탄2 A77-1블럭(35단지)(행복),900,아파트,LH경기남부,2020-04-20,,,,0,26,26.03,12.4906,51200000,196260,20000000
행복주택,경기도,화성시,경기도 화성시 동탄순환대로10길 42,화성동탄2 A77-1블럭(35단지)(행복),900,아파트,LH경기남부,2020-04-20,,,,0,36,36.04,17.294,70400000,269860,28000000
행복주택,경기도,화성시,경기도 화성시 동탄순환대로2길 13,화성동탄2 A82블럭(28단지)(행복),820,아파트,LH경기남부,2019-03-22,,,,0,16,16.65,8.6265,28000000,105000,9000000
행복주택,경기도,화성시,경기도 화성시 동탄순환대로2길 13,화성동탄2 A82블럭(28단지)(행복),820,아파트,LH경기남부,2019-03-22,,,,0,26,26.26,13.6056,43200000,162000,19000000
행복주택,경기도,화성시,경기도 화성시 동탄순환대로2길 13,화성동탄2 A82블럭(28단지)(행복),820,아파트,LH경기남부,2019-03-22,,,,0,34,34.91,18.0873,56400000,211500,25000000
행복주택,경기도,화성시,경기도 화성시 동탄순환대로2길 13,화성동탄2 A82블럭(28단지)(행복),820,아파트,LH경기남부,2019-03-22,,,,0,36,36.43,18.8748,58800000,220500,26000000
행복주택,경기도,화성시,경기도 화성시 동탄순환대로2길 13,화성동탄2 A82블럭(28단지)(행복),820,아파트,LH경기남부,2019-03-22,,,,0,42,42.42,21.9783,67200000,252000,30000000
행복주택,경기도,화성시,경기도 화성시 동탄신리천로2길 65,디루체,390,아파트,LH경기남부,2022-04-30,,,,0,46,46.85,20.1236,67200000,252000,25000000
행복주택,경기도,화성시,경기도 화성시 동탄신리천로2길 65,디루체,390,아파트,LH경기남부,2022-04-30,,,,0,55,55.97,24.0409,80400000,301500,31000000
행복주택,경기도,화성시,경기도 화성시 동탄신리천로2길 65,디루체,390,아파트,LH경기남부,2022-04-30,,,,0,55,55.99,24.0495,80400000,301500,31000000
행복주택,경기도,화성시,경기도 화성시 동탄신리천로5가길 35,화성동탄2 A-54블록 행복주택,1350,아파트,LH경기남부,2023-04-30,,지역난방,,0,21,21.14,12.6879,31600000,125340,11000000
행복주택,경기도,화성시,경기도 화성시 동탄신리천로5가길 35,화성동탄2 A-54블록 행복주택,1350,아파트,LH경기남부,2023-04-30,,지역난방,,0,21,21.33,12.802,32000000,126930,11000000
행복주택,경기도,화성시,경기도 화성시 동탄신리천로5가길 35,화성동탄2 A-54블록 행복주택,1350,아파트,LH경기남부,2023-04-30,,지역난방,,0,26,26.18,15.7129,39200000,155490,15000000
행복주택,경기도,화성시,경기도 화성시 동탄신리천로5가길 35,화성동탄2 A-54블록 행복주택,1350,아파트,LH경기남부,2023-04-30,,지역난방,,0,37,37.6,22.567,55600000,220540,22000000
행복주택,경기도,화성시,경기도 화성시 동탄신리천로5가길 35,화성동탄2 A-54블록 행복주택,1350,아파트,LH경기남부,2023-04-30,,지역난방,,0,37,37.86,22.7231,56000000,222130,22000000
행복주택,경기도,화성시,경기도 화성시 동탄신리천로5가길 35,화성동탄2 A-54블록 행복주택,1350,아파트,LH경기남부,2023-04-30,,지역난방,,0,37,37.95,22.7771,56000000,222130,22000000
행복주택,경기도,화성시,경기도 화성시 동탄신리천로5가길 35,화성동탄2 A-54블록 행복주택,1350,아파트,LH경기남부,2023-04-30,,지역난방,,0,44,44.06,26.4443,64400000,255450,26000000
행복주택,경기도,화성시,경기도 화성시 동탄신리천로5가길 35,화성동탄2 A-54블록 행복주택,1350,아파트,LH경기남부,2023-04-30,,지역난방,,0,44,44.07,26.4503,64400000,255450,26000000
행복주택,경기도,화성시,경기도 화성시 동탄신리천로5가길 35,화성동탄2 A-54블록 행복주택,1350,아파트,LH경기남부,2023-04-30,,지역난방,,0,45,45.04,27.0324,66000000,261800,26000000
행복주택,경기도,화성시,경기도 화성시 동탄신리천로5가길 35,화성동탄2 A-54블록 행복주택,1350,아파트,LH경기남부,2023-04-30,,지역난방,,0,45,45.61,27.3746,66800000,264970,27000000
행복주택,경기도,화성시,경기도 화성시 동탄신리천로5가길 35,화성동탄2 A-54블록 행복주택,1350,아파트,LH경기남부,2023-04-30,,지역난방,,0,45,45.62,27.3806,66800000,264970,27000000
행복주택,경기도,화성시,경기도 화성시 동탄신리천로5길 90,화성동탄2 LH38단지,700,아파트,LH경기남부,2022-12-31,,지역난방,,0,21,21.92,11.7329,32400000,128250,11000000
행복주택,경기도,화성시,경기도 화성시 동탄신리천로5길 90,화성동탄2 LH38단지,700,아파트,LH경기남부,2022-12-31,,지역난방,,0,36,36.8,19.6977,54000000,213750,21000000
행복주택,경기도,화성시,경기도 화성시 동탄신리천로5길 90,화성동탄2 LH38단지,700,아파트,LH경기남부,2022-12-31,,지역난방,,0,36,36.86,19.7298,54400000,215330,22000000
행복주택,경기도,화성시,경기도 화성시 동탄신리천로5길 90,화성동탄2 LH38단지,700,아파트,LH경기남부,2022-12-31,,지역난방,,0,44,44.75,23.953,65200000,258080,26000000
행복주택,경기도,화성시,경기도 화성시 동탄신리천로8길 15,40단지,850,아파트,LH경기남부,2021-12-16,,,,0,16,16.7,9.4442,24800000,91960,4000000
행복주택,경기도,화성시,경기도 화성시 동탄신리천로8길 15,40단지,850,아파트,LH경기남부,2021-12-16,,,,0,21,21.14,11.9551,31200000,115960,6000000
행복주택,경기도,화성시,경기도 화성시 동탄신리천로8길 15,40단지,850,아파트,LH경기남부,2021-12-16,,,,0,21,21.36,12.0795,31600000,117180,6000000
행복주택,경기도,화성시,경기도 화성시 동탄신리천로8길 15,40단지,850,아파트,LH경기남부,2021-12-16,,,,0,26,26.06,14.7375,37200000,138830,13000000
행복주택,경기도,화성시,경기도 화성시 동탄신리천로8길 15,40단지,850,아파트,LH경기남부,2021-12-16,,,,0,26,26.25,14.8449,37200000,140460,13000000
행복주택,경기도,화성시,경기도 화성시 동탄신리천로8길 15,40단지,850,아파트,LH경기남부,2021-12-16,,,,0,36,36.5,20.6415,51600000,194360,22000000
행복주택,경기도,화성시,경기도 화성시 동탄신리천로8길 15,40단지,850,아파트,LH경기남부,2021-12-16,,,,0,36,36.72,20.7659,52000000,194360,22000000
행복주택,경기도,화성시,경기도 화성시 동탄신리천로8길 15,40단지,850,아파트,LH경기남부,2021-12-16,,,,0,44,44.7,25.2788,63200000,235200,28000000
행복주택,경기도,화성시,경기도 화성시 동탄영천로 108-21,화성동탄2 LH2단지,1640,아파트,LH경기남부,2020-06-25,혼합식,지역난방,,0,16,16.3,9.8814,34000000,130900,12000000
행복주택,경기도,화성시,경기도 화성시 동탄영천로 108-21,화성동탄2 LH2단지,1640,아파트,LH경기남부,2020-06-25,혼합식,지역난방,,0,23,23.19,14.0583,45200000,174020,17000000
행복주택,경기도,화성시,경기도 화성시 동탄영천로 108-21,화성동탄2 LH2단지,1640,아파트,LH경기남부,2020-06-25,혼합식,지역난방,,0,23,23.71,14.3735,45200000,174020,17000000
행복주택,경기도,화성시,경기도 화성시 동탄영천로 108-21,화성동탄2 LH2단지,1640,아파트,LH경기남부,2020-06-25,혼합식,지역난방,,0,23,23.9,14.4887,45200000,174020,17000000
행복주택,경기도,화성시,경기도 화성시 동탄영천로 108-21,화성동탄2 LH2단지,1640,아파트,LH경기남부,2020-06-25,혼합식,지역난방,,0,24,24.13,14.6281,46800000,180180,18000000
행복주택,경기도,화성시,경기도 화성시 동탄영천로 108-21,화성동탄2 LH2단지,1640,아파트,LH경기남부,2020-06-25,혼합식,지역난방,,0,24,24.68,14.9616,46800000,180180,18000000
행복주택,경기도,화성시,경기도 화성시 동탄영천로 108-21,화성동탄2 LH2단지,1640,아파트,LH경기남부,2020-06-25,혼합식,지역난방,,0,24,24.87,15.0767,46800000,180180,18000000
행복주택,경기도,화성시,경기도 화성시 동탄영천로 108-21,화성동탄2 LH2단지,1640,아파트,LH경기남부,2020-06-25,혼합식,지역난방,,0,26,26.64,16.1498,54800000,210980,21000000
행복주택,경기도,화성시,경기도 화성시 동탄영천로 108-21,화성동탄2 LH2단지,1640,아파트,LH경기남부,2020-06-25,혼합식,지역난방,,0,34,34.88,21.145,67200000,258720,26000000
행복주택,경기도,화성시,경기도 화성시 동탄영천로 108-21,화성동탄2 LH2단지,1640,아파트,LH경기남부,2020-06-25,혼합식,지역난방,,0,35,35.21,21.3451,67600000,260260,26000000
행복주택,경기도,화성시,경기도 화성시 동탄영천로 108-21,화성동탄2 LH2단지,1640,아파트,LH경기남부,2020-06-25,혼합식,지역난방,,0,35,35.24,21.3633,67600000,260260,26000000
행복주택,경기도,화성시,경기도 화성시 동탄영천로 108-21,화성동탄2 LH2단지,1640,아파트,LH경기남부,2020-06-25,혼합식,지역난방,,0,35,35.43,21.4785,67600000,260260,26000000
행복주택,경기도,화성시,경기도 화성시 동탄영천로 108-21,화성동탄2 LH2단지,1640,아파트,LH경기남부,2020-06-25,혼합식,지역난방,,0,35,35.75,21.6725,67600000,260260,26000000
행복주택,경기도,화성시,경기도 화성시 동탄영천로 108-21,화성동탄2 LH2단지,1640,아파트,LH경기남부,2020-06-25,혼합식,지역난방,,0,36,36.34,22.0301,73200000,281820,28000000
행복주택,경기도,화성시,경기도 화성시 동탄영천로 108-21,화성동탄2 LH2단지,1640,아파트,LH경기남부,2020-06-25,혼합식,지역난방,,0,36,36.36,22.0423,73200000,281820,28000000
행복주택,경기도,화성시,경기도 화성시 동탄영천로 108-21,화성동탄2 LH2단지,1640,아파트,LH경기남부,2020-06-25,혼합식,지역난방,,0,36,36.39,22.0604,73200000,281820,28000000
행복주택,경기도,화성시,경기도 화성시 동탄영천로 108-21,화성동탄2 LH2단지,1640,아파트,LH경기남부,2020-06-25,혼합식,지역난방,,0,36,36.44,22.0908,73200000,281820,28000000
행복주택,경기도,화성시,경기도 화성시 동탄영천로 108-21,화성동탄2 LH2단지,1640,아파트,LH경기남부,2020-06-25,혼합식,지역난방,,0,36,36.51,22.1332,73200000,281820,28000000
행복주택,경기도,화성시,경기도 화성시 동탄영천로 108-21,화성동탄2 LH2단지,1640,아파트,LH경기남부,2020-06-25,혼합식,지역난방,,0,36,36.65,22.2181,73200000,281820,28000000
행복주택,경기도,화성시,경기도 화성시 동탄영천로 108-21,화성동탄2 LH2단지,1640,아파트,LH경기남부,2020-06-25,혼합식,지역난방,,0,36,36.88,22.3575,73200000,281820,28000000
행복주택,경기도,화성시,경기도 화성시 동탄영천로 108-21,화성동탄2 LH2단지,1640,아파트,LH경기남부,2020-06-25,혼합식,지역난방,,0,36,36.92,22.3817,73200000,281820,28000000
행복주택,경기도,화성시,경기도 화성시 동탄영천로 108-21,화성동탄2 LH2단지,1640,아파트,LH경기남부,2020-06-25,혼합식,지역난방,,0,36,36.94,22.3939,73200000,281820,28000000
행복주택,경기도,화성시,경기도 화성시 동탄영천로 108-21,화성동탄2 LH2단지,1640,아파트,LH경기남부,2020-06-25,혼합식,지역난방,,0,37,37.21,22.5575,74400000,286440,29000000
행복주택,경기도,화성시,경기도 화성시 동탄영천로 108-21,화성동탄2 LH2단지,1640,아파트,LH경기남부,2020-06-25,혼합식,지역난방,,0,37,37.29,22.606,74400000,286440,29000000
행복주택,경기도,화성시,경기도 화성시 동탄영천로 108-21,화성동탄2 LH2단지,1640,아파트,LH경기남부,2020-06-25,혼합식,지역난방,,0,37,37.72,22.8667,74400000,286440,29000000
행복주택,경기도,화성시,경기도 화성시 동탄영천로 108-21,화성동탄2 LH2단지,1640,아파트,LH경기남부,2020-06-25,혼합식,지역난방,,0,37,37.8,22.9152,74400000,286440,29000000
행복주택,경기도,화성시,경기도 화성시 동탄영천로 108-21,화성동탄2 LH2단지,1640,아파트,LH경기남부,2020-06-25,혼합식,지역난방,,0,37,37.98,23.0243,74400000,286440,29000000
행복주택,경기도,화성시,경기도 화성시 동탄영천로 108-21,화성동탄2 LH2단지,1640,아파트,LH경기남부,2020-06-25,혼합식,지역난방,,0,38,38.13,23.1153,77200000,297220,30000000
행복주택,경기도,화성시,경기도 화성시 동탄영천로 108-21,화성동탄2 LH2단지,1640,아파트,LH경기남부,2020-06-25,혼합식,지역난방,,0,38,38.32,23.2305,77200000,297220,30000000
행복주택,경기도,화성시,경기도 화성시 동탄영천로 108-21,화성동탄2 LH2단지,1640,아파트,LH경기남부,2020-06-25,혼합식,지역난방,,0,38,38.41,23.285,77200000,297220,30000000
행복주택,경기도,화성시,경기도 화성시 동탄영천로 108-21,화성동탄2 LH2단지,1640,아파트,LH경기남부,2020-06-25,혼합식,지역난방,,0,38,38.56,23.3759,77200000,297220,30000000
행복주택,경기도,화성시,경기도 화성시 동탄영천로 108-21,화성동탄2 LH2단지,1640,아파트,LH경기남부,2020-06-25,혼합식,지역난방,,0,38,38.73,23.479,77200000,297220,30000000
행복주택,경기도,화성시,경기도 화성시 동탄영천로 108-21,화성동탄2 LH2단지,1640,아파트,LH경기남부,2020-06-25,혼합식,지역난방,,0,38,38.78,23.5093,77200000,297220,30000000
행복주택,경기도,화성시,경기도 화성시 동탄영천로 108-21,화성동탄2 LH2단지,1640,아파트,LH경기남부,2020-06-25,혼합식,지역난방,,0,41,41.34,25.0613,83600000,321860,33000000
행복주택,경기도,화성시,경기도 화성시 동탄영천로 108-21,화성동탄2 LH2단지,1640,아파트,LH경기남부,2020-06-25,혼합식,지역난방,,0,41,41.98,25.4492,83600000,321860,33000000
행복주택,경기도,화성시,경기도 화성시 동탄영천로 108-21,화성동탄2 LH2단지,1640,아파트,LH경기남부,2020-06-25,혼합식,지역난방,,0,44,44.02,26.6859,87200000,335720,34000000
행복주택,경기도,화성시,경기도 화성시 동탄영천로 108-21,화성동탄2 LH2단지,1640,아파트,LH경기남부,2020-06-25,혼합식,지역난방,,0,44,44.14,26.7587,87200000,335720,34000000
행복주택,경기도,화성시,경기도 화성시 동탄영천로 108-21,화성동탄2 LH2단지,1640,아파트,LH경기남부,2020-06-25,혼합식,지역난방,,0,44,44.28,26.8436,87200000,335720,34000000
행복주택,경기도,화성시,경기도 화성시 동탄영천로 108-21,화성동탄2 LH2단지,1640,아파트,LH경기남부,2020-06-25,혼합식,지역난방,,0,44,44.35,26.886,87200000,335720,34000000
행복주택,경기도,화성시,경기도 화성시 동탄영천로 108-21,화성동탄2 LH2단지,1640,아파트,LH경기남부,2020-06-25,혼합식,지역난방,,0,44,44.41,26.9224,90000000,346500,35000000
행복주택,경기도,화성시,경기도 화성시 동탄영천로 108-21,화성동탄2 LH2단지,1640,아파트,LH경기남부,2020-06-25,혼합식,지역난방,,0,44,44.43,26.9345,90000000,346500,35000000
행복주택,경기도,화성시,경기도 화성시 동탄영천로 108-21,화성동탄2 LH2단지,1640,아파트,LH경기남부,2020-06-25,혼합식,지역난방,,0,44,44.49,26.9709,87200000,335720,34000000
행복주택,경기도,화성시,경기도 화성시 동탄영천로 108-21,화성동탄2 LH2단지,1640,아파트,LH경기남부,2020-06-25,혼합식,지역난방,,0,44,44.5,26.9769,87200000,335720,34000000
행복주택,경기도,화성시,경기도 화성시 동탄영천로 108-21,화성동탄2 LH2단지,1640,아파트,LH경기남부,2020-06-25,혼합식,지역난방,,0,44,44.56,27.0133,87200000,335720,34000000
행복주택,경기도,화성시,경기도 화성시 동탄영천로 108-21,화성동탄2 LH2단지,1640,아파트,LH경기남부,2020-06-25,혼합식,지역난방,,0,44,44.61,27.0436,87200000,335720,34000000
행복주택,경기도,화성시,경기도 화성시 동탄영천로 108-21,화성동탄2 LH2단지,1640,아파트,LH경기남부,2020-06-25,혼합식,지역난방,,0,44,44.7,27.0982,87200000,335720,34000000
행복주택,경기도,화성시,경기도 화성시 동탄영천로 108-21,화성동탄2 LH2단지,1640,아파트,LH경기남부,2020-06-25,혼합식,지역난방,,0,44,44.78,27.1467,87200000,335720,34000000
행복주택,경기도,화성시,경기도 화성시 동탄영천로 108-21,화성동탄2 LH2단지,1640,아파트,LH경기남부,2020-06-25,혼합식,지역난방,,0,44,44.79,27.1527,87200000,335720,34000000
행복주택,경기도,화성시,경기도 화성시 동탄영천로 108-21,화성동탄2 LH2단지,1640,아파트,LH경기남부,2020-06-25,혼합식,지역난방,,0,44,44.84,27.183,87200000,335720,34000000
행복주택,경기도,화성시,경기도 화성시 동탄영천로 108-21,화성동탄2 LH2단지,1640,아파트,LH경기남부,2020-06-25,혼합식,지역난방,,0,44,44.92,27.2315,87200000,335720,34000000
행복주택,경기도,화성시,경기도 화성시 동탄영천로 108-21,화성동탄2 LH2단지,1640,아파트,LH경기남부,2020-06-25,혼합식,지역난방,,0,44,44.96,27.2558,87200000,335720,34000000
행복주택,경기도,화성시,경기도 화성시 동탄영천로 108-21,화성동탄2 LH2단지,1640,아파트,LH경기남부,2020-06-25,혼합식,지역난방,,0,44,44.97,27.2618,87200000,335720,34000000
행복주택,경기도,화성시,경기도 화성시 동탄영천로 108-21,화성동탄2 LH2단지,1640,아파트,LH경기남부,2020-06-25,혼합식,지역난방,,0,44,44.98,27.2679,87200000,335720,34000000
행복주택,경기도,화성시,경기도 화성시 동탄첨단산업1로 57,화성동탄2 지원6-2블록 지역전략산업지원주택,280,,LH경기남부,2022-04-29,,,,0,20,20.94,11.6298,32000000,130660,10000000
행복주택,경기도,화성시,경기도 화성시 동탄첨단산업1로 57,화성동탄2 지원6-2블록 지역전략산업지원주택,280,,LH경기남부,2022-04-29,,,,0,28,28.92,16.0618,44000000,179660,18000000
행복주택,경기도,화성시,경기도 화성시 병점노을1로 14,병점복합타운A1행복주택,862,아파트,LH경기남부,2022-02-28,,지역난방,전체동 설치,465,16,16.65,9.4034,23600000,102260,7000000
행복주택,경기도,화성시,경기도 화성시 병점노을1로 14,병점복합타운A1행복주택,862,아파트,LH경기남부,2022-02-28,,지역난방,전체동 설치,465,16,16.68,9.4203,23600000,102260,7000000
행복주택,경기도,화성시,경기도 화성시 병점노을1로 14,병점복합타운A1행복주택,862,아파트,LH경기남부,2022-02-28,,지역난방,전체동 설치,465,25,25.85,14.5993,36800000,159460,16000000
행복주택,경기도,화성시,경기도 화성시 병점노을1로 14,병점복합타운A1행복주택,862,아파트,LH경기남부,2022-02-28,,지역난방,전체동 설치,465,26,26.95,15.2205,38000000,164660,16000000
행복주택,경기도,화성시,경기도 화성시 병점노을1로 14,병점복합타운A1행복주택,862,아파트,LH경기남부,2022-02-28,,지역난방,전체동 설치,465,36,36.79,20.7778,52000000,225330,23000000
행복주택,경기도,화성시,경기도 화성시 병점노을1로 14,병점복합타운A1행복주택,862,아파트,LH경기남부,2022-02-28,,지역난방,전체동 설치,465,44,44.92,25.3694,64000000,277330,29000000
행복주택,경기도,화성시,경기도 화성시 봉담읍 삼천병마로 1256-13,화성상리 1블록 행복주택,450,아파트,LH경기남부,2021-11-10,,,,0,14,14.83,7.927,17600000,76260,2000000
행복주택,경기도,화성시,경기도 화성시 봉담읍 삼천병마로 1256-13,화성상리 1블록 행복주택,450,아파트,LH경기남부,2021-11-10,,,,0,26,26.32,14.0688,32000000,138660,13000000
행복주택,경기도,화성시,경기도 화성시 봉담읍 삼천병마로 1256-13,화성상리 1블록 행복주택,450,아파트,LH경기남부,2021-11-10,,,,0,44,44.22,23.6368,54000000,234000,24000000
행복주택,경기도,화성시,경기도 화성시 봉담읍 삼천병마로 1256-13,화성상리 1블록 행복주택,450,아파트,LH경기남부,2021-11-10,,,,0,44,44.25,23.6529,54400000,235730,24000000
행복주택,경기도,화성시,경기도 화성시 봉담읍 상리2길 121,엘크루 루엘리안,152,아파트,LH경기남부,2022-07-30,,,,0,55,55.5,22.7485,80000000,346660,35000000
행복주택,경기도,화성시,경기도 화성시 봉담읍 상리2길 121,엘크루 루엘리안,152,아파트,LH경기남부,2022-07-30,,,,0,55,55.68,22.8223,80400000,348400,35000000
행복주택,경기도,화성시,경기도 화성시 봉담읍 상리2길 121,엘크루 루엘리안,152,아파트,LH경기남부,2022-07-30,,,,0,55,55.88,22.9043,80800000,350130,36000000
행복주택,경기도,화성시,경기도 화성시 봉담읍 상리2길 121,엘크루 루엘리안,152,아파트,LH경기남부,2022-07-30,,,,0,55,55.96,22.937,80800000,350130,36000000
행복주택,경기도,화성시,경기도 화성시 봉담읍 상리3길 111,A6BL,602,아파트,LH경기남부,2019-07-30,복도식,지역난방,,0,16,16.13,10.2977,27600000,104420,7000000
행복주택,경기도,화성시,경기도 화성시 봉담읍 상리3길 111,A6BL,602,아파트,LH경기남부,2019-07-30,복도식,지역난방,,0,16,16.26,10.3807,27600000,104420,7000000
행복주택,경기도,화성시,경기도 화성시 봉담읍 상리3길 111,A6BL,602,아파트,LH경기남부,2019-07-30,복도식,지역난방,,0,26,26.17,16.7075,44400000,167980,17000000
행복주택,경기도,화성시,경기도 화성시 봉담읍 상리3길 111,A6BL,602,아파트,LH경기남부,2019-07-30,복도식,지역난방,,0,26,26.24,16.7522,44400000,167980,17000000
행복주택,경기도,화성시,경기도 화성시 봉담읍 상리3길 111,A6BL,602,아파트,LH경기남부,2019-07-30,복도식,지역난방,,0,36,36.24,23.1364,62000000,234560,24000000
행복주택,경기도,화성시,경기도 화성시 봉담읍 상리3길 111,A6BL,602,아파트,LH경기남부,2019-07-30,복도식,지역난방,,0,36,36.38,23.2258,62000000,234560,24000000
행복주택,경기도,화성시,경기도 화성시 비봉면 새비봉동로 17,화성비봉 A-2블록 행복주택,440,아파트,LH경기남부,2021-06-10,,,,0,16,16.54,9.5964,16400000,71060,1000000
행복주택,경기도,화성시,경기도 화성시 비봉면 새비봉동로 17,화성비봉 A-2블록 행복주택,440,아파트,LH경기남부,2021-06-10,,,,0,27,27.34,15.8626,26800000,116130,9000000
행복주택,경기도,화성시,경기도 화성시 비봉면 새비봉동로 17,화성비봉 A-2블록 행복주택,440,아파트,LH경기남부,2021-06-10,,,,0,36,36.22,21.0148,36000000,156000,16000000
행복주택,경기도,화성시,경기도 화성시 비봉면 새비봉동로 17,화성비봉 A-2블록 행복주택,440,아파트,LH경기남부,2021-06-10,,,,0,36,36.28,21.0496,36000000,156000,16000000
행복주택,경기도,화성시,경기도 화성시 비봉면 새비봉동로 17,화성비봉 A-2블록 행복주택,440,아파트,LH경기남부,2021-06-10,,,,0,44,44.17,25.6273,44000000,190660,19000000
행복주택,경기도,화성시,경기도 화성시 비봉면 새비봉서로 96,화성비봉 A-5블록 행복·영구임대주택,758,아파트,LH경기남부,2023-06-30,,,,0,29,29.74,15.5087,31200000,134680,12000000
행복주택,경기도,화성시,경기도 화성시 비봉면 새비봉서로 96,화성비봉 A-5블록 행복·영구임대주택,758,아파트,LH경기남부,2023-06-30,,,,0,29,29.75,15.5139,31200000,134680,12000000
행복주택,경기도,화성시,경기도 화성시 비봉면 새비봉서로 96,화성비봉 A-5블록 행복·영구임대주택,758,아파트,LH경기남부,2023-06-30,,,,0,36,36.9,19.2424,39200000,169210,17000000
행복주택,경기도,화성시,경기도 화성시 비봉면 새비봉서로 96,화성비봉 A-5블록 행복·영구임대주택,758,아파트,LH경기남부,2023-06-30,,,,0,44,44.96,23.4455,48000000,207200,21000000
행복주택,경기도,화성시,경기도 화성시 서동탄로 71,화성능동 B-1블록 신혼희망타운 행복주택,149,아파트,LH경기남부,2023-03-17,,,,0,55,55.98,22.5155,86000000,322500,33000000
행복주택,경기도,화성시,경기도 화성시 향남읍 발안공단로 92-12,화성발안(1단지)(행복임대상가),608,아파트,LH경기남부,2019-07-12,복도식,지역난방,,0,16,16.92,13.168,19200000,91590,2000000
행복주택,경기도,화성시,경기도 화성시 향남읍 발안공단로 92-12,화성발안(1단지)(행복임대상가),608,아파트,LH경기남부,2019-07-12,복도식,지역난방,,0,26,26.82,20.8727,30800000,117290,11000000
행복주택,경기도,화성시,경기도 화성시 향남읍 발안공단로 92-12,화성발안(1단지)(행복임대상가),608,아파트,LH경기남부,2019-07-12,복도식,지역난방,,0,44,44.69,34.7802,52000000,198030,23000000
행복주택,경기도,화성시,경기도 화성시 향남읍 벌말길 24,화성향남2(20단지)(행복임대상가),99,아파트,LH경기남부,2019-07-12,복도식,지역난방,,0,16,16.06,9.5186,22000000,83780,4000000
행복주택,경기도,화성시,경기도 화성시 향남읍 벌말길 24,화성향남2(20단지)(행복임대상가),99,아파트,LH경기남부,2019-07-12,복도식,지역난방,,0,26,26.36,15.6233,36000000,137100,13000000
행복주택,경기도,화성시,경기도 화성시 향남읍 벌말길 24,화성향남2(20단지)(행복임대상가),99,아파트,LH경기남부,2019-07-12,복도식,지역난방,,0,36,36.15,21.4258,50000000,190410,19000000
행복주택,경기도,화성시,경기도 화성시 향남읍 향남로39번길 22,언덕마을 15단지,922,아파트,LH경기남부,2022-12-31,,지역난방,,0,21,21.43,11.112,21200000,84800,4000000
행복주택,경기도,화성시,경기도 화성시 향남읍 향남로39번길 22,언덕마을 15단지,922,아파트,LH경기남부,2022-12-31,,지역난방,,0,29,29.48,15.2861,29200000,116800,9000000
행복주택,경기도,화성시,경기도 화성시 향남읍 향남로39번길 22,언덕마을 15단지,922,아파트,LH경기남부,2022-12-31,,지역난방,,0,36,36.34,18.8432,37200000,148800,15000000
행복주택,경기도,화성시,경기도 화성시 향남읍 향남로39번길 22,언덕마을 15단지,922,아파트,LH경기남부,2022-12-31,,지역난방,,0,36,36.55,18.9521,37200000,148800,15000000
행복주택,경기도,화성시,경기도 화성시 향남읍 향남로39번길 22,언덕마을 15단지,922,아파트,LH경기남부,2022-12-31,,지역난방,,0,36,36.59,18.9729,37200000,148800,15000000
행복주택,경기도,화성시,경기도 화성시 향남읍 향남로39번길 22,언덕마을 15단지,922,아파트,LH경기남부,2022-12-31,,지역난방,,0,44,44.3,22.9707,45600000,182400,18000000
행복주택,경기도,화성시,경기도 화성시 효행로 988-14,화성진안1,16,아파트,경기주택도시공사,2018-03-15,계단식,개별난방,전체동 설치,16,20,20.33,16.23,23129000,193000,13000000
행복주택,경기도,화성시,경기도 화성시 효행로1040번길 9,화성진안2,15,아파트,경기주택도시공사,2018-02-28,계단식,개별난방,전체동 설치,15,17,17.12,14.15,20643000,171810,17000000
행복주택,경기도,화성시,경기도 화성시 효행로1040번길 9,화성진안2,15,아파트,경기주택도시공사,2018-02-28,계단식,개별난방,전체동 설치,15,18,18.9,15.22,20643000,171810,17000000
행복주택,경기도,화성시,경기도 화성시 효행로1040번길 9,화성진안2,15,아파트,경기주택도시공사,2018-02-28,계단식,개별난방,전체동 설치,15,20,20.02,15.68,24286000,199200,19000000
행복주택,경기도,화성시,경기도 화성시 효행로1040번길 9,화성진안2,15,아파트,경기주택도시공사,2018-02-28,계단식,개별난방,전체동 설치,15,22,22.37,17.76,26714000,222610,22000000
행복주택,경기도,광주시,경기도 광주시 광주역8로 14,경기광주역 행복주택,500,아파트,경기주택도시공사,2021-11-30,복도식,개별난방,전체동 설치,444,22A,22.8301,11.6791,35511000,137500,13000000
행복주택,경기도,광주시,경기도 광주시 광주역8로 14,경기광주역 행복주택,500,아파트,경기주택도시공사,2021-11-30,복도식,개별난방,전체동 설치,444,22B,22.8301,11.6791,35511000,137500,13000000
행복주택,경기도,광주시,경기도 광주시 광주역8로 14,경기광주역 행복주택,500,아파트,경기주택도시공사,2021-11-30,복도식,개별난방,전체동 설치,444,36A,36.9369,17.8208,55600000,215000,27000000
행복주택,경기도,광주시,경기도 광주시 광주역8로 14,경기광주역 행복주택,500,아파트,경기주택도시공사,2021-11-30,복도식,개별난방,전체동 설치,444,44A,44.6973,21.5347,68800000,229000,34000000
행복주택,경기도,광주시,경기도 광주시 광주역8로 14,경기광주역 행복주택,500,아파트,경기주택도시공사,2021-11-30,복도식,개별난방,전체동 설치,444,44B,44.4775,21.6277,68800000,229000,34000000
행복주택,경기도,광주시,경기도 광주시 광주역8로 14,경기광주역 행복주택,500,아파트,경기주택도시공사,2021-11-30,복도식,개별난방,전체동 설치,444,44B,44.6973,21.5347,68800000,229000,34000000
행복주택,경기도,양주시,경기도 양주시 고암길 251,양주덕정1(행복주택),280,아파트,LH경기북부,2020-07-31,,,,0,16,16.66,9.1748,17240000,74700,2000000
행복주택,경기도,양주시,경기도 양주시 고암길 251,양주덕정1(행복주택),280,아파트,LH경기북부,2020-07-31,,,,0,26,26.77,14.7425,26920000,116650,9000000
행복주택,경기도,양주시,경기도 양주시 고암길 251,양주덕정1(행복주택),280,아파트,LH경기북부,2020-07-31,,,,0,26,26.97,14.8527,26360000,114220,9000000
행복주택,경기도,양주시,경기도 양주시 고암길 251,양주덕정1(행복주택),280,아파트,LH경기북부,2020-07-31,,,,0,36,36.57,20.1395,36080000,156340,16000000
행복주택,경기도,양주시,경기도 양주시 고암길 251,양주덕정1(행복주택),280,아파트,LH경기북부,2020-07-31,,,,0,36,36.71,20.2166,35200000,152530,15000000
행복주택,경기도,양주시,경기도 양주시 고읍남로 80,양주고읍 A-14BL 행복주택,372,아파트,LH경기북부,2023-02-05,,,,0,21,21.87,12.0641,23400000,101400,7000000
행복주택,경기도,양주시,경기도 양주시 고읍남로 80,양주고읍 A-14BL 행복주택,372,아파트,LH경기북부,2023-02-05,,,,0,26,26.52,14.4781,29640000,128440,11000000
행복주택,경기도,양주시,경기도 양주시 고읍남로 80,양주고읍 A-14BL 행복주택,372,아파트,LH경기북부,2023-02-05,,,,0,26,26.7,14.3745,23700000,102700,7000000
행복주택,경기도,양주시,경기도 양주시 고읍남로 80,양주고읍 A-14BL 행복주택,372,아파트,LH경기북부,2023-02-05,,,,0,44,44.88,22.9823,52800000,228800,23000000
행복주택,경기도,양주시,경기도 양주시 고읍남로 94,양주고읍 LH13단지아파트,508,아파트,LH경기북부,2020-06-01,,,,0,16,16.89,8.7858,19000000,83910,4000000
행복주택,경기도,양주시,경기도 양주시 고읍남로 94,양주고읍 LH13단지아파트,508,아파트,LH경기북부,2020-06-01,,,,0,16,16.99,8.8378,18040000,79670,3000000
행복주택,경기도,양주시,경기도 양주시 고읍남로 94,양주고읍 LH13단지아파트,508,아파트,LH경기북부,2020-06-01,,,,0,26,26.26,13.6598,28720000,126840,11000000
행복주택,경기도,양주시,경기도 양주시 고읍남로 94,양주고읍 LH13단지아파트,508,아파트,LH경기북부,2020-06-01,,,,0,26,26.37,13.7171,27720000,122430,10000000
행복주택,경기도,양주시,경기도 양주시 고읍남로 94,양주고읍 LH13단지아파트,508,아파트,LH경기북부,2020-06-01,,,,0,36,36.57,19.0229,39200000,173130,17000000
행복주택,경기도,양주시,경기도 양주시 덕계로 100,양주회천 A17BL 신혼희망타운 행복주택,254,아파트,LH경기북부,2022-12-31,계단식,지역난방,,916,55,55.53,23.993,70800000,300900,30000000
행복주택,경기도,양주시,경기도 양주시 덕계로 100,양주회천 A17BL 신혼희망타운 행복주택,254,아파트,LH경기북부,2022-12-31,계단식,지역난방,,916,55,55.76,24.0924,70800000,300900,30000000
행복주택,경기도,양주시,경기도 양주시 덕계로 100,양주회천 A17BL 신혼희망타운 행복주택,254,아파트,LH경기북부,2022-12-31,계단식,지역난방,,916,55,55.87,24.1399,71200000,302600,31000000
행복주택,경기도,양주시,경기도 양주시 덕계로 100,양주회천 A17BL 신혼희망타운 행복주택,254,아파트,LH경기북부,2022-12-31,계단식,지역난방,,916,55,55.98,24.1875,71200000,302600,31000000
행복주택,경기도,양주시,경기도 양주시 옥정서로 254,양주옥정3단지,1500,아파트,LH경기북부,2017-07-30,,,,0,21,21.96,12.5562,20640000,95160,6000000
행복주택,경기도,양주시,경기도 양주시 옥정서로 254,양주옥정3단지,1500,아파트,LH경기북부,2017-07-30,,,,0,21,21.97,12.562,20640000,95200,6000000
행복주택,경기도,양주시,경기도 양주시 옥정서로 254,양주옥정3단지,1500,아파트,LH경기북부,2017-07-30,,,,0,21,21.98,12.5677,19480000,90680,5000000
행복주택,경기도,양주시,경기도 양주시 옥정서로 254,양주옥정3단지,1500,아파트,LH경기북부,2017-07-30,,,,0,21,21.99,12.5734,19520000,90720,5000000
행복주택,경기도,양주시,경기도 양주시 옥정서로 254,양주옥정3단지,1500,아파트,LH경기북부,2017-07-30,,,,0,26,26.85,15.3522,24520000,112920,9000000
행복주택,경기도,양주시,경기도 양주시 옥정서로 254,양주옥정3단지,1500,아파트,LH경기북부,2017-07-30,,,,0,26,26.86,15.358,24520000,112960,9000000
행복주택,경기도,양주시,경기도 양주시 옥정서로 254,양주옥정3단지,1500,아파트,LH경기북부,2017-07-30,,,,0,26,26.9,15.3808,23640000,109820,8000000
행복주택,경기도,양주시,경기도 양주시 옥정서로 254,양주옥정3단지,1500,아파트,LH경기북부,2017-07-30,,,,0,36,36.71,20.99,33240000,153000,15000000
행복주택,경기도,양주시,경기도 양주시 옥정서로 254,양주옥정3단지,1500,아파트,LH경기북부,2017-07-30,,,,0,36,36.9,21.0986,33040000,152220,15000000
행복주택,경기도,여주시,경기도 여주시 교동로 60,여주역세권 3블록 행복주택,705,아파트,LH경기남부,2022-12-31,,,,0,26,26.94,12.8437,31600000,132720,12000000
행복주택,경기도,여주시,경기도 여주시 교동로 60,여주역세권 3블록 행복주택,705,아파트,LH경기남부,2022-12-31,,,,0,36,36.98,17.6303,44000000,184800,19000000
행복주택,경기도,여주시,경기도 여주시 교동로 60,여주역세권 3블록 행복주택,705,아파트,LH경기남부,2022-12-31,,,,0,51,51.96,24.7721,65600000,275520,28000000
행복주택,경기도,양평군,경기도 양평군 양평읍 남북로 70,양평공흥,40,아파트,경기주택도시공사,2019-01-28,혼합식,개별난방,전체동 설치,29,34A,34.16,28.04,25657800,128100,12000000
행복주택,경기도,양평군,경기도 양평군 양평읍 남북로 70,양평공흥,40,아파트,경기주택도시공사,2019-01-28,혼합식,개별난방,전체동 설치,29,34B,34.16,28.04,26446350,132300,13000000
행복주택,충청북도,청주시 상당구,충청북도 청주시 상당구 월운로 146,청주동남 LH행복주택,998,아파트,LH충북,2020-03-25,,지역난방,,0,16,16.64,11.0803,14504000,86900,4000000
행복주택,충청북도,청주시 상당구,충청북도 청주시 상당구 월운로 146,청주동남 LH행복주택,998,아파트,LH충북,2020-03-25,,지역난방,,0,16,16.64,11.4003,14504000,86900,4000000
행복주택,충청북도,청주시 상당구,충청북도 청주시 상당구 월운로 146,청주동남 LH행복주택,998,아파트,LH충북,2020-03-25,,지역난방,,0,26,26.49,16.7223,22888000,137130,13000000
행복주택,충청북도,청주시 상당구,충청북도 청주시 상당구 월운로 146,청주동남 LH행복주택,998,아파트,LH충북,2020-03-25,,지역난방,,0,26,26.51,16.7728,23307000,139640,13000000
행복주택,충청북도,청주시 상당구,충청북도 청주시 상당구 월운로 146,청주동남 LH행복주택,998,아파트,LH충북,2020-03-25,,지역난방,,0,26,26.62,17.2105,22888000,137130,13000000
행복주택,충청북도,청주시 상당구,충청북도 청주시 상당구 월운로 146,청주동남 LH행복주택,998,아파트,LH충북,2020-03-25,,지역난방,,0,36,36.53,22.6439,30895000,185100,19000000
행복주택,충청북도,청주시 상당구,충청북도 청주시 상당구 월운로 146,청주동남 LH행복주택,998,아파트,LH충북,2020-03-25,,지역난방,,0,36,36.53,23.1239,30895000,185100,19000000
행복주택,충청북도,청주시 서원구,충청북도 청주시 서원구 구룡산로 292,청주산남2-1 주거복지동,66,아파트,LH충북,2020-02-20,복도식,개별가스난방,전체동 설치,38,19,19.98,7.9852,12073000,72310,1000000
행복주택,충청북도,청주시 서원구,충청북도 청주시 서원구 충대로 1,청주개신(행복),226,아파트,LH충북,2020-08-14,,,,0,13,13.45,10.4241,10155000,58130,0
행복주택,충청북도,청주시 서원구,충청북도 청주시 서원구 충대로 1,청주개신(행복),226,아파트,LH충북,2020-08-14,,,,0,13,13.45,10.4242,10155000,58130,0
행복주택,충청북도,청주시 서원구,충청북도 청주시 서원구 충대로 1,청주개신(행복),226,아파트,LH충북,2020-08-14,,,,0,14,14.99,11.6177,14672000,83990,4000000
행복주택,충청북도,청주시 서원구,충청북도 청주시 서원구 충대로 1,청주개신(행복),226,아파트,LH충북,2020-08-14,,,,0,26,26.9,20.8483,23894000,136790,13000000
행복주택,충청북도,청주시 흥덕구,충청북도 청주시 흥덕구 공단로 58,청주산단2(행복),30,아파트,LH충북,2022-11-28,,개별가스난방,전체동 설치,25,26,26.95,15.9309,27667000,156320,16000000
행복주택,충청북도,청주시 흥덕구,충청북도 청주시 흥덕구 공단로 58,청주산단2(행복),30,아파트,LH충북,2022-11-28,,개별가스난방,전체동 설치,25,36,36.78,21.7417,38566000,217900,22000000
행복주택,충청북도,청주시 청원구,충청북도 청주시 청원구 직지대로 864,청주우암(행복),120,아파트,LH충북,2022-11-30,,,,0,21,21.81,15.1818,19800000,108240,8000000
행복주택,충청북도,청주시 청원구,충청북도 청주시 청원구 직지대로 864,청주우암(행복),120,아파트,LH충북,2022-11-30,,,,0,26,26.71,18.5927,23760000,129880,12000000
행복주택,충청북도,청주시 청원구,충청북도 청주시 청원구 직지대로 864,청주우암(행복),120,아파트,LH충북,2022-11-30,,,,0,44,44.21,30.7743,46400000,253650,30000000
행복주택,충청북도,충주시,충청북도 충주시 대소원면 첨단쉼터8길 19,충주첨단 행복주택,295,아파트,LH충북,2016-12-06,,,,0,26,26.04,14.002,14951000,80980,3000000
행복주택,충청북도,충주시,충청북도 충주시 대소원면 첨단쉼터8길 19,충주첨단 행복주택,295,아파트,LH충북,2016-12-06,,,,0,26,26.07,14.0181,14600000,79080,3000000
행복주택,충청북도,충주시,충청북도 충주시 대소원면 첨단쉼터8길 19,충주첨단 행복주택,295,아파트,LH충북,2016-12-06,,,,0,26,26.24,14.1095,14600000,79080,3000000
행복주택,충청북도,충주시,충청북도 충주시 대소원면 첨단쉼터8길 19,충주첨단 행복주택,295,아파트,LH충북,2016-12-06,,,,0,33,33.55,18.0402,19161000,103780,7000000
행복주택,충청북도,충주시,충청북도 충주시 대소원면 첨단쉼터8길 19,충주첨단 행복주택,295,아파트,LH충북,2016-12-06,,,,0,42,42.57,22.8903,24904000,134892,12000000
행복주택,충청북도,충주시,충청북도 충주시 대소원면 첨단쉼터8길 19,충주첨단 행복주택,295,아파트,LH충북,2016-12-06,,,,0,42,42.65,22.9334,24904000,134890,14000000
행복주택,충청북도,충주시,충청북도 충주시 대소원면 첨단쉼터8길 19,충주첨단 행복주택,295,아파트,LH충북,2016-12-06,,,,0,43,43.07,23.1592,25518000,138230,15000000
행복주택,충청북도,충주시,충청북도 충주시 호암수청1로 30,충주호암A4블록(행복주택),550,아파트,LH충북,2020-06-30,,,,0,16,16.94,9.3582,12156000,72630,2000000
행복주택,충청북도,충주시,충청북도 충주시 호암수청1로 30,충주호암A4블록(행복주택),550,아파트,LH충북,2020-06-30,,,,0,26,26.56,14.6726,19534000,116710,9000000
행복주택,충청북도,충주시,충청북도 충주시 호암수청1로 30,충주호암A4블록(행복주택),550,아파트,LH충북,2020-06-30,,,,0,26,26.76,14.7831,19325000,115450,9000000
행복주택,충청북도,충주시,충청북도 충주시 호암수청1로 30,충주호암A4블록(행복주택),550,아파트,LH충북,2020-06-30,,,,0,36,36.76,20.3075,27038000,161540,16000000
행복주택,충청북도,충주시,충청북도 충주시 호암수청1로 30,충주호암A4블록(행복주택),550,아파트,LH충북,2020-06-30,,,,0,36,36.95,20.4125,27038000,161540,16000000
행복주택,충청북도,제천시,충청북도 제천시 청풍호로2다길 8,제천 영천동 행복주택,15,연립주택,충북개발공사,2022-10-31,복도식,개별난방,전체동 설치,7,32A,32.9807,18.6238,13716000,109720,0
행복주택,충청북도,제천시,충청북도 제천시 청풍호로2다길 8,제천 영천동 행복주택,15,연립주택,충북개발공사,2022-10-31,복도식,개별난방,전체동 설치,7,32B,32.9496,18.6403,14478000,115820,0
행복주택,충청북도,제천시,충청북도 제천시 청풍호로2다길 8,제천 영천동 행복주택,15,연립주택,충북개발공사,2022-10-31,복도식,개별난방,전체동 설치,7,33A,33.7247,19.0102,13362000,106890,0
행복주택,충청북도,영동군,충청북도 영동군 용산면 용산로 351,영동용산(행복),200,아파트,LH충북,2021-07-11,,개별가스난방,,0,16,16.98,8.6183,8048000,52510,0
행복주택,충청북도,영동군,충청북도 영동군 용산면 용산로 351,영동용산(행복),200,아파트,LH충북,2021-07-11,,개별가스난방,,0,26,26.82,13.6126,12995000,84790,4000000
행복주택,충청북도,영동군,충청북도 영동군 용산면 용산로 351,영동용산(행복),200,아파트,LH충북,2021-07-11,,개별가스난방,,0,36,36.97,18.7643,18444000,120350,10000000
행복주택,충청북도,진천군,충청북도 진천군 이월면 장양길 24,진천이월,68,아파트,LH충북,2021-10-06,복도식,개별가스난방,전체동 설치,119,16,16.88,9.7211,8509000,62180,0
행복주택,충청북도,진천군,충청북도 진천군 이월면 장양길 24,진천이월,68,아파트,LH충북,2021-10-06,복도식,개별가스난방,전체동 설치,119,36,36.52,21.0318,18067000,132030,12000000
행복주택,충청북도,진천군,충청북도 진천군 진천읍 문화로 394,진천성석(행복),450,아파트,LH충북,2020-11-07,,,,0,16,16.7,8.1794,11947000,71770,2000000
행복주택,충청북도,진천군,충청북도 진천군 진천읍 문화로 394,진천성석(행복),450,아파트,LH충북,2020-11-07,,,,0,26,26.88,13.1654,19031000,114340,9000000
행복주택,충청북도,진천군,충청북도 진천군 진천읍 문화로 394,진천성석(행복),450,아파트,LH충북,2020-11-07,,,,0,36,36.74,17.9947,26241000,157660,16000000
행복주택,충청북도,진천군,충청북도 진천군 진천읍 문화로 394,진천성석(행복),450,아파트,LH충북,2020-11-07,,,,0,44,44.62,21.8542,32236000,193680,19000000
행복주택,충청북도,괴산군,충청북도 괴산군 괴산읍 남산길 43,괴산동부 행복마을,18,아파트,LH충북,2019-10-31,복도식,개별가스난방,전체동 설치,120,26,26.11,13.0359,14823000,81000,4000000
행복주택,충청북도,음성군,충청북도 음성군 맹동면 맹동산단1길 18,음성맹동 행복주택,294,아파트,LH충북,2023-11-06,,,,0,26,26.93,14.595,0,0,0
행복주택,충청북도,음성군,충청북도 음성군 맹동면 맹동산단1길 18,음성맹동 행복주택,294,아파트,LH충북,2023-11-06,,,,0,36,36.84,19.5772,0,0,0
행복주택,충청북도,음성군,충청북도 음성군 맹동면 맹동산단1길 18,음성맹동 행복주택,294,아파트,LH충북,2023-11-06,,,,0,51,51.1,26.3959,0,0,0
행복주택,충청남도,천안시 동남구,충청남도 천안시 동남구 사직2길 6,꿈비채 천안남산,28,아파트,충남개발공사,2022-11-18,복도식,개별난방,전체동 설치,28,36,36.9548,52.4971,30000000,90000,0
행복주택,충청남도,천안시 동남구,충청남도 천안시 동남구 사직2길 6,꿈비채 천안남산,28,아파트,충남개발공사,2022-11-18,복도식,개별난방,전체동 설치,28,44,44.6329,62.8057,40000000,110000,0
행복주택,충청남도,천안시 동남구,충청남도 천안시 동남구 사직2길 6,꿈비채 천안남산,28,아파트,충남개발공사,2022-11-18,복도식,개별난방,전체동 설치,28,59,59.0641,82.5547,50000000,150000,0
행복주택,충청남도,천안시 동남구,충청남도 천안시 동남구 통정11로 80,천안신방1단지,450,아파트,LH대전충남,2018-09-30,,,,0,16,16.81,8.0644,16000000,85330,4000000
행복주택,충청남도,천안시 동남구,충청남도 천안시 동남구 통정11로 80,천안신방1단지,450,아파트,LH대전충남,2018-09-30,,,,0,26,26.42,12.6747,25160000,134180,13000000
행복주택,충청남도,천안시 동남구,충청남도 천안시 동남구 통정11로 80,천안신방1단지,450,아파트,LH대전충남,2018-09-30,,,,0,26,26.6,12.761,24640000,131410,13000000
행복주택,충청남도,천안시 동남구,충청남도 천안시 동남구 통정11로 80,천안신방1단지,450,아파트,LH대전충남,2018-09-30,,,,0,36,36.25,17.3905,33840000,180480,20000000
행복주택,충청남도,천안시 서북구,충청남도 천안시 서북구 봉정로 339,천안두정2(노후청사),288,아파트,LH대전충남,2022-06-30,,,,0,25,25.63,14.2376,28000000,163330,16000000
행복주택,충청남도,천안시 서북구,충청남도 천안시 서북구 봉정로 339,천안두정2(노후청사),288,아파트,LH대전충남,2022-06-30,,,,0,25,25.73,14.2931,28000000,163330,16000000
행복주택,충청남도,천안시 서북구,충청남도 천안시 서북구 봉정로 339,천안두정2(노후청사),288,아파트,LH대전충남,2022-06-30,,,,0,26,26.77,14.8709,29200000,167300,17000000
행복주택,충청남도,천안시 서북구,충청남도 천안시 서북구 봉정로 339,천안두정2(노후청사),288,아파트,LH대전충남,2022-06-30,,,,0,26,26.87,14.9264,29200000,167300,17000000
행복주택,충청남도,천안시 서북구,충청남도 천안시 서북구 봉정로 339,천안두정2(노후청사),288,아파트,LH대전충남,2022-06-30,,,,0,29,29.65,16.4707,32000000,186200,19000000
행복주택,충청남도,천안시 서북구,충청남도 천안시 서북구 봉정로 339,천안두정2(노후청사),288,아파트,LH대전충남,2022-06-30,,,,0,43,43.41,24.1145,47760000,278600,28000000
행복주택,충청남도,천안시 서북구,충청남도 천안시 서북구 봉정로 339,천안두정2(노후청사),288,아파트,LH대전충남,2022-06-30,,,,0,49,49.4,27.442,54360000,317100,32000000
행복주택,충청남도,천안시 서북구,충청남도 천안시 서북구 부성18로 71,천안부성A-1,730,아파트,LH대전충남,2022-10-20,,개별가스난방,,533,20,20.88,9.817,26726000,149220,15000000
행복주택,충청남도,천안시 서북구,충청남도 천안시 서북구 부성18로 71,천안부성A-1,730,아파트,LH대전충남,2022-10-20,,개별가스난방,,533,26,26.85,12.6238,33600000,185890,19000000
행복주택,충청남도,천안시 서북구,충청남도 천안시 서북구 부성18로 71,천안부성A-1,730,아파트,LH대전충남,2022-10-20,,개별가스난방,,533,36,36.98,17.3866,46800000,256020,26000000
행복주택,충청남도,천안시 서북구,충청남도 천안시 서북구 부성18로 71,천안부성A-1,730,아파트,LH대전충남,2022-10-20,,개별가스난방,,533,44,44.97,21.1432,56800000,301290,30000000
행복주택,충청남도,천안시 서북구,충청남도 천안시 서북구 불당24로 9,천안불당1단지,740,아파트,LH대전충남,2019-04-15,복도식,지역난방,,0,16,16.52,10.2526,21840000,116480,9000000
행복주택,충청남도,천안시 서북구,충청남도 천안시 서북구 불당24로 9,천안불당1단지,740,아파트,LH대전충남,2019-04-15,복도식,지역난방,,0,26,26.48,16.4341,34640000,184740,19000000
행복주택,충청남도,천안시 서북구,충청남도 천안시 서북구 불당24로 9,천안불당1단지,740,아파트,LH대전충남,2019-04-15,복도식,지역난방,,0,36,36.53,22.6714,46880000,250020,25000000
행복주택,충청남도,천안시 서북구,충청남도 천안시 서북구 불당24로 9,천안불당1단지,740,아파트,LH대전충남,2019-04-15,복도식,지역난방,,0,36,36.71,22.7831,46880000,250020,25000000
행복주택,충청남도,천안시 서북구,충청남도 천안시 서북구 오성1길 12-10,천안두정1단지,40,아파트,LH대전충남,2019-04-15,,,전체동 설치,17,16,16.85,10.5123,18640000,99410,6000000
행복주택,충청남도,천안시 서북구,충청남도 천안시 서북구 오성1길 12-10,천안두정1단지,40,아파트,LH대전충남,2019-04-15,,,전체동 설치,17,26,26.61,16.6014,28320000,151040,15000000
행복주택,충청남도,천안시 서북구,충청남도 천안시 서북구 천안천4길 32,천안역세권,150,아파트,LH대전충남,2022-03-15,,,,0,21,21.82,14.2339,25680000,136960,13000000
행복주택,충청남도,천안시 서북구,충청남도 천안시 서북구 천안천4길 32,천안역세권,150,아파트,LH대전충남,2022-03-15,,,,0,26,26.7,17.4173,30520000,162770,16000000
행복주택,충청남도,천안시 서북구,충청남도 천안시 서북구 천안천4길 32,천안역세권,150,아파트,LH대전충남,2022-03-15,,,,0,44,44.93,29.3094,51880000,276690,28000000
행복주택,충청남도,천안시 서북구,충청남도 천안시 서북구 한들1로 88,천안백석천년나무1단지,562,아파트,LH대전충남,2017-12-11,,,,0,16,16.8,10.2609,20840000,111140,8000000
행복주택,충청남도,천안시 서북구,충청남도 천안시 서북구 한들1로 88,천안백석천년나무1단지,562,아파트,LH대전충남,2017-12-11,,,,0,26,26.87,15.6368,30360000,161920,16000000
행복주택,충청남도,천안시 서북구,충청남도 천안시 서북구 한들1로 88,천안백석천년나무1단지,562,아파트,LH대전충남,2017-12-11,,,,0,26,26.94,15.5693,30360000,161920,16000000
행복주택,충청남도,천안시 서북구,충청남도 천안시 서북구 한들1로 88,천안백석천년나무1단지,562,아파트,LH대전충남,2017-12-11,,,,0,36,36.8,20.8477,40040000,213540,21000000
행복주택,충청남도,천안시 서북구,충청남도 천안시 서북구 한들1로 88,천안백석천년나무1단지,562,아파트,LH대전충남,2017-12-11,,,,0,36,36.95,20.7474,40040000,213540,21000000
행복주택,충청남도,천안시 서북구,충청남도 천안시 서북구 한들1로 88,천안백석천년나무1단지,562,아파트,LH대전충남,2017-12-11,,,,0,44,44.9,24.9389,48400000,258130,26000000
행복주택,충청남도,공주시,충청남도 공주시 무령로 550-39,공주월송 LH천년나무 4단지(A-4BL),296,아파트,LH대전충남,2022-03-31,,,,0,24,24.26,12.067,22660000,135960,13000000
행복주택,충청남도,공주시,충청남도 공주시 무령로 550-39,공주월송 LH천년나무 4단지(A-4BL),296,아파트,LH대전충남,2022-03-31,,,,0,24,24.39,12.1317,22660000,135960,13000000
행복주택,충청남도,공주시,충청남도 공주시 무령로 550-39,공주월송 LH천년나무 4단지(A-4BL),296,아파트,LH대전충남,2022-03-31,,,,0,36,36.2,18.006,32160000,195000,23000000
행복주택,충청남도,공주시,충청남도 공주시 무령로 550-39,공주월송 LH천년나무 4단지(A-4BL),296,아파트,LH대전충남,2022-03-31,,,,0,49,49.69,24.716,40540000,247500,29000000
행복주택,충청남도,공주시,충청남도 공주시 무령로 600-25,공주월송 A3BL,200,아파트,LH대전충남,2017-10-31,,,,0,22,22.93,11.7185,19720000,111290,8000000
행복주택,충청남도,공주시,충청남도 공주시 무령로 600-25,공주월송 A3BL,200,아파트,LH대전충남,2017-10-31,,,,0,22,22.98,11.744,19480000,110380,8000000
행복주택,충청남도,공주시,충청남도 공주시 무령로 600-25,공주월송 A3BL,200,아파트,LH대전충남,2017-10-31,,,,0,36,36.99,18.904,30760000,172720,17000000
행복주택,충청남도,공주시,충청남도 공주시 장기로 21-29,공주금흥 행복주택,200,아파트,LH대전충남,2023-02-01,복도식,개별가스난방,,95,21,21.77,13.1112,17200000,96030,6000000
행복주택,충청남도,공주시,충청남도 공주시 장기로 21-29,공주금흥 행복주택,200,아파트,LH대전충남,2023-02-01,복도식,개별가스난방,,95,26,26.87,16.1828,21200000,118360,10000000
행복주택,충청남도,공주시,충청남도 공주시 장기로 21-29,공주금흥 행복주택,200,아파트,LH대전충남,2023-02-01,복도식,개별가스난방,,95,44,44.98,27.0898,36400000,203230,20000000
행복주택,충청남도,보령시,충청남도 보령시 웅천읍 장터중앙길 192-8,보령웅천(마을정비형),80,아파트,LH대전충남,2020-07-06,,,,0,16,16.9,8.2594,11160000,65450,0
행복주택,충청남도,보령시,충청남도 보령시 웅천읍 장터중앙길 192-8,보령웅천(마을정비형),80,아파트,LH대전충남,2020-07-06,,,,0,26,26.83,12.3587,17400000,101890,7000000
행복주택,충청남도,보령시,충청남도 보령시 웅천읍 장터중앙길 192-8,보령웅천(마을정비형),80,아파트,LH대전충남,2020-07-06,,,,0,36,36.69,16.3831,24040000,140390,13000000
행복주택,충청남도,아산시,충청남도 아산시 배방읍 공원로 69,아산배방4단지,1464,아파트,LH대전충남,2018-08-20,복도식,지역난방,,1114,16,16.67,10.2335,18200000,97060,6000000
행복주택,충청남도,아산시,충청남도 아산시 배방읍 공원로 69,아산배방4단지,1464,아파트,LH대전충남,2018-08-20,복도식,지역난방,,1114,26,26.41,16.2127,28240000,150610,15000000
행복주택,충청남도,아산시,충청남도 아산시 배방읍 공원로 69,아산배방4단지,1464,아파트,LH대전충남,2018-08-20,복도식,지역난방,,1114,26,26.46,16.2434,27680000,147620,15000000
행복주택,충청남도,아산시,충청남도 아산시 배방읍 공원로 69,아산배방4단지,1464,아파트,LH대전충남,2018-08-20,복도식,지역난방,,1114,36,36.14,22.1859,37880000,202020,20000000
행복주택,충청남도,아산시,충청남도 아산시 배방읍 공원로 69,아산배방4단지,1464,아파트,LH대전충남,2018-08-20,복도식,지역난방,,1114,36,36.27,22.2657,37880000,202020,20000000
행복주택,충청남도,아산시,충청남도 아산시 배방읍 공원로 89,아산배방12단지,250,아파트,LH대전충남,2020-05-30,,지역난방,,88,16,16.79,9.6202,17120000,91300,5000000
행복주택,충청남도,아산시,충청남도 아산시 배방읍 공원로 89,아산배방12단지,250,아파트,LH대전충남,2020-05-30,,지역난방,,88,26,26.42,15.138,26160000,139520,13000000
행복주택,충청남도,아산시,충청남도 아산시 배방읍 공원로 89,아산배방12단지,250,아파트,LH대전충남,2020-05-30,,지역난방,,88,36,36.59,20.9651,36240000,193280,19000000
행복주택,충청남도,아산시,충청남도 아산시 배방읍 동방로 131,아산탕정2-A14BL,1139,아파트,LH대전충남,2022-07-01,,,,0,21,21.35,11.6102,20800000,112200,8000000
행복주택,충청남도,아산시,충청남도 아산시 배방읍 동방로 131,아산탕정2-A14BL,1139,아파트,LH대전충남,2022-07-01,,,,0,26,26.29,14.2966,25200000,138600,13000000
행복주택,충청남도,아산시,충청남도 아산시 배방읍 동방로 131,아산탕정2-A14BL,1139,아파트,LH대전충남,2022-07-01,,,,0,36,36.24,19.7075,35200000,191400,19000000
행복주택,충청남도,아산시,충청남도 아산시 배방읍 동방로 131,아산탕정2-A14BL,1139,아파트,LH대전충남,2022-07-01,,,,0,44,44.02,23.9384,43200000,235400,24000000
행복주택,충청남도,아산시,충청남도 아산시 배방읍 동방로 131,아산탕정2-A14BL,1139,아파트,LH대전충남,2022-07-01,,,,0,44,44.2,24.0362,43200000,235400,24000000
행복주택,충청남도,아산시,충청남도 아산시 배방읍 동방로 219,아산탕정 2-A9BL 행복주택,884,아파트,LH대전충남,2023-11-30,,지역난방,,0,21,21.98,12.4889,21976000,124530,11000000
행복주택,충청남도,아산시,충청남도 아산시 배방읍 동방로 219,아산탕정 2-A9BL 행복주택,884,아파트,LH대전충남,2023-11-30,,지역난방,,0,29,29.74,16.898,29456000,166910,17000000
행복주택,충청남도,아산시,충청남도 아산시 배방읍 동방로 219,아산탕정 2-A9BL 행복주택,884,아파트,LH대전충남,2023-11-30,,지역난방,,0,36,36.81,20.9152,36456000,206580,21000000
행복주택,충청남도,아산시,충청남도 아산시 배방읍 동방로 219,아산탕정 2-A9BL 행복주택,884,아파트,LH대전충남,2023-11-30,,지역난방,,0,46,46.86,26.6255,45972000,260500,26000000
행복주택,충청남도,아산시,충청남도 아산시 배방읍 세교길 14,아산탕정2-A6BL 신혼희망타운 행복주택,170,아파트,LH대전충남,2023-12-14,,,,0,55,55.69,21.4616,79720000,398600,40000000
행복주택,충청남도,아산시,충청남도 아산시 배방읍 세교길 14,아산탕정2-A6BL 신혼희망타운 행복주택,170,아파트,LH대전충남,2023-12-14,,,,0,55,55.79,21.5002,79840000,399200,41000000
행복주택,충청남도,아산시,충청남도 아산시 배방읍 세교길 14,아산탕정2-A6BL 신혼희망타운 행복주택,170,아파트,LH대전충남,2023-12-14,,,,0,55,55.95,21.5618,80080000,400400,41000000
행복주택,충청남도,아산시,충청남도 아산시 배방읍 세교길 14,아산탕정2-A6BL 신혼희망타운 행복주택,170,아파트,LH대전충남,2023-12-14,,,,0,55,55.96,21.5657,80080000,400400,41000000
행복주택,충청남도,아산시,충청남도 아산시 배방읍 월천5길 30,아산배방 꿈비채,600,아파트,충남개발공사,2022-06-28,계단식,개별난방,전체동 설치,611,36㎡,36.9126,46.3489,30000000,90000,0
행복주택,충청남도,아산시,충청남도 아산시 배방읍 월천5길 30,아산배방 꿈비채,600,아파트,충남개발공사,2022-06-28,계단식,개별난방,전체동 설치,611,44㎡,44.7994,56.0956,40000000,110000,0
행복주택,충청남도,아산시,충청남도 아산시 배방읍 월천5길 30,아산배방 꿈비채,600,아파트,충남개발공사,2022-06-28,계단식,개별난방,전체동 설치,611,59㎡A,59.4573,74.4498,50000000,150000,0
행복주택,충청남도,아산시,충청남도 아산시 배방읍 월천5길 30,아산배방 꿈비채,600,아파트,충남개발공사,2022-06-28,계단식,개별난방,전체동 설치,611,59㎡B,59.6696,74.7153,50000000,150000,0
행복주택,충청남도,아산시,충청남도 아산시 배방읍 월천5길 30,아산배방 꿈비채,600,아파트,충남개발공사,2022-06-28,계단식,개별난방,전체동 설치,611,59㎡C(복층),59.66,74.9113,50000000,150000,0
행복주택,충청남도,아산시,충청남도 아산시 배방읍 월천5길 30,아산배방 꿈비채,600,아파트,충남개발공사,2022-06-28,계단식,개별난방,전체동 설치,611,59㎡D(복층),59.66,74.9113,50000000,150000,0
행복주택,충청남도,아산시,충청남도 아산시 배방읍 월천5길 30,아산배방 꿈비채,600,아파트,충남개발공사,2022-06-28,계단식,개별난방,전체동 설치,611,59㎡E,59.4758,74.68,50000000,150000,0
행복주택,충청남도,아산시,충청남도 아산시 탕정면 한들물빛1로 7,아산탕정5단지,740,아파트,LH대전충남,2020-07-30,,,,0,16,16.79,8.8674,17000000,90660,5000000
행복주택,충청남도,아산시,충청남도 아산시 탕정면 한들물빛1로 7,아산탕정5단지,740,아파트,LH대전충남,2020-07-30,,,,0,26,26.54,14.0167,25840000,137810,13000000
행복주택,충청남도,아산시,충청남도 아산시 탕정면 한들물빛1로 7,아산탕정5단지,740,아파트,LH대전충남,2020-07-30,,,,0,26,26.87,14.191,26680000,142290,14000000
행복주택,충청남도,아산시,충청남도 아산시 탕정면 한들물빛1로 7,아산탕정5단지,740,아파트,LH대전충남,2020-07-30,,,,0,36,36.52,19.2875,35240000,187940,19000000
행복주택,충청남도,아산시,충청남도 아산시 탕정면 한들물빛1로 8,한들물빛도시 하늘채,354,아파트,LH대전충남,2022-09-11,,,,0,55,55.78,23.1153,86800000,448460,46000000
행복주택,충청남도,아산시,충청남도 아산시 탕정면 한들물빛1로 8,한들물빛도시 하늘채,354,아파트,LH대전충남,2022-09-11,,,,0,55,55.84,23.1401,86800000,448460,46000000
행복주택,충청남도,아산시,충청남도 아산시 탕정면 한들물빛1로 8,한들물빛도시 하늘채,354,아파트,LH대전충남,2022-09-11,,,,0,55,55.85,23.1443,86800000,448460,46000000
행복주택,충청남도,당진시,충청남도 당진시 서부로 139,꿈비채 당진채운,100,아파트,충남개발공사,2023-03-31,계단식,개별난방,전체동 설치,195,36,36.82,49.15,30000000,90000,0
행복주택,충청남도,당진시,충청남도 당진시 서부로 139,꿈비채 당진채운,100,아파트,충남개발공사,2023-03-31,계단식,개별난방,전체동 설치,195,44,44.77,59.27,40000000,110000,0
행복주택,충청남도,당진시,충청남도 당진시 서부로 139,꿈비채 당진채운,100,아파트,충남개발공사,2023-03-31,계단식,개별난방,전체동 설치,195,59,59.35,79.42,50000000,150000,0
행복주택,충청남도,당진시,충청남도 당진시 석문면 해명3로 10,당진석문 3단지 A-3BL,696,아파트,LH대전충남,2017-10-31,,,,0,21,21.56,12.0975,13520000,75900,2000000
행복주택,충청남도,당진시,충청남도 당진시 석문면 해명3로 10,당진석문 3단지 A-3BL,696,아파트,LH대전충남,2017-10-31,,,,0,26,26.32,14.7683,16200000,90850,5000000
행복주택,충청남도,당진시,충청남도 당진시 석문면 해명3로 10,당진석문 3단지 A-3BL,696,아파트,LH대전충남,2017-10-31,,,,0,36,36.76,20.6263,22040000,124200,11000000
행복주택,충청남도,당진시,충청남도 당진시 우강면 당진3거리길 50,당진우강송산 LH 행복주택,254,아파트,LH대전충남,2020-09-06,복도식,,,0,21,21.72,10.4038,16640000,97060,6000000
행복주택,충청남도,당진시,충청남도 당진시 우강면 당진3거리길 50,당진우강송산 LH 행복주택,254,아파트,LH대전충남,2020-09-06,복도식,,,0,26,26.84,12.8562,19480000,114840,9000000
행복주택,충청남도,당진시,충청남도 당진시 우강면 당진3거리길 50,당진우강송산 LH 행복주택,254,아파트,LH대전충남,2020-09-06,복도식,,,0,36,36.62,17.5408,26120000,156720,16000000
행복주택,충청남도,당진시,충청남도 당진시 우강면 당진3거리길 50,당진우강송산 LH 행복주택,254,아파트,LH대전충남,2020-09-06,복도식,,,0,44,44.34,21.2387,31540000,189240,19000000
행복주택,충청남도,서천군,충청남도 서천군 서천읍 충절로109번길 13,꿈비채 서천군사,25,아파트,충남개발공사,2022-11-30,계단식,개별난방,전체동 설치,25,36,36.8183,52.279,30000000,90000,0
행복주택,충청남도,서천군,충청남도 서천군 서천읍 충절로109번길 13,꿈비채 서천군사,25,아파트,충남개발공사,2022-11-30,계단식,개별난방,전체동 설치,25,44,44.7738,63.0689,40000000,110000,0
행복주택,충청남도,서천군,충청남도 서천군 서천읍 충절로109번길 13,꿈비채 서천군사,25,아파트,충남개발공사,2022-11-30,계단식,개별난방,전체동 설치,25,59,59.0934,83.6427,50000000,150000,0
행복주택,충청남도,서천군,충청남도 서천군 장항읍 성주새길 8,장항성주LH 천년나무,90,아파트,LH대전충남,2022-07-31,,,,0,16,16.88,10.0998,12800000,72530,2000000
행복주택,충청남도,서천군,충청남도 서천군 장항읍 성주새길 8,장항성주LH 천년나무,90,아파트,LH대전충남,2022-07-31,,,,0,26,26.75,16.0054,19600000,111060,8000000
행복주택,충청남도,서천군,충청남도 서천군 장항읍 성주새길 8,장항성주LH 천년나무,90,아파트,LH대전충남,2022-07-31,,,,0,36,36.52,21.8511,26000000,148350,15000000
행복주택,충청남도,청양군,충청남도 청양군 청양읍 월촌길 9,청양교월1,20,아파트,LH대전충남,2023-03-01,,,,0,16,16.83,9.5033,11520000,64320,0
행복주택,충청남도,청양군,충청남도 청양군 청양읍 월촌길 9,청양교월1,20,아파트,LH대전충남,2023-03-01,,,,0,36,36.52,20.6216,26400000,147400,14000000
행복주택,충청남도,홍성군,충청남도 홍성군 홍북읍 홍예로 288,꿈비채 홍성내포,45,아파트,충남개발공사,2022-10-26,계단식,지역난방,전체동 설치,47,59,59.09,70.31,50000000,150000,0
행복주택,충청남도,홍성군,충청남도 홍성군 홍북읍 홍예로 288,꿈비채 홍성내포,45,아파트,충남개발공사,2022-10-26,계단식,지역난방,전체동 설치,47,59,59.11,70.66,50000000,150000,0
행복주택,충청남도,홍성군,충청남도 홍성군 홍북읍 홍예로 290,꿈비채 홍성내포,30,아파트,충남개발공사,2022-10-26,계단식,지역난방,전체동 설치,32,36,36.8183,74.1631,30000000,90000,0
행복주택,충청남도,홍성군,충청남도 홍성군 홍북읍 홍예로 290,꿈비채 홍성내포,30,아파트,충남개발공사,2022-10-26,계단식,지역난방,전체동 설치,32,44,44.7738,89.6815,40000000,110000,0
행복주택,충청남도,홍성군,충청남도 홍성군 홍북읍 홍학로 124,도청이전신도시 RH10-1BL,1400,아파트,LH대전충남,2022-11-11,,,,0,21,21.84,11.7584,22713000,124920,11000000
행복주택,충청남도,홍성군,충청남도 홍성군 홍북읍 홍학로 124,도청이전신도시 RH10-1BL,1400,아파트,LH대전충남,2022-11-11,,,,0,36,36.92,19.8773,36920000,208140,21000000
행복주택,충청남도,홍성군,충청남도 홍성군 홍북읍 홍학로 124,도청이전신도시 RH10-1BL,1400,아파트,LH대전충남,2022-11-11,,,,0,36,36.96,19.8988,36960000,205540,21000000
행복주택,충청남도,홍성군,충청남도 홍성군 홍북읍 홍학로 124,도청이전신도시 RH10-1BL,1400,아파트,LH대전충남,2022-11-11,,,,0,36,36.99,19.9149,36960000,205540,21000000
행복주택,충청남도,홍성군,충청남도 홍성군 홍북읍 홍학로 124,도청이전신도시 RH10-1BL,1400,아파트,LH대전충남,2022-11-11,,,,0,44,44.9,24.1736,43132000,248260,25000000
행복주택,충청남도,홍성군,충청남도 홍성군 홍북읍 홍학로 124,도청이전신도시 RH10-1BL,1400,아파트,LH대전충남,2022-11-11,,,,0,44,44.93,24.1898,43132000,248260,25000000
행복주택,충청남도,예산군,충청남도 예산군 예산읍 사직로 31,(구)예산군청 행복주택,150,아파트,LH대전충남,2021-10-31,,개별가스난방,,0,21,21.98,10.0492,14400000,84720,4000000
행복주택,충청남도,예산군,충청남도 예산군 예산읍 사직로 31,(구)예산군청 행복주택,150,아파트,LH대전충남,2021-10-31,,개별가스난방,,0,26,26.98,12.3352,17160000,101530,7000000
행복주택,충청남도,예산군,충청남도 예산군 예산읍 사직로 31,(구)예산군청 행복주택,150,아파트,LH대전충남,2021-10-31,,개별가스난방,,0,26,26.99,12.3398,17160000,101530,7000000
행복주택,충청남도,예산군,충청남도 예산군 예산읍 사직로 31,(구)예산군청 행복주택,150,아파트,LH대전충남,2021-10-31,,개별가스난방,,0,36,36.86,16.8523,23440000,138680,13000000
행복주택,충청남도,예산군,충청남도 예산군 예산읍 사직로 31,(구)예산군청 행복주택,150,아파트,LH대전충남,2021-10-31,,개별가스난방,,0,44,44.85,20.5054,28520000,168740,17000000
행복주택,충청남도,예산군,충청남도 예산군 예산읍 주교로 13,꿈비채 예산주교,87,아파트,충남개발공사,2022-11-30,계단식,개별난방,전체동 설치,81,36,36.82,41.56,30000000,90000,0
행복주택,충청남도,예산군,충청남도 예산군 예산읍 주교로 13,꿈비채 예산주교,87,아파트,충남개발공사,2022-11-30,계단식,개별난방,전체동 설치,81,44,44.77,50.03,40000000,110000,0
행복주택,충청남도,예산군,충청남도 예산군 예산읍 주교로 13,꿈비채 예산주교,87,아파트,충남개발공사,2022-11-30,계단식,개별난방,전체동 설치,81,59,59.09,66.44,50000000,150000,0
행복주택,전라북도,전주시 덕진구,전라북도 전주시 덕진구 들사평서로 25,전주덕진,120,아파트,LH전북,2023-03-10,,,,0,21,21.63,11.9414,18480000,100100,5000000
행복주택,전라북도,전주시 덕진구,전라북도 전주시 덕진구 들사평서로 25,전주덕진,120,아파트,LH전북,2023-03-10,,,,0,26,26.42,14.5858,21880000,118510,8000000
행복주택,전라북도,전주시 덕진구,전라북도 전주시 덕진구 들사평서로 25,전주덕진,120,아파트,LH전북,2023-03-10,,,,0,44,44.39,24.5066,39200000,212330,21000000
행복주택,전라북도,전주시 덕진구,전라북도 전주시 덕진구 팔과정로 168,전주1산단 행복주택,601,아파트,LH전북,2022-10-08,복도식,,,0,14,14.28,6.841,12160000,63700,0
행복주택,전라북도,전주시 덕진구,전라북도 전주시 덕진구 팔과정로 168,전주1산단 행복주택,601,아파트,LH전북,2022-10-08,복도식,,,0,26,26.93,12.9012,23200000,118080,8000000
행복주택,전라북도,전주시 덕진구,전라북도 전주시 덕진구 팔과정로 168,전주1산단 행복주택,601,아파트,LH전북,2022-10-08,복도식,,,0,36,36.9,17.6774,32120000,163580,19000000
행복주택,전라북도,전주시 덕진구,전라북도 전주시 덕진구 팔과정로 168,전주1산단 행복주택,601,아파트,LH전북,2022-10-08,복도식,,,0,44,44.93,21.5243,39960000,201060,24000000
행복주택,전라북도,군산시,전라북도 군산시 돌끝로 52,군산내흥7 관리사무소,400,아파트,LH전북,2020-04-14,복도식,,,0,16,16.98,8.7616,11280000,57340,0
행복주택,전라북도,군산시,전라북도 군산시 돌끝로 52,군산내흥7 관리사무소,400,아파트,LH전북,2020-04-14,복도식,,,0,21,21.72,11.2075,14440000,73400,2000000
행복주택,전라북도,군산시,전라북도 군산시 돌끝로 52,군산내흥7 관리사무소,400,아파트,LH전북,2020-04-14,복도식,,,0,26,26.32,13.5811,17120000,87020,5000000
행복주택,전라북도,군산시,전라북도 군산시 돌끝로 52,군산내흥7 관리사무소,400,아파트,LH전북,2020-04-14,복도식,,,0,36,36.65,18.9114,23880000,121390,12000000
행복주택,전라북도,군산시,전라북도 군산시 오룡재길 22,군산금광행복주택,98,아파트,전북개발공사,2022-02-07,복도식,개별가스난방,전체동 설치,98,21㎡,21.9635,13.3006,22000000,73300,0
행복주택,전라북도,군산시,전라북도 군산시 오룡재길 22,군산금광행복주택,98,아파트,전북개발공사,2022-02-07,복도식,개별가스난방,전체동 설치,98,29㎡,29.9581,17.7215,29500000,98300,0
행복주택,전라북도,군산시,전라북도 군산시 오룡재길 22,군산금광행복주택,98,아파트,전북개발공사,2022-02-07,복도식,개별가스난방,전체동 설치,98,36㎡,36.869,21.3794,36500000,121600,0
행복주택,전라북도,익산시,전라북도 익산시 목천로 320,익산인화 행복주택,612,아파트,LH전북,2017-10-14,,,,0,16,16.85,10.4162,14040000,83070,3000000
행복주택,전라북도,익산시,전라북도 익산시 목천로 320,익산인화 행복주택,612,아파트,LH전북,2017-10-14,,,,0,26,26.65,16.4742,20640000,122120,10000000
행복주택,전라북도,익산시,전라북도 익산시 목천로 320,익산인화 행복주택,612,아파트,LH전북,2017-10-14,,,,0,26,26.68,16.4928,20640000,122120,10000000
행복주택,전라북도,익산시,전라북도 익산시 목천로 320,익산인화 행복주택,612,아파트,LH전북,2017-10-14,,,,0,36,36.46,22.5385,28240000,167080,17000000
행복주택,전라북도,정읍시,전라북도 정읍시 명륜길 15-11,정읍수성 A-1BL 행복주택,98,아파트,LH전북,2023-08-31,,,,0,21,21.68,12.7093,23880000,127360,11000000
행복주택,전라북도,정읍시,전라북도 정읍시 명륜길 15-11,정읍수성 A-1BL 행복주택,98,아파트,LH전북,2023-08-31,,,,0,26,26.84,15.7342,27840000,148480,15000000
행복주택,전라북도,정읍시,전라북도 정읍시 명륜길 15-11,정읍수성 A-1BL 행복주택,98,아파트,LH전북,2023-08-31,,,,0,44,44.93,26.3389,47560000,253650,26000000
행복주택,전라북도,정읍시,전라북도 정읍시 첨단1로 47,정읍첨단A1-3블록,600,아파트,LH전북,2019-09-12,복도식,,전체동 설치,0,16,16.68,8.414,9400000,49000,0
행복주택,전라북도,정읍시,전라북도 정읍시 첨단1로 47,정읍첨단A1-3블록,600,아파트,LH전북,2019-09-12,복도식,,전체동 설치,0,16,16.74,8.4443,9440000,49000,0
행복주택,전라북도,정읍시,전라북도 정읍시 첨단1로 47,정읍첨단A1-3블록,600,아파트,LH전북,2019-09-12,복도식,,전체동 설치,0,26,26.71,13.4736,14760000,74000,2000000
행복주택,전라북도,정읍시,전라북도 정읍시 첨단1로 47,정읍첨단A1-3블록,600,아파트,LH전북,2019-09-12,복도식,,전체동 설치,0,26,26.77,13.5038,14800000,74000,2000000
행복주택,전라북도,정읍시,전라북도 정읍시 첨단1로 47,정읍첨단A1-3블록,600,아파트,LH전북,2019-09-12,복도식,,전체동 설치,0,36,36.6,18.4625,20440000,104000,8000000
행복주택,전라북도,정읍시,전라북도 정읍시 첨단1로 47,정읍첨단A1-3블록,600,아파트,LH전북,2019-09-12,복도식,,전체동 설치,0,36,36.72,18.523,20480000,104000,8000000
행복주택,전라북도,정읍시,전라북도 정읍시 청수1길 59,정읍시기,17,아파트,LH전북,2021-11-21,,,,0,26,26.69,22.2479,23320000,116600,9000000
행복주택,전라북도,정읍시,전라북도 정읍시 청수1길 59,정읍시기,17,아파트,LH전북,2021-11-21,,,,0,36,36.55,30.4669,32240000,165040,19000000
행복주택,전라북도,남원시,전라북도 남원시 시묘길 71,남원노암(행복주택),120,아파트,LH전북,2023-03-30,복도식,,,0,21,21.85,12.1623,17320000,98140,6000000
행복주택,전라북도,남원시,전라북도 남원시 시묘길 71,남원노암(행복주택),120,아파트,LH전북,2023-03-30,복도식,,,0,21,21.93,12.2068,17320000,98140,6000000
행복주택,전라북도,남원시,전라북도 남원시 시묘길 71,남원노암(행복주택),120,아파트,LH전북,2023-03-30,복도식,,,0,36,36.61,20.3781,26400000,149600,15000000
행복주택,전라북도,남원시,전라북도 남원시 시묘길 71,남원노암(행복주택),120,아파트,LH전북,2023-03-30,복도식,,,0,36,36.82,20.495,26400000,149600,15000000
행복주택,전라북도,남원시,전라북도 남원시 시묘길 71,남원노암(행복주택),120,아파트,LH전북,2023-03-30,복도식,,,0,36,36.96,20.573,26400000,149600,15000000
행복주택,전라북도,남원시,전라북도 남원시 시묘길 71,남원노암(행복주택),120,아파트,LH전북,2023-03-30,복도식,,,0,44,44.95,25.0204,31200000,176800,18000000
행복주택,전라북도,남원시,전라북도 남원시 시묘길 71,남원노암(행복주택),120,아파트,LH전북,2023-03-30,복도식,,,0,44,44.98,25.0371,31200000,176800,18000000
행복주택,전라북도,김제시,전라북도 김제시 풍요로 25,김제대검산(혼합단지),324,아파트,LH전북,2021-06-14,,,,0,16,16.96,8.0952,14080000,70400,1000000
행복주택,전라북도,김제시,전라북도 김제시 풍요로 25,김제대검산(혼합단지),324,아파트,LH전북,2021-06-14,,,,0,26,26.98,12.8779,21920000,109600,9000000
행복주택,전라북도,김제시,전라북도 김제시 풍요로 25,김제대검산(혼합단지),324,아파트,LH전북,2021-06-14,,,,0,36,36.73,17.5317,30120000,150750,18000000
행복주택,전라북도,김제시,전라북도 김제시 풍요로 25,김제대검산(혼합단지),324,아파트,LH전북,2021-06-14,,,,0,36,36.96,17.6415,30320000,153150,18000000
행복주택,전라북도,완주군,전라북도 완주군 삼례읍 동학로 36-21,삼례 아리따운아파트,300,아파트,LH전북,2023-09-30,,,,0,21,21.52,10.703,0,0,0
행복주택,전라북도,완주군,전라북도 완주군 삼례읍 동학로 36-21,삼례 아리따운아파트,300,아파트,LH전북,2023-09-30,,,,0,26,26.06,12.961,0,0,0
행복주택,전라북도,완주군,전라북도 완주군 삼례읍 동학로 36-21,삼례 아리따운아파트,300,아파트,LH전북,2023-09-30,,,,0,44,44.28,22.0229,0,0,0
행복주택,전라북도,완주군,전라북도 완주군 삼례읍 삼봉3로 57,완주삼봉 A-2BL 신혼희망타운 행복주택,274,아파트,LH전북,2022-04-30,,,,0,55,55.42,22.0926,43280000,216400,24000000
행복주택,전라북도,완주군,전라북도 완주군 삼례읍 삼봉3로 57,완주삼봉 A-2BL 신혼희망타운 행복주택,274,아파트,LH전북,2022-04-30,,,,0,59,59.05,23.5397,46200000,231000,26000000
행복주택,전라북도,완주군,전라북도 완주군 삼례읍 삼봉3로 57,완주삼봉 A-2BL 신혼희망타운 행복주택,274,아파트,LH전북,2022-04-30,,,,0,59,59.06,23.5437,46200000,231000,26000000
행복주택,전라북도,완주군,전라북도 완주군 삼례읍 삼봉3로 57,완주삼봉 A-2BL 신혼희망타운 행복주택,274,아파트,LH전북,2022-04-30,,,,0,59,59.39,23.6752,46200000,231000,26000000
행복주택,전라북도,완주군,전라북도 완주군 삼례읍 삼봉5로 55,완주삼봉A-3블록 행복주택,450,아파트,LH전북,2021-12-09,복도식,,,0,16,16.54,9.5538,10440000,54380,0
행복주택,전라북도,완주군,전라북도 완주군 삼례읍 삼봉5로 55,완주삼봉A-3블록 행복주택,450,아파트,LH전북,2021-12-09,복도식,,,0,26,26.06,15.0527,16720000,84060,2000000
행복주택,전라북도,완주군,전라북도 완주군 삼례읍 삼봉5로 55,완주삼봉A-3블록 행복주택,450,아파트,LH전북,2021-12-09,복도식,,,0,26,26.19,15.1278,16720000,84500,2000000
행복주택,전라북도,완주군,전라북도 완주군 삼례읍 삼봉5로 55,완주삼봉A-3블록 행복주택,450,아파트,LH전북,2021-12-09,복도식,,,0,36,36.19,20.904,23400000,117860,8000000
행복주택,전라북도,완주군,전라북도 완주군 삼례읍 삼봉5로 55,완주삼봉A-3블록 행복주택,450,아파트,LH전북,2021-12-09,복도식,,,0,44,44.04,25.4384,28760000,144950,14000000
행복주택,전라북도,완주군,전라북도 완주군 삼례읍 삼봉5로 60,완주삼봉 1단지 LH아파트,545,아파트,LH전북,2019-11-14,복도식,,,0,21,21.39,12.3213,11920000,69530,1000000
행복주택,전라북도,완주군,전라북도 완주군 삼례읍 삼봉5로 60,완주삼봉 1단지 LH아파트,545,아파트,LH전북,2019-11-14,복도식,,,0,26,26.72,15.3916,14960000,87260,4000000
행복주택,전라북도,완주군,전라북도 완주군 삼례읍 삼봉5로 60,완주삼봉 1단지 LH아파트,545,아파트,LH전북,2019-11-14,복도식,,,0,26,26.84,15.4607,14960000,87260,4000000
행복주택,전라북도,완주군,전라북도 완주군 삼례읍 삼봉5로 60,완주삼봉 1단지 LH아파트,545,아파트,LH전북,2019-11-14,복도식,,,0,36,36.89,21.2499,21480000,125300,11000000
행복주택,전라남도,목포시,전라남도 목포시 양을로 249,목포용해5(목포법원),400,아파트,LH광주전남,2021-10-30,복도식,개별가스난방,전체동 설치,0,16,16.66,8.6269,12360000,78280,3000000
행복주택,전라남도,목포시,전라남도 목포시 양을로 249,목포용해5(목포법원),400,아파트,LH광주전남,2021-10-30,복도식,개별가스난방,전체동 설치,0,26,26.72,13.8362,19160000,121340,12000000
행복주택,전라남도,목포시,전라남도 목포시 양을로 249,목포용해5(목포법원),400,아파트,LH광주전남,2021-10-30,복도식,개별가스난방,전체동 설치,0,36,36.63,18.9679,26280000,166440,19000000
행복주택,전라남도,목포시,전라남도 목포시 양을로 249,목포용해5(목포법원),400,아파트,LH광주전남,2021-10-30,복도식,개별가스난방,전체동 설치,0,44,44.57,23.0794,31600000,200130,24000000
행복주택,전라남도,목포시,전라남도 목포시 연산백련로1번길 51,목포용해2 6-1BL,450,아파트,LH광주전남,2017-09-22,,,,0,21,21.43,11.5708,18160000,121060,12000000
행복주택,전라남도,목포시,전라남도 목포시 연산백련로1번길 51,목포용해2 6-1BL,450,아파트,LH광주전남,2017-09-22,,,,0,23,23.54,12.7101,19600000,130660,14000000
행복주택,전라남도,목포시,전라남도 목포시 연산백련로1번길 51,목포용해2 6-1BL,450,아파트,LH광주전남,2017-09-22,,,,0,26,26.6,14.3623,21800000,145330,16000000
행복주택,전라남도,목포시,전라남도 목포시 연산백련로1번길 51,목포용해2 6-1BL,450,아파트,LH광주전남,2017-09-22,,,,0,26,26.81,14.4757,21960000,146400,16000000
행복주택,전라남도,목포시,전라남도 목포시 연산백련로1번길 51,목포용해2 6-1BL,450,아파트,LH광주전남,2017-09-22,,,,0,36,36.17,19.5295,29320000,195460,23000000
행복주택,전라남도,여수시,전라남도 여수시 관문1길 14,여수관문 행복주택,200,아파트,LH광주전남,2020-11-27,,,,0,16,16.87,8.0686,12840000,80250,4000000
행복주택,전라남도,여수시,전라남도 여수시 관문1길 14,여수관문 행복주택,200,아파트,LH광주전남,2020-11-27,,,,0,16,16.89,8.0556,12840000,80250,4000000
행복주택,전라남도,여수시,전라남도 여수시 관문1길 14,여수관문 행복주택,200,아파트,LH광주전남,2020-11-27,,,,0,16,16.95,8.0164,12840000,80250,4000000
행복주택,전라남도,여수시,전라남도 여수시 관문1길 14,여수관문 행복주택,200,아파트,LH광주전남,2020-11-27,,,,0,26,26.6,12.3077,19360000,121000,12000000
행복주택,전라남도,여수시,전라남도 여수시 관문1길 14,여수관문 행복주택,200,아파트,LH광주전남,2020-11-27,,,,0,26,26.65,12.2751,19360000,121000,12000000
행복주택,전라남도,여수시,전라남도 여수시 관문1길 14,여수관문 행복주택,200,아파트,LH광주전남,2020-11-27,,,,0,26,26.83,12.1576,19360000,121000,12000000
행복주택,전라남도,여수시,전라남도 여수시 관문1길 14,여수관문 행복주택,200,아파트,LH광주전남,2020-11-27,,,,0,36,36.62,16.3475,26360000,164750,19000000
행복주택,전라남도,여수시,전라남도 여수시 관문1길 14,여수관문 행복주택,200,아파트,LH광주전남,2020-11-27,,,,0,36,36.66,16.3214,26360000,164750,19000000
행복주택,전라남도,여수시,전라남도 여수시 관문1길 14,여수관문 행복주택,200,아파트,LH광주전남,2020-11-27,,,,0,36,36.81,16.2235,26360000,164750,19000000
행복주택,전라남도,여수시,전라남도 여수시 관문1길 14,여수관문 행복주택,200,아파트,LH광주전남,2020-11-27,,,,0,36,36.85,16.1973,26360000,164750,19000000
행복주택,전라남도,여수시,전라남도 여수시 관문1길 14,여수관문 행복주택,200,아파트,LH광주전남,2020-11-27,,,,0,36,36.88,16.1778,26360000,164750,19000000
행복주택,전라남도,여수시,전라남도 여수시 관문1길 14,여수관문 행복주택,200,아파트,LH광주전남,2020-11-27,,,,0,36,36.97,16.119,26360000,164750,19000000
행복주택,전라남도,여수시,전라남도 여수시 서교8길 14,여수서교,200,아파트,LH광주전남,2021-09-07,복도식,,전체동 설치,162,16,16.73,11.0286,14400000,87600,3000000
행복주택,전라남도,여수시,전라남도 여수시 서교8길 14,여수서교,200,아파트,LH광주전남,2021-09-07,복도식,,전체동 설치,162,26,26.53,17.4889,20400000,124100,10000000
행복주택,전라남도,여수시,전라남도 여수시 서교8길 14,여수서교,200,아파트,LH광주전남,2021-09-07,복도식,,전체동 설치,162,26,26.95,17.7658,20800000,126530,11000000
행복주택,전라남도,여수시,전라남도 여수시 서교8길 14,여수서교,200,아파트,LH광주전남,2021-09-07,복도식,,전체동 설치,162,36,36.26,23.9031,28000000,170330,18000000
행복주택,전라남도,여수시,전라남도 여수시 서교8길 14,여수서교,200,아파트,LH광주전남,2021-09-07,복도식,,전체동 설치,162,36,36.3,23.9294,28000000,170330,20000000
행복주택,전라남도,여수시,전라남도 여수시 서교8길 14,여수서교,200,아파트,LH광주전남,2021-09-07,복도식,,전체동 설치,162,44,44.62,29.4141,34000000,206830,24000000
행복주택,전라남도,여수시,전라남도 여수시 서교8길 14,여수서교,200,아파트,LH광주전남,2021-09-07,복도식,,전체동 설치,162,44,44.69,29.4602,34000000,206830,24000000
행복주택,전라남도,여수시,전라남도 여수시 이순신광장로 260,여수수정,200,아파트,LH광주전남,2018-09-07,,,,0,16,16.97,7.5836,15120000,89460,5000000
행복주택,전라남도,여수시,전라남도 여수시 이순신광장로 260,여수수정,200,아파트,LH광주전남,2018-09-07,,,,0,26,26.72,11.2708,22600000,133710,14000000
행복주택,전라남도,여수시,전라남도 여수시 이순신광장로 260,여수수정,200,아파트,LH광주전남,2018-09-07,,,,0,36,36.78,14.9749,30160000,178440,21000000
행복주택,전라남도,나주시,전라남도 나주시 이창택지길 37-7,나주이창 LH1단지,150,아파트,LH광주전남,2022-06-30,혼합식,,전체동 설치,101,21,21.77,11.224,14800000,92500,5000000
행복주택,전라남도,나주시,전라남도 나주시 이창택지길 37-7,나주이창 LH1단지,150,아파트,LH광주전남,2022-06-30,혼합식,,전체동 설치,101,26,26.8,13.8174,16800000,105000,5000000
행복주택,전라남도,나주시,전라남도 나주시 이창택지길 37-7,나주이창 LH1단지,150,아파트,LH광주전남,2022-06-30,혼합식,,전체동 설치,101,36,36.54,18.8391,23200000,145000,14000000
행복주택,전라남도,나주시,전라남도 나주시 이창택지길 37-7,나주이창 LH1단지,150,아파트,LH광주전남,2022-06-30,혼합식,,전체동 설치,101,44,44.93,23.1647,28800000,180000,18000000
행복주택,전라남도,광양시,전라남도 광양시 눈소10길 49,광양와우,430,아파트,LH광주전남,2021-05-05,,,,0,19,19.32,9.3612,13880000,80960,4000000
행복주택,전라남도,광양시,전라남도 광양시 눈소10길 49,광양와우,430,아파트,LH광주전남,2021-05-05,,,,0,19,19.39,9.3951,13880000,80960,4000000
행복주택,전라남도,광양시,전라남도 광양시 눈소10길 49,광양와우,430,아파트,LH광주전남,2021-05-05,,,,0,26,26.8,12.9856,17720000,103360,8000000
행복주택,전라남도,광양시,전라남도 광양시 눈소10길 49,광양와우,430,아파트,LH광주전남,2021-05-05,,,,0,36,36.72,17.7922,24320000,141860,16000000
행복주택,전라남도,광양시,전라남도 광양시 눈소10길 49,광양와우,430,아파트,LH광주전남,2021-05-05,,,,0,36,36.8,17.8309,24360000,142100,16000000
행복주택,전라남도,강진군,전라남도 강진군 강진읍 동성로 34-13,강진동성,40,아파트,LH광주전남,2022-09-30,,,,0,16,16.62,10.3332,9800000,63700,0
행복주택,전라남도,강진군,전라남도 강진군 강진읍 동성로 34-13,강진동성,40,아파트,LH광주전남,2022-09-30,,,,0,36,36.93,21.4489,20920000,135980,15000000
행복주택,전라남도,영암군,전라남도 영암군 삼호읍 대불주거6로 62,영암용앙3(행복),250,아파트,LH광주전남,2019-09-30,,,,0,21,21.23,11.0932,9520000,71400,2000000
행복주택,전라남도,영암군,전라남도 영암군 삼호읍 대불주거6로 62,영암용앙3(행복),250,아파트,LH광주전남,2019-09-30,,,,0,21,21.28,11.1193,9560000,71700,2000000
행복주택,전라남도,영암군,전라남도 영암군 삼호읍 대불주거6로 62,영암용앙3(행복),250,아파트,LH광주전남,2019-09-30,,,,0,26,26.39,13.7894,11960000,89700,5000000
행복주택,전라남도,영암군,전라남도 영암군 삼호읍 대불주거6로 62,영암용앙3(행복),250,아파트,LH광주전남,2019-09-30,,,,0,26,26.56,13.8783,12040000,90300,6000000
행복주택,전라남도,영암군,전라남도 영암군 삼호읍 대불주거6로 62,영암용앙3(행복),250,아파트,LH광주전남,2019-09-30,,,,0,36,36.27,18.952,16640000,124800,12000000
행복주택,전라남도,영암군,전라남도 영암군 영암읍 잠곡동2길 31-17,영암남풍,30,아파트,LH광주전남,2022-10-31,복도식,,,0,16,16.62,9.4843,10304000,70410,2000000
행복주택,전라남도,영암군,전라남도 영암군 영암읍 잠곡동2길 31-17,영암남풍,30,아파트,LH광주전남,2022-10-31,복도식,,,0,36,36.93,19.5626,21052000,143850,16000000
행복주택,전라남도,영암군,전라남도 영암군 학산면 영산로 49-4,영암학산,18,아파트,LH광주전남,2023-06-01,,,,0,16,16.9,9.267,9780000,66010,0
행복주택,전라남도,영암군,전라남도 영암군 학산면 영산로 49-4,영암학산,18,아파트,LH광주전남,2023-06-01,,,,0,36,36.85,20.2064,19780000,133510,9000000
행복주택,전라남도,영암군,전라남도 영암군 학산면 영산로 49-4,영암학산,18,아파트,LH광주전남,2023-06-01,,,,0,44,44.55,24.4287,23660000,159700,13000000
행복주택,전라남도,장성군,전라남도 장성군 삼계면 영장로 1589,장성삼계LH1단지,30,아파트,LH광주전남,2020-09-30,계단식,개별가스난방,,107,16,16.98,8.0895,9480000,55300,0
행복주택,전라남도,장성군,전라남도 장성군 삼계면 영장로 1589,장성삼계LH1단지,30,아파트,LH광주전남,2020-09-30,계단식,개별가스난방,,107,36,36.65,17.4607,19480000,113630,9000000
행복주택,경상북도,포항시 남구,경상북도 포항시 남구 동해면 블루동로2길 25,포항블루밸리 행복주택,420,아파트,LH대구경북,2021-11-15,,,전체동 설치,0,21,21.83,11.4806,14800000,80160,3000000
행복주택,경상북도,포항시 남구,경상북도 포항시 남구 동해면 블루동로2길 25,포항블루밸리 행복주택,420,아파트,LH대구경북,2021-11-15,,,전체동 설치,0,26,26.58,13.9787,17600000,95330,6000000
행복주택,경상북도,포항시 남구,경상북도 포항시 남구 동해면 블루동로2길 25,포항블루밸리 행복주택,420,아파트,LH대구경북,2021-11-15,,,전체동 설치,0,36,36.7,19.3009,24400000,132160,12000000
행복주택,경상북도,포항시 남구,경상북도 포항시 남구 청림로58번길 66,포항일월 행복주택,460,아파트,LH대구경북,2022-08-29,,,,0,26,26.92,13.334,22400000,121330,10000000
행복주택,경상북도,포항시 남구,경상북도 포항시 남구 청림로58번길 66,포항일월 행복주택,460,아파트,LH대구경북,2022-08-29,,,,0,36,36.92,18.2872,30800000,166830,17000000
행복주택,경상북도,포항시 남구,경상북도 포항시 남구 청림로58번길 66,포항일월 행복주택,460,아파트,LH대구경북,2022-08-29,,,,0,44,44.68,22.1309,37600000,203660,20000000
행복주택,경상북도,포항시 북구,경상북도 포항시 북구 동빈로 77-9,포항중앙 행복주택,120,아파트,LH대구경북,2022-12-01,,,,0,16,16.9,10.2561,16800000,79800,3000000
행복주택,경상북도,포항시 북구,경상북도 포항시 북구 동빈로 77-9,포항중앙 행복주택,120,아파트,LH대구경북,2022-12-01,,,,0,26,26.86,16.3006,25400000,133000,12000000
행복주택,경상북도,포항시 북구,경상북도 포항시 북구 동빈로 77-9,포항중앙 행복주택,120,아파트,LH대구경북,2022-12-01,,,,0,44,44.94,27.2729,42400000,233300,23000000
행복주택,경상북도,김천시,경상북도 김천시 물망골길 71,김천삼락 1블록 행복주택,410,아파트,LH대구경북,2018-10-31,복도식,,전체동 설치,287,16,16.87,9.6547,11600000,67660,1000000
행복주택,경상북도,김천시,경상북도 김천시 물망골길 71,김천삼락 1블록 행복주택,410,아파트,LH대구경북,2018-10-31,복도식,,전체동 설치,287,26,26.95,14.5615,17200000,100330,7000000
행복주택,경상북도,김천시,경상북도 김천시 물망골길 71,김천삼락 1블록 행복주택,410,아파트,LH대구경북,2018-10-31,복도식,,전체동 설치,287,36,36.63,19.2757,23200000,135330,14000000
행복주택,경상북도,김천시,경상북도 김천시 평화길 134,김천평화 행복주택,99,아파트,LH대구경북,2021-11-03,,,,0,22,22.69,15.8873,16800000,91000,5000000
행복주택,경상북도,김천시,경상북도 김천시 평화길 134,김천평화 행복주택,99,아파트,LH대구경북,2021-11-03,,,,0,25,25.71,18.0018,18800000,101830,7000000
행복주택,경상북도,김천시,경상북도 김천시 평화길 134,김천평화 행복주택,99,아파트,LH대구경북,2021-11-03,,,,0,27,27.01,18.9121,19200000,104000,7000000
행복주택,경상북도,김천시,경상북도 김천시 평화길 134,김천평화 행복주택,99,아파트,LH대구경북,2021-11-03,,,,0,44,44.23,30.9694,31600000,171160,17000000
행복주택,경상북도,안동시,경상북도 안동시 축제장1길 77,안동운흥 A2블록 행복주택,200,아파트,LH대구경북,2020-10-02,,,,0,16,16.72,7.5346,14800000,77700,3000000
행복주택,경상북도,안동시,경상북도 안동시 축제장1길 77,안동운흥 A2블록 행복주택,200,아파트,LH대구경북,2020-10-02,,,,0,26,26.58,11.9779,22800000,119700,10000000
행복주택,경상북도,안동시,경상북도 안동시 축제장1길 77,안동운흥 A2블록 행복주택,200,아파트,LH대구경북,2020-10-02,,,,0,36,36.75,16.5609,31600000,163800,16000000
행복주택,경상북도,문경시,경상북도 문경시 호서로 175,문경흥덕 행복주택,200,아파트,LH대구경북,2021-12-01,,,,0,21,21.94,10.54,18000000,100500,6000000
행복주택,경상북도,문경시,경상북도 문경시 호서로 175,문경흥덕 행복주택,200,아파트,LH대구경북,2021-12-01,,,,0,26,26.93,12.9372,20800000,116130,9000000
행복주택,경상북도,문경시,경상북도 문경시 호서로 175,문경흥덕 행복주택,200,아파트,LH대구경북,2021-12-01,,,,0,36,36.67,17.6163,28000000,156330,16000000
행복주택,경상북도,문경시,경상북도 문경시 호서로 175,문경흥덕 행복주택,200,아파트,LH대구경북,2021-12-01,,,,0,44,44.91,21.5748,34400000,192060,19000000
행복주택,경상북도,경산시,경상북도 경산시 하양읍 서사도리4로 12,경산하양 A3블록 행복주택,765,아파트,LH대구경북,2022-01-16,,,,0,25,25.01,13.4941,27200000,124660,12000000
행복주택,경상북도,경산시,경상북도 경산시 하양읍 서사도리4로 12,경산하양 A3블록 행복주택,765,아파트,LH대구경북,2022-01-16,,,,0,25,25.35,13.6776,27200000,124660,12000000
행복주택,경상북도,경산시,경상북도 경산시 하양읍 서사도리4로 12,경산하양 A3블록 행복주택,765,아파트,LH대구경북,2022-01-16,,,,0,25,25.91,13.9797,27200000,124660,12000000
행복주택,경상북도,경산시,경상북도 경산시 하양읍 서사도리4로 12,경산하양 A3블록 행복주택,765,아파트,LH대구경북,2022-01-16,,,,0,26,26.01,14.0337,27200000,124660,12000000
행복주택,경상북도,경산시,경상북도 경산시 하양읍 서사도리4로 12,경산하양 A3블록 행복주택,765,아파트,LH대구경북,2022-01-16,,,,0,36,36.29,19.5803,38000000,174160,20000000
행복주택,경상북도,영양군,경상북도 영양군 영양읍 동서대로 34,영양서부 1블록,42,아파트,LH대구경북,2022-03-03,복도식,,,0,16,16.9,8.3516,10800000,60300,0
행복주택,경상북도,영양군,경상북도 영양군 영양읍 동서대로 34,영양서부 1블록,42,아파트,LH대구경북,2022-03-03,복도식,,,0,36,36.5,18.0374,22000000,122830,10000000
행복주택,경상북도,예천군,경상북도 예천군 호명면 행복로 111,경북도청이전신도시 행복주택,500,아파트,LH대구경북,2022-04-30,,,,0,21,21.88,11.4075,18800000,92430,5000000
행복주택,경상북도,예천군,경상북도 예천군 호명면 행복로 111,경북도청이전신도시 행복주택,500,아파트,LH대구경북,2022-04-30,,,,0,26,26.81,13.9779,22000000,108160,8000000
행복주택,경상북도,예천군,경상북도 예천군 호명면 행복로 111,경북도청이전신도시 행복주택,500,아파트,LH대구경북,2022-04-30,,,,0,36,36.59,19.0769,30400000,147500,15000000
행복주택,경상북도,봉화군,경상북도 봉화군 봉화읍 솔안4길 15,봉화해저 행복주택,90,아파트,LH대구경북,2021-08-24,복도식,,,0,16,16.65,9.2745,7600000,54460,0
행복주택,경상북도,봉화군,경상북도 봉화군 봉화읍 솔안4길 15,봉화해저 행복주택,90,아파트,LH대구경북,2021-08-24,복도식,,,0,27,27.08,15.0844,11600000,83130,3000000
행복주택,경상북도,봉화군,경상북도 봉화군 봉화읍 솔안4길 15,봉화해저 행복주택,90,아파트,LH대구경북,2021-08-24,복도식,,,0,37,37.04,20.6324,15600000,111800,8000000
행복주택,경상남도,창원시 의창구,경상남도 창원시 의창구 소계로 13,창원반계(창업지원주택),316,아파트,LH경남,2021-01-31,,,,0,25,25.7,13.5972,32200000,156970,16000000
행복주택,경상남도,창원시 의창구,경상남도 창원시 의창구 소계로 13,창원반계(창업지원주택),316,아파트,LH경남,2021-01-31,,,,0,25,25.76,13.5918,32200000,156970,16000000
행복주택,경상남도,창원시 의창구,경상남도 창원시 의창구 소계로 13,창원반계(창업지원주택),316,아파트,LH경남,2021-01-31,,,,0,44,44.69,22.3632,51160000,249400,25000000
행복주택,경상남도,창원시 마산합포구,경상남도 창원시 마산합포구 가포본동5길 37,창원가포1단지,250,아파트,LH경남,2020-09-30,복도식,,,0,16,16.94,7.956,13414000,62440,0
행복주택,경상남도,창원시 마산합포구,경상남도 창원시 마산합포구 가포본동5길 37,창원가포1단지,250,아파트,LH경남,2020-09-30,복도식,,,0,26,26.85,12.6103,20540000,95500,6000000
행복주택,경상남도,창원시 마산합포구,경상남도 창원시 마산합포구 가포본동5길 37,창원가포1단지,250,아파트,LH경남,2020-09-30,복도식,,,0,36,36.77,17.2693,27667000,131410,12000000
행복주택,경상남도,창원시 마산합포구,경상남도 창원시 마산합포구 노산북8길 58,창원노산 행복주택,20,아파트,LH경남,2019-05-16,복도식,,,14,16,16.8,11.0315,14520000,70800,1000000
행복주택,경상남도,창원시 마산합포구,경상남도 창원시 마산합포구 노산북8길 58,창원노산 행복주택,20,아파트,LH경남,2019-05-16,복도식,,,14,26,26.37,16.5899,21680000,105710,7000000
행복주택,경상남도,창원시 마산합포구,경상남도 창원시 마산합포구 노산북8길 58,창원노산 행복주택,20,아파트,LH경남,2019-05-16,복도식,,,14,36,36.64,22.3659,29800000,145570,14000000
행복주택,경상남도,창원시 진해구,경상남도 창원시 진해구 냉천로 125,창원석동 LH아파트,460,아파트,LH경남,2018-11-28,복도식,,,330,16,16.95,9.2203,18880000,90460,5000000
행복주택,경상남도,창원시 진해구,경상남도 창원시 진해구 냉천로 125,창원석동 LH아파트,460,아파트,LH경남,2018-11-28,복도식,,,330,26,26.79,14.573,28440000,136270,13000000
행복주택,경상남도,창원시 진해구,경상남도 창원시 진해구 냉천로 125,창원석동 LH아파트,460,아파트,LH경남,2018-11-28,복도식,,,330,26,26.9,14.6328,28440000,136270,13000000
행복주택,경상남도,창원시 진해구,경상남도 창원시 진해구 냉천로 125,창원석동 LH아파트,460,아파트,LH경남,2018-11-28,복도식,,,330,36,36.78,20.0072,38680000,185340,19000000
행복주택,경상남도,창원시 진해구,경상남도 창원시 진해구 냉천로 125,창원석동 LH아파트,460,아파트,LH경남,2018-11-28,복도식,,,330,36,36.97,20.1106,38680000,185340,22000000
행복주택,경상남도,진주시,경상남도 진주시 대밭골로 91,혁신도시 LH아파트 3단지,966,아파트,LH경남,2018-04-30,복도식,지역가스난방,전체동 설치,879,21,21.54,14.211,22560000,104150,7000000
행복주택,경상남도,진주시,경상남도 진주시 대밭골로 91,혁신도시 LH아파트 3단지,966,아파트,LH경남,2018-04-30,복도식,지역가스난방,전체동 설치,879,21,21.9,14.4485,23400000,108030,8000000
행복주택,경상남도,진주시,경상남도 진주시 대밭골로 91,혁신도시 LH아파트 3단지,966,아파트,LH경남,2018-04-30,복도식,지역가스난방,전체동 설치,879,26,26.27,17.3316,27480000,126860,11000000
행복주택,경상남도,진주시,경상남도 진주시 대밭골로 91,혁신도시 LH아파트 3단지,966,아파트,LH경남,2018-04-30,복도식,지역가스난방,전체동 설치,879,26,26.37,17.3976,27600000,127420,11000000
행복주택,경상남도,진주시,경상남도 진주시 대밭골로 91,혁신도시 LH아파트 3단지,966,아파트,LH경남,2018-04-30,복도식,지역가스난방,전체동 설치,879,36,36.78,24.2656,38480000,177640,18000000
행복주택,경상남도,진주시,경상남도 진주시 대밭골로 91,혁신도시 LH아파트 3단지,966,아파트,LH경남,2018-04-30,복도식,지역가스난방,전체동 설치,879,36,36.89,24.3382,38600000,178200,18000000
행복주택,경상남도,진주시,경상남도 진주시 문산읍 월아산로 1047-14,진주문산 LH아파트,210,아파트,LH경남,2018-08-25,복도식,,,112,16,16.71,8.9603,14240000,63960,0
행복주택,경상남도,진주시,경상남도 진주시 문산읍 월아산로 1047-14,진주문산 LH아파트,210,아파트,LH경남,2018-08-25,복도식,,,112,26,26.95,14.4513,21120000,97500,6000000
행복주택,경상남도,진주시,경상남도 진주시 문산읍 월아산로 1047-14,진주문산 LH아파트,210,아파트,LH경남,2018-08-25,복도식,,,112,36,36.99,19.835,29640000,133880,12000000
행복주택,경상남도,진주시,경상남도 진주시 진산로 20,진주옥봉 A1블록,500,아파트,LH경남,2021-06-22,복도식,,,321,16,16.75,7.5899,14800000,70170,1000000
행복주택,경상남도,진주시,경상남도 진주시 진산로 20,진주옥봉 A1블록,500,아파트,LH경남,2021-06-22,복도식,,,321,26,26.91,12.1937,24000000,113800,9000000
행복주택,경상남도,진주시,경상남도 진주시 진산로 20,진주옥봉 A1블록,500,아파트,LH경남,2021-06-22,복도식,,,321,36,36.25,16.426,33200000,157420,16000000
행복주택,경상남도,진주시,경상남도 진주시 진산로 20,진주옥봉 A1블록,500,아파트,LH경남,2021-06-22,복도식,,,321,44,44.9,20.3456,40800000,193460,19000000
행복주택,경상남도,통영시,경상남도 통영시 북신로 22,통영북신(해모로 오션힐)재개발 매입,73,아파트,LH경남,,,,,0,39,39.489,18.2641,33120000,189150,19000000
행복주택,경상남도,통영시,경상남도 통영시 북신로 22,통영북신(해모로 오션힐)재개발 매입,73,아파트,LH경남,,,,,0,39,39.495,18.6145,33120000,180490,18000000
행복주택,경상남도,김해시,경상남도 김해시 율하5로 14,김해율하2 LH3단지,1200,아파트,LH경남,2019-03-29,복도식,지역난방,,842,16,16.02,10.3837,13200000,67100,1000000
행복주택,경상남도,김해시,경상남도 김해시 율하5로 14,김해율하2 LH3단지,1200,아파트,LH경남,2019-03-29,복도식,지역난방,,842,16,16.27,10.5457,12800000,65060,0
행복주택,경상남도,김해시,경상남도 김해시 율하5로 14,김해율하2 LH3단지,1200,아파트,LH경남,2019-03-29,복도식,지역난방,,842,16,16.29,10.5587,13200000,67100,1000000
행복주택,경상남도,김해시,경상남도 김해시 율하5로 14,김해율하2 LH3단지,1200,아파트,LH경남,2019-03-29,복도식,지역난방,,842,26,26.17,16.9627,21200000,107760,8000000
행복주택,경상남도,김해시,경상남도 김해시 율하5로 14,김해율하2 LH3단지,1200,아파트,LH경남,2019-03-29,복도식,지역난방,,842,26,26.19,16.9756,21200000,107760,8000000
행복주택,경상남도,김해시,경상남도 김해시 율하5로 14,김해율하2 LH3단지,1200,아파트,LH경남,2019-03-29,복도식,지역난방,,842,36,36.03,23.3537,29200000,148430,15000000
행복주택,경상남도,김해시,경상남도 김해시 율하5로 14,김해율하2 LH3단지,1200,아파트,LH경남,2019-03-29,복도식,지역난방,,842,36,36.05,23.3666,29200000,148430,15000000
행복주택,경상남도,김해시,경상남도 김해시 진영읍 김해대로 464-48,김해진영 LH천년나무 2단지,480,아파트,LH경남,2017-10-30,복도식,,전체동 설치,339,16,16.69,9.5375,12800000,65060,0
행복주택,경상남도,김해시,경상남도 김해시 진영읍 김해대로 464-48,김해진영 LH천년나무 2단지,480,아파트,LH경남,2017-10-30,복도식,,전체동 설치,339,26,26.34,15.052,20800000,105730,8000000
행복주택,경상남도,김해시,경상남도 김해시 진영읍 김해대로 464-48,김해진영 LH천년나무 2단지,480,아파트,LH경남,2017-10-30,복도식,,전체동 설치,339,26,26.52,15.1549,20400000,103700,7000000
행복주택,경상남도,김해시,경상남도 김해시 진영읍 김해대로 464-48,김해진영 LH천년나무 2단지,480,아파트,LH경남,2017-10-30,복도식,,전체동 설치,339,36,36.31,20.7494,27600000,140300,14000000
행복주택,경상남도,김해시,경상남도 김해시 진영읍 김해대로 464-48,김해진영 LH천년나무 2단지,480,아파트,LH경남,2017-10-30,복도식,,전체동 설치,339,36,36.44,20.8237,27600000,140300,14000000
행복주택,경상남도,김해시,경상남도 김해시 진영읍 김해대로 464-48,김해진영 LH천년나무 2단지,480,아파트,LH경남,2017-10-30,복도식,,전체동 설치,339,44,44.16,25.2353,32400000,164700,18000000
행복주택,경상남도,김해시,경상남도 김해시 진영읍 김해대로 464-48,김해진영 LH천년나무 2단지,480,아파트,LH경남,2017-10-30,복도식,,전체동 설치,339,44,44.29,25.3096,32400000,164700,18000000
행복주택,경상남도,양산시,경상남도 양산시 동면 내송큰들로 84,양산사송 A-1블록(신혼희망타운),396,아파트,LH경남,2022-07-01,,,,0,55,55.81,21.5739,69200000,276800,33000000
행복주택,경상남도,양산시,경상남도 양산시 동면 내송큰들로 84,양산사송 A-1블록(신혼희망타운),396,아파트,LH경남,2022-07-01,,,,0,55,55.96,21.6319,69200000,276800,33000000
행복주택,경상남도,양산시,경상남도 양산시 동면 내송큰들로 94,양산사송 LH 1단지,200,아파트,LH경남,2022-06-25,복도식,지역난방,전체동 설치,0,16,16.37,9.3326,9720000,45520,0
행복주택,경상남도,양산시,경상남도 양산시 동면 내송큰들로 94,양산사송 LH 1단지,200,아파트,LH경남,2022-06-25,복도식,지역난방,전체동 설치,0,21,21.98,12.5309,14040000,65750,0
행복주택,경상남도,양산시,경상남도 양산시 동면 내송큰들로 94,양산사송 LH 1단지,200,아파트,LH경남,2022-06-25,복도식,지역난방,전체동 설치,0,26,26.07,14.8626,17860000,83640,4000000
행복주택,경상남도,양산시,경상남도 양산시 동면 내송큰들로 94,양산사송 LH 1단지,200,아파트,LH경남,2022-06-25,복도식,지역난방,전체동 설치,0,36,36.03,20.5409,27200000,127380,11000000
행복주택,경상남도,양산시,경상남도 양산시 동면 내송큰들로 94,양산사송 LH 1단지,200,아파트,LH경남,2022-06-25,복도식,지역난방,전체동 설치,0,36,36.2,20.6378,27200000,127380,11000000
행복주택,경상남도,양산시,경상남도 양산시 동면 외송로 49,양산사송 A-2블록(신혼희망타운),159,아파트,LH경남,2023-12-31,,,,0,55,55.91,21.627,58000000,248910,25000000
행복주택,경상남도,양산시,경상남도 양산시 동면 외송로 49,양산사송 A-2블록(신혼희망타운),159,아파트,LH경남,2023-12-31,,,,0,55,55.92,21.6308,58000000,248910,25000000
행복주택,경상남도,양산시,경상남도 양산시 동면 외송로 49,양산사송 A-2블록(신혼희망타운),159,아파트,LH경남,2023-12-31,,,,0,55,55.96,21.6463,58000000,248910,25000000
행복주택,경상남도,양산시,경상남도 양산시 물금읍 청운로 42,양산물금LH천년나무,900,아파트,LH경남,2018-04-17,복도식,지역난방,전체동 설치,633,17,17.23,10.4522,12000000,62100,0
행복주택,경상남도,양산시,경상남도 양산시 물금읍 청운로 42,양산물금LH천년나무,900,아파트,LH경남,2018-04-17,복도식,지역난방,전체동 설치,633,26,26.17,15.8754,19800000,102460,8000000
행복주택,경상남도,양산시,경상남도 양산시 물금읍 청운로 42,양산물금LH천년나무,900,아파트,LH경남,2018-04-17,복도식,지역난방,전체동 설치,633,36,36.94,22.4088,28200000,145930,17000000
행복주택,경상남도,양산시,경상남도 양산시 물금읍 청운로 42,양산물금LH천년나무,900,아파트,LH경남,2018-04-17,복도식,지역난방,전체동 설치,633,39,39.68,24.071,30200000,156280,18000000
행복주택,경상남도,양산시,경상남도 양산시 물금읍 청운로 42,양산물금LH천년나무,900,아파트,LH경남,2018-04-17,복도식,지역난방,전체동 설치,633,39,39.79,24.1377,30200000,156280,18000000
행복주택,경상남도,의령군,경상남도 의령군 의령읍 행복로 23,의령동동 5블록,196,아파트,LH경남,2019-11-05,복도식,,,138,16,16.64,10.2322,12000000,62200,0
행복주택,경상남도,의령군,경상남도 의령군 의령읍 행복로 23,의령동동 5블록,196,아파트,LH경남,2019-11-05,복도식,,,138,16,16.79,10.3244,11920000,61780,0
행복주택,경상남도,의령군,경상남도 의령군 의령읍 행복로 23,의령동동 5블록,196,아파트,LH경남,2019-11-05,복도식,,,138,26,26.11,16.0555,17480000,90600,5000000
행복주택,경상남도,의령군,경상남도 의령군 의령읍 행복로 23,의령동동 5블록,196,아파트,LH경남,2019-11-05,복도식,,,138,26,26.15,16.0801,17480000,90600,5000000
행복주택,경상남도,의령군,경상남도 의령군 의령읍 행복로 23,의령동동 5블록,196,아파트,LH경남,2019-11-05,복도식,,,138,36,36.08,22.1862,25000000,129580,11000000
행복주택,경상남도,의령군,경상남도 의령군 의령읍 행복로 23,의령동동 5블록,196,아파트,LH경남,2019-11-05,복도식,,,138,36,36.55,22.4752,25320000,131240,12000000
행복주택,경상남도,고성군,경상남도 고성군 고성읍 남포로79번길 48,고성남외 행복마을 1단지,20,아파트,LH경남,2023-04-21,,,,0,16,16.9,10.9712,10800000,53100,0
행복주택,경상남도,고성군,경상남도 고성군 고성읍 남포로79번길 48,고성남외 행복마을 1단지,20,아파트,LH경남,2023-04-21,,,,0,36,36.95,22.279,25200000,123900,10000000
행복주택,경상남도,고성군,경상남도 고성군 고성읍 송학로 51,고성서외 A블록,200,아파트,LH경남,2020-11-30,복도식,,,0,16,16.78,7.0975,11520000,57400,0
행복주택,경상남도,고성군,경상남도 고성군 고성읍 송학로 51,고성서외 A블록,200,아파트,LH경남,2020-11-30,복도식,,,0,26,26.78,11.3272,18040000,89890,5000000
행복주택,경상남도,고성군,경상남도 고성군 고성읍 송학로 51,고성서외 A블록,200,아파트,LH경남,2020-11-30,복도식,,,0,36,36.98,15.6416,25440000,126770,11000000
행복주택,경상남도,하동군,경상남도 하동군 하동읍 굴다리2길 23,하동광평,20,아파트,LH경남,2022-10-16,복도식,,,0,16,16.9,9.1117,11160000,55890,0
행복주택,경상남도,하동군,경상남도 하동군 하동읍 굴다리2길 23,하동광평,20,아파트,LH경남,2022-10-16,복도식,,,0,36,36.97,19.9327,26400000,132220,12000000
행복주택,경상남도,산청군,경상남도 산청군 산청읍 꽃봉산로 39,산청옥산 1블록,30,아파트,LH경남,2022-09-01,복도식,,전체동 설치,0,16,16.91,8.1286,10640000,50540,0
행복주택,경상남도,산청군,경상남도 산청군 산청읍 꽃봉산로 39,산청옥산 1블록,30,아파트,LH경남,2022-09-01,복도식,,전체동 설치,0,36,36.5,17.5456,23200000,110200,8000000
행복주택,제주특별자치도,제주시,제주특별자치도 제주시 남중서1길 24,마음에온삼도이동,21,연립주택,제주특별자치도개발공사,2021-04-16,혼합식,개별난방,전체동 설치,10,A,24.991,29.715,27820000,115910,13000000
행복주택,제주특별자치도,제주시,제주특별자치도 제주시 남중서1길 24,마음에온삼도이동,21,연립주택,제주특별자치도개발공사,2021-04-16,혼합식,개별난방,전체동 설치,10,A-1,24.99,29.7,21964000,91510,10000000
행복주택,제주특별자치도,제주시,제주특별자치도 제주시 남중서1길 24,마음에온삼도이동,21,연립주택,제주특별자치도개발공사,2021-04-16,혼합식,개별난방,전체동 설치,10,B,26.368,31.01,23173000,96550,11000000
행복주택,제주특별자치도,제주시,제주특별자치도 제주시 남중서1길 24,마음에온삼도이동,21,연립주택,제주특별자치도개발공사,2021-04-16,혼합식,개별난방,전체동 설치,10,C,22.03,25.621,23975000,99890,11000000
행복주택,제주특별자치도,제주시,제주특별자치도 제주시 남중서1길 24,마음에온삼도이동,21,연립주택,제주특별자치도개발공사,2021-04-16,혼합식,개별난방,전체동 설치,10,C ,22.03,25.621,23975000,99890,11000000
행복주택,제주특별자치도,제주시,제주특별자치도 제주시 남중서1길 24,마음에온삼도이동,21,연립주택,제주특별자치도개발공사,2021-04-16,혼합식,개별난방,전체동 설치,10,C ,22.034,25.616,23975000,99890,11000000
행복주택,제주특별자치도,제주시,제주특별자치도 제주시 남중서1길 24,마음에온삼도이동,21,연립주택,제주특별자치도개발공사,2021-04-16,혼합식,개별난방,전체동 설치,10,C-1,21.133,25.513,22981000,95750,10000000
행복주택,제주특별자치도,제주시,제주특별자치도 제주시 남중서1길 24,마음에온삼도이동,21,연립주택,제주특별자치도개발공사,2021-04-16,혼합식,개별난방,전체동 설치,10,C-2,21.197,25.513,23051000,96040,11000000
행복주택,제주특별자치도,제주시,제주특별자치도 제주시 남중서1길 24,마음에온삼도이동,21,연립주택,제주특별자치도개발공사,2021-04-16,혼합식,개별난방,전체동 설치,10,D,21.439,25.28,23314000,97140,11000000
행복주택,제주특별자치도,제주시,제주특별자치도 제주시 남중서1길 24,마음에온삼도이동,21,연립주택,제주특별자치도개발공사,2021-04-16,혼합식,개별난방,전체동 설치,10,E ,42.252,47.918,52595000,219140,26000000
행복주택,제주특별자치도,제주시,제주특별자치도 제주시 남중서1길 24,마음에온삼도이동,21,연립주택,제주특별자치도개발공사,2021-04-16,혼합식,개별난방,전체동 설치,10,E-1,41.572,47.882,51748000,215610,25000000
행복주택,제주특별자치도,제주시,제주특별자치도 제주시 남중서1길 24,마음에온삼도이동,21,연립주택,제주특별자치도개발공사,2021-04-16,혼합식,개별난방,전체동 설치,10,F,42.13,48.329,52443000,218510,26000000
행복주택,제주특별자치도,제주시,제주특별자치도 제주시 번영로 528,제주봉개LH아파트,280,아파트,LH제주,2018-07-08,복도식,,,391,16,16.8,7.1327,18400000,78200,3000000
행복주택,제주특별자치도,제주시,제주특별자치도 제주시 번영로 528,제주봉개LH아파트,280,아파트,LH제주,2018-07-08,복도식,,,391,26,26.53,11.2638,28000000,119000,10000000
행복주택,제주특별자치도,제주시,제주특별자치도 제주시 번영로 528,제주봉개LH아파트,280,아파트,LH제주,2018-07-08,복도식,,,391,36,36.78,15.6156,38800000,164900,16000000
행복주택,제주특별자치도,제주시,제주특별자치도 제주시 연북로 628,마음에온아라,39,연립주택,제주특별자치도개발공사,2018-09-21,복도식,개별난방,전체동 설치,29,27A,27.3735,18.6011,29106000,121270,14000000
행복주택,제주특별자치도,제주시,제주특별자치도 제주시 연북로 628,마음에온아라,39,연립주택,제주특별자치도개발공사,2018-09-21,복도식,개별난방,전체동 설치,29,28A,28.181,18.8471,31416000,134820,15000000
행복주택,제주특별자치도,제주시,제주특별자치도 제주시 연북로 628,마음에온아라,39,연립주택,제주특별자치도개발공사,2018-09-21,복도식,개별난방,전체동 설치,29,28B,28.181,18.9283,28140000,117010,14000000
행복주택,제주특별자치도,제주시,제주특별자치도 제주시 연북로 628,마음에온아라,39,연립주택,제주특별자치도개발공사,2018-09-21,복도식,개별난방,전체동 설치,29,29A,29.7754,20.2179,33000000,141620,16000000
행복주택,제주특별자치도,제주시,제주특별자치도 제주시 연북로 628,마음에온아라,39,연립주택,제주특별자치도개발공사,2018-09-21,복도식,개별난방,전체동 설치,29,40A,40.4881,26.5967,50040000,208500,25000000
행복주택,제주특별자치도,제주시,제주특별자치도 제주시 연북로 628,마음에온아라,39,연립주택,제주특별자치도개발공사,2018-09-21,복도식,개별난방,전체동 설치,29,40B,40.4881,26.6619,40500000,168410,20000000
행복주택,제주특별자치도,제주시,제주특별자치도 제주시 임항로 77,마음에온건입,144,아파트,제주특별자치도개발공사,2022-04-14,혼합식,개별난방,전체동 설치,107,고령자,30.03,53.703,39520000,194300,0
행복주택,제주특별자치도,제주시,제주특별자치도 제주시 임항로 77,마음에온건입,144,아파트,제주특별자치도개발공사,2022-04-14,혼합식,개별난방,전체동 설치,107,신혼부부,36.79,65.093,50000000,245830,0
행복주택,제주특별자치도,제주시,제주특별자치도 제주시 임항로 77,마음에온건입,144,아파트,제주특별자치도개발공사,2022-04-14,혼합식,개별난방,전체동 설치,107,주거급여,30.03,53.703,31200000,153400,0
행복주택,제주특별자치도,제주시,제주특별자치도 제주시 임항로 77,마음에온건입,144,아파트,제주특별자치도개발공사,2022-04-14,혼합식,개별난방,전체동 설치,107,청년,17.55,32.115,30240000,148680,0
행복주택,제주특별자치도,제주시,제주특별자치도 제주시 조천읍 조함해안로 642,마음에온함덕,48,연립주택,제주특별자치도개발공사,2019-02-19,복도식,개별난방,전체동 설치,49,A,25.667,48.35,23341000,99200,11000000
행복주택,제주특별자치도,제주시,제주특별자치도 제주시 조천읍 조함해안로 642,마음에온함덕,48,연립주택,제주특별자치도개발공사,2019-02-19,복도식,개별난방,전체동 설치,49,A1,24.792,48.017,22708000,96510,11000000
행복주택,제주특별자치도,제주시,제주특별자치도 제주시 조천읍 조함해안로 642,마음에온함덕,48,연립주택,제주특별자치도개발공사,2019-02-19,복도식,개별난방,전체동 설치,49,A1,41.323,76.884,22708000,96510,11000000
행복주택,제주특별자치도,제주시,제주특별자치도 제주시 조천읍 조함해안로 642,마음에온함덕,48,연립주택,제주특별자치도개발공사,2019-02-19,복도식,개별난방,전체동 설치,49,AS,25.667,48.35,29565000,125650,14000000
행복주택,제주특별자치도,제주시,제주특별자치도 제주시 조천읍 조함해안로 642,마음에온함덕,48,연립주택,제주특별자치도개발공사,2019-02-19,복도식,개별난방,전체동 설치,49,AS1,24.792,48.017,28764000,122240,14000000
행복주택,제주특별자치도,제주시,제주특별자치도 제주시 조천읍 조함해안로 642,마음에온함덕,48,연립주택,제주특별자치도개발공사,2019-02-19,복도식,개별난방,전체동 설치,49,AS1,24.971,48.085,47600000,202300,23000000
행복주택,제주특별자치도,제주시,제주특별자치도 제주시 조천읍 조함해안로 642,마음에온함덕,48,연립주택,제주특별자치도개발공사,2019-02-19,복도식,개별난방,전체동 설치,49,B,24.971,48.085,37578000,159710,18000000
행복주택,제주특별자치도,제주시,제주특별자치도 제주시 조천읍 조함해안로 642,마음에온함덕,48,연립주택,제주특별자치도개발공사,2019-02-19,복도식,개별난방,전체동 설치,49,B,41.323,76.884,37578000,159710,18000000
행복주택,제주특별자치도,제주시,제주특별자치도 제주시 조천읍 조함해안로 642,마음에온함덕,48,연립주택,제주특별자치도개발공사,2019-02-19,복도식,개별난방,전체동 설치,49,BS,41.323,76.884,47600000,202300,23000000
행복주택,제주특별자치도,제주시,제주특별자치도 제주시 조천읍 조함해안로 642,마음에온함덕,48,연립주택,제주특별자치도개발공사,2019-02-19,복도식,개별난방,전체동 설치,49,C,20.071,38.211,23055000,97980,11000000
행복주택,제주특별자치도,제주시,제주특별자치도 제주시 조천읍 조함해안로 642,마음에온함덕,48,연립주택,제주특별자치도개발공사,2019-02-19,복도식,개별난방,전체동 설치,49,C1,20.071,38.211,23055000,97980,11000000
행복주택,제주특별자치도,제주시,제주특별자치도 제주시 조천읍 조함해안로 642,마음에온함덕,48,연립주택,제주특별자치도개발공사,2019-02-19,복도식,개별난방,전체동 설치,49,C2,19.533,38.006,22437000,95360,11000000
행복주택,제주특별자치도,제주시,제주특별자치도 제주시 조천읍 조함해안로 642,마음에온함덕,48,연립주택,제주특별자치도개발공사,2019-02-19,복도식,개별난방,전체동 설치,49,D,25.377,48.24,26235000,111500,13000000
행복주택,제주특별자치도,제주시,제주특별자치도 제주시 조천읍 조함해안로 642,마음에온함덕,48,연립주택,제주특별자치도개발공사,2019-02-19,복도식,개별난방,전체동 설치,49,D1,24.792,48.017,25630000,108930,12000000
행복주택,제주특별자치도,제주시,제주특별자치도 제주시 조천읍 조함해안로 642,마음에온함덕,48,연립주택,제주특별자치도개발공사,2019-02-19,복도식,개별난방,전체동 설치,49,D2,24.693,48.352,25528000,108490,12000000
행복주택,제주특별자치도,제주시,제주특별자치도 제주시 조천읍 조함해안로 642,마음에온함덕,48,연립주택,제주특별자치도개발공사,2019-02-19,복도식,개별난방,전체동 설치,49,E,25.671,48.352,29488000,125320,14000000
행복주택,제주특별자치도,제주시,제주특별자치도 제주시 조천읍 조함해안로 642,마음에온함덕,48,연립주택,제주특별자치도개발공사,2019-02-19,복도식,개별난방,전체동 설치,49,E1,24.98,20.645,28694000,121950,14000000
행복주택,제주특별자치도,제주시,제주특별자치도 제주시 조천읍 조함해안로 642,마음에온함덕,48,연립주택,제주특별자치도개발공사,2019-02-19,복도식,개별난방,전체동 설치,49,F,38.564,72.196,49220000,209180,24000000
행복주택,제주특별자치도,제주시,제주특별자치도 제주시 조천읍 조함해안로 642,마음에온함덕,48,연립주택,제주특별자치도개발공사,2019-02-19,복도식,개별난방,전체동 설치,49,F1,37.914,71.948,48391000,205660,24000000
행복주택,제주특별자치도,제주시,제주특별자치도 제주시 조천읍 조함해안로 642,마음에온함덕,48,연립주택,제주특별자치도개발공사,2019-02-19,복도식,개별난방,전체동 설치,49,G,39.112,73.219,44928000,190940,22000000
행복주택,제주특별자치도,제주시,제주특별자치도 제주시 첨단로동길 10,JDC 제주첨단 행복주택,402,아파트,제주국제자유도시개발센터,2020-07-22,복도식,개별가스난방,전체동 설치,342,16,16.7314,25.8875,13248000,52000,0
행복주택,제주특별자치도,제주시,제주특별자치도 제주시 첨단로동길 10,JDC 제주첨단 행복주택,402,아파트,제주국제자유도시개발센터,2020-07-22,복도식,개별가스난방,전체동 설치,342,26,26.9554,41.7065,23840000,95000,6000000
행복주택,제주특별자치도,제주시,제주특별자치도 제주시 첨단로동길 10,JDC 제주첨단 행복주택,402,아파트,제주국제자유도시개발센터,2020-07-22,복도식,개별가스난방,전체동 설치,342,43,43.962,68.0202,39960000,159000,17000000
행복주택,제주특별자치도,제주시,제주특별자치도 제주시 충효4길 9,마음에온삼도일동,26,연립주택,제주특별자치도개발공사,2019-02-18,복도식,개별난방,전체동 설치,11,21A,21.5369,15.6838,23155000,98400,11000000
행복주택,제주특별자치도,제주시,제주특별자치도 제주시 충효4길 9,마음에온삼도일동,26,연립주택,제주특별자치도개발공사,2019-02-18,복도식,개별난방,전체동 설치,11,21AS,21.5369,15.6838,24585000,104480,12000000
행복주택,제주특별자치도,제주시,제주특별자치도 제주시 충효4길 9,마음에온삼도일동,26,연립주택,제주특별자치도개발공사,2019-02-18,복도식,개별난방,전체동 설치,11,21B,21.214,15.711,22123000,94020,11000000
행복주택,제주특별자치도,제주시,제주특별자치도 제주시 충효4길 9,마음에온삼도일동,26,연립주택,제주특별자치도개발공사,2019-02-18,복도식,개별난방,전체동 설치,11,27A,27.5147,19.5639,28189000,119800,14000000
행복주택,제주특별자치도,제주시,제주특별자치도 제주시 충효4길 9,마음에온삼도일동,26,연립주택,제주특별자치도개발공사,2019-02-18,복도식,개별난방,전체동 설치,11,27B,27.8117,20.3317,32609000,138590,16000000
행복주택,제주특별자치도,제주시,제주특별자치도 제주시 충효4길 9,마음에온삼도일동,26,연립주택,제주특별자치도개발공사,2019-02-18,복도식,개별난방,전체동 설치,11,36A,36.0567,25.5946,46974000,199640,23000000
행복주택,제주특별자치도,제주시,제주특별자치도 제주시 충효4길 9,마음에온삼도일동,26,연립주택,제주특별자치도개발공사,2019-02-18,복도식,개별난방,전체동 설치,11,36B,36.0869,26.4718,44923000,190920,22000000
행복주택,제주특별자치도,제주시,제주특별자치도 제주시 충효4길 9,마음에온삼도일동,26,연립주택,제주특별자치도개발공사,2019-02-18,복도식,개별난방,전체동 설치,11,36C,36.6149,26.8558,44275000,188170,22000000
행복주택,제주특별자치도,제주시,제주특별자치도 제주시 탑동로13길 27,제주삼도이동1단지,54,아파트,LH제주,2022-11-21,,,,0,26,26.94,13.2565,36000000,165000,16000000
행복주택,제주특별자치도,제주시,제주특별자치도 제주시 탑동로13길 27,제주삼도이동1단지,54,아파트,LH제주,2022-11-21,,,,0,36,36.95,18.1822,50800000,232830,23000000
행복주택,제주특별자치도,제주시,제주특별자치도 제주시 탑동로13길 40,제주삼도이동2단지,34,아파트,LH제주,2022-11-21,,,,0,26,26.15,18.0294,36000000,165000,16000000
행복주택,제주특별자치도,제주시,제주특별자치도 제주시 한림읍 한림상로 142-5,마음에온한림,16,연립주택,제주특별자치도개발공사,2019-09-05,복도식,개별난방,전체동 설치,14,A,40.43,19.15,39094000,172660,19000000
행복주택,제주특별자치도,제주시,제주특별자치도 제주시 한림읍 한림상로 142-5,마음에온한림,16,연립주택,제주특별자치도개발공사,2019-09-05,복도식,개별난방,전체동 설치,14,B,18.88,9.47,17206000,75990,8000000
행복주택,제주특별자치도,서귀포시,제주특별자치도 서귀포시 서호중앙로 56-13,서귀포혁신도시 LH3단지,200,아파트,LH제주,2019-01-31,,,,0,16,16.9,7.1773,19200000,81600,3000000
행복주택,제주특별자치도,서귀포시,제주특별자치도 서귀포시 서호중앙로 56-13,서귀포혁신도시 LH3단지,200,아파트,LH제주,2019-01-31,,,,0,26,26.78,11.3733,29200000,124100,10000000
행복주택,제주특별자치도,서귀포시,제주특별자치도 서귀포시 서호중앙로 56-13,서귀포혁신도시 LH3단지,200,아파트,LH제주,2019-01-31,,,,0,26,26.79,11.3776,29200000,124100,10000000
행복주택,제주특별자치도,서귀포시,제주특별자치도 서귀포시 서호중앙로 56-13,서귀포혁신도시 LH3단지,200,아파트,LH제주,2019-01-31,,,,0,36,36.65,15.5651,40000000,170000,17000000
행복주택,제주특별자치도,서귀포시,제주특별자치도 서귀포시 서호중앙로 56-13,서귀포혁신도시 LH3단지,200,아파트,LH제주,2019-01-31,,,,0,36,36.92,15.6797,40000000,170000,18000000
행복주택,제주특별자치도,서귀포시,제주특별자치도 서귀포시 장수로 115,서귀포서홍행복주택,90,아파트,LH제주,2020-06-19,,,,0,16,16.64,7.2411,19200000,81600,3000000
행복주택,제주특별자치도,서귀포시,제주특별자치도 서귀포시 장수로 115,서귀포서홍행복주택,90,아파트,LH제주,2020-06-19,,,,0,26,26.52,11.5406,29200000,126550,11000000
행복주택,제주특별자치도,서귀포시,제주특별자치도 서귀포시 장수로 115,서귀포서홍행복주택,90,아파트,LH제주,2020-06-19,,,,0,26,26.68,11.6102,29200000,127340,11000000
행복주택,제주특별자치도,서귀포시,제주특별자치도 서귀포시 장수로 115,서귀포서홍행복주택,90,아파트,LH제주,2020-06-19,,,,0,36,36.72,15.9793,40400000,177210,18000000
행복주택,강원특별자치도,춘천시,강원특별자치도 춘천시 동내면 거두택지길 70,춘천거두2 행복주택,480,아파트,LH강원,2018-02-23,복도식,개별가스난방,,0,16,16.91,10.4397,15576000,73660,10000000
행복주택,강원특별자치도,춘천시,강원특별자치도 춘천시 동내면 거두택지길 70,춘천거두2 행복주택,480,아파트,LH강원,2018-02-23,복도식,개별가스난방,,0,26,26.9,16.6073,23700000,108620,9000000
행복주택,강원특별자치도,춘천시,강원특별자치도 춘천시 동내면 거두택지길 70,춘천거두2 행복주택,480,아파트,LH강원,2018-02-23,복도식,개별가스난방,,0,36,36.91,22.7872,31632000,144980,16000000
행복주택,강원특별자치도,원주시,강원특별자치도 원주시 마재2로 34,남원주역세권A-6블록 행복주택,435,아파트,LH강원,2023-09-01,복도식,개별가스난방,,0,21,21.6,13.7958,21300000,118920,10000000
행복주택,강원특별자치도,원주시,강원특별자치도 원주시 마재2로 34,남원주역세권A-6블록 행복주택,435,아파트,LH강원,2023-09-01,복도식,개별가스난방,,0,26,26.76,16.5192,25992000,145120,14000000
행복주택,강원특별자치도,원주시,강원특별자치도 원주시 마재2로 34,남원주역세권A-6블록 행복주택,435,아파트,LH강원,2023-09-01,복도식,개별가스난방,,0,44,44.47,26.0629,43440000,242540,24000000
행복주택,강원특별자치도,원주시,강원특별자치도 원주시 보수골1길 15,태장7단지,259,아파트,LH강원,2020-12-20,복도식,개별가스난방,,0,21,21.68,10.3123,14500000,76120,3000000
행복주택,강원특별자치도,원주시,강원특별자치도 원주시 보수골1길 15,태장7단지,259,아파트,LH강원,2020-12-20,복도식,개별가스난방,,0,36,36.76,17.4852,23900000,125920,13000000
행복주택,강원특별자치도,원주시,강원특별자치도 원주시 보수골1길 15,태장7단지,259,아파트,LH강원,2020-12-20,복도식,개별가스난방,,0,44,44.8,21.3095,30700000,161170,19000000
행복주택,강원특별자치도,원주시,강원특별자치도 원주시 소일마을2길 60,원주태장8 행복주택,530,아파트,LH강원,2023-09-01,,,,0,21,21.12,12.1518,12132000,66720,1000000
행복주택,강원특별자치도,원주시,강원특별자치도 원주시 소일마을2길 60,원주태장8 행복주택,530,아파트,LH강원,2023-09-01,,,,0,23,23.17,13.3313,13946000,76700,2000000
행복주택,강원특별자치도,원주시,강원특별자치도 원주시 소일마을2길 60,원주태장8 행복주택,530,아파트,LH강원,2023-09-01,,,,0,26,26.38,15.1782,15732000,106600,10000000
행복주택,강원특별자치도,원주시,강원특별자치도 원주시 소일마을2길 60,원주태장8 행복주택,530,아파트,LH강원,2023-09-01,,,,0,36,36.35,20.9147,21090000,115990,9000000
행복주택,강원특별자치도,원주시,강원특별자치도 원주시 소일마을2길 60,원주태장8 행복주택,530,아파트,LH강원,2023-09-01,,,,0,55,55.26,31.7949,31640000,174020,17000000
행복주택,강원특별자치도,원주시,강원특별자치도 원주시 소일마을2길 60,원주태장8 행복주택,530,아파트,LH강원,2023-09-01,,,,0,55,55.52,31.9445,31640000,174020,17000000
행복주택,강원특별자치도,강릉시,강원특별자치도 강릉시 사임당로 188,강릉유천 행복주택,196,아파트,LH강원,2023-08-01,,,,0,16,16.9,8.4741,17064000,91000,5000000
행복주택,강원특별자치도,강릉시,강원특별자치도 강릉시 사임당로 188,강릉유천 행복주택,196,아파트,LH강원,2023-08-01,,,,0,26,26.69,13.3831,27664000,147540,15000000
행복주택,강원특별자치도,강릉시,강원특별자치도 강릉시 사임당로 188,강릉유천 행복주택,196,아파트,LH강원,2023-08-01,,,,0,36,36.65,18.3773,39280000,209490,21000000
행복주택,강원특별자치도,삼척시,강원특별자치도 삼척시 대학로 29,삼척당저 행복주택,127,아파트,LH강원,2023-09-01,,,,0,16,16.97,9.9961,15156000,85880,4000000
행복주택,강원특별자치도,삼척시,강원특별자치도 삼척시 대학로 29,삼척당저 행복주택,127,아파트,LH강원,2023-09-01,,,,0,26,26.97,15.8866,24776000,140390,13000000
행복주택,강원특별자치도,삼척시,강원특별자치도 삼척시 대학로 29,삼척당저 행복주택,127,아파트,LH강원,2023-09-01,,,,0,36,36.82,21.6888,34600000,196060,20000000
행복주택,강원특별자치도,삼척시,강원특별자치도 삼척시 대학로 29,삼척당저 행복주택,127,아파트,LH강원,2023-09-01,,,,0,59,59.75,35.1957,51280000,290580,29000000
행복주택,강원특별자치도,홍천군,강원특별자치도 홍천군 홍천읍 석화로 57,희망에핀아파트,50,아파트,홍천군,2019-12-20,복도식,개별가스난방,전체동 설치,47,16,16.921,24.968,9490000,53000,6000000
행복주택,강원특별자치도,홍천군,강원특별자치도 홍천군 홍천읍 석화로 57,희망에핀아파트,50,아파트,홍천군,2019-12-20,복도식,개별가스난방,전체동 설치,47,45,45.371,63.602,27600000,157000,6000000
행복주택,강원특별자치도,철원군,강원특별자치도 철원군 갈말읍 명성로111번길 18,철원갈말 마을정비형 임대주택,20,아파트,LH강원,2021-12-01,,,,0,16,16.78,8.9638,12100000,67340,1000000
행복주택,강원특별자치도,철원군,강원특별자치도 철원군 갈말읍 명성로111번길 18,철원갈말 마을정비형 임대주택,20,아파트,LH강원,2021-12-01,,,,0,36,36.38,19.4342,26352000,151520,18000000
행복주택,강원특별자치도,철원군,강원특별자치도 철원군 동송읍 이평1로37번길 4-27,철원동송(행복마을권),20,아파트,LH강원,2022-12-01,,,,0,16,16.78,9.5237,13760000,71090,2000000
행복주택,강원특별자치도,철원군,강원특별자치도 철원군 동송읍 이평1로37번길 4-27,철원동송(행복마을권),20,아파트,LH강원,2022-12-01,,,,0,36,36.38,20.648,27800000,151800,16000000
